Date,Product_Category,Payment_Method,Customer_Type,Quantity,Unit_Price,Discount,Gross_Sales,Discount_Amount,Net_Sales
2025-01-01 00:00:00,Home & Kitchen,Credit Card,Regular,5,2365.44,0.24,11827.2,2838.5280000000002,8988.672
2025-01-01 06:00:00,Beauty,Debit Card,Regular,5,2467.69,0.06,12338.45,740.307,11598.143
2025-01-01 12:00:00,Clothing,Cash,Regular,7,160.03,0.2,1120.21,224.04200000000003,896.168
2025-01-01 18:00:00,Beauty,Credit Card,Regular,1,418.35,0.06,418.35,25.101,393.249
2025-01-02 00:00:00,Beauty,Credit Card,New,2,1087.63,0.17,2175.26,369.79420000000005,1805.4658000000002
2025-01-02 06:00:00,Groceries,Debit Card,Regular,5,506.52,0.2,2532.6,506.52,2026.08
2025-01-02 12:00:00,Clothing,UPI,Regular,3,941.51,0.3,2824.5299999999997,847.3589999999999,1977.1709999999998
2025-01-02 18:00:00,Clothing,Cash,Regular,2,366.29,0.01,732.58,7.325800000000001,725.2542000000001
2025-01-03 00:00:00,Clothing,Cash,Regular,1,1168.45,0.03,1168.45,35.0535,1133.3965
2025-01-03 06:00:00,Beauty,UPI,New,4,715.65,0.02,2862.6,57.252,2805.348
2025-01-03 12:00:00,Home & Kitchen,UPI,Regular,6,912.17,0.12,5473.0199999999995,656.7624,4816.2576
2025-01-03 18:00:00,Clothing,UPI,Regular,5,281.07,0.25,1405.35,351.3375,1054.0124999999998
2025-01-04 00:00:00,Beauty,Debit Card,Regular,3,1098.91,0.25,3296.7300000000005,824.1825000000001,2472.5475000000006
2025-01-04 06:00:00,Groceries,Debit Card,Regular,1,2458.98,0.22,2458.98,540.9756,1918.0044
2025-01-04 12:00:00,Home & Kitchen,Cash,Regular,2,855.64,0.27,1711.28,462.04560000000004,1249.2343999999998
2025-01-04 18:00:00,Groceries,Debit Card,New,6,2197.25,0.1,13183.5,1318.3500000000001,11865.15
2025-01-05 00:00:00,Home & Kitchen,Credit Card,New,6,2115.84,0.03,12695.04,380.8512,12314.188800000002
2025-01-05 06:00:00,Beauty,Cash,New,5,2382.54,0.02,11912.7,238.25400000000002,11674.446
2025-01-05 12:00:00,Electronics,Debit Card,New,1,1985.77,0.26,1985.77,516.3002,1469.4697999999999
2025-01-05 18:00:00,Home & Kitchen,UPI,New,1,1666.01,0.22,1666.01,366.5222,1299.4877999999999
2025-01-06 00:00:00,Groceries,Credit Card,Regular,3,2148.63,0.21,6445.89,1353.6369,5092.2531
2025-01-06 06:00:00,Beauty,UPI,New,4,235.33,0.1,941.32,94.132,847.1880000000001
2025-01-06 12:00:00,Home & Kitchen,Cash,New,4,1183.94,0.11,4735.76,520.9336000000001,4214.8264
2025-01-06 18:00:00,Electronics,UPI,New,7,2473.68,0.29,17315.76,5021.5704,12294.189599999998
2025-01-07 00:00:00,Electronics,Debit Card,Regular,4,1935.52,0.02,7742.08,154.8416,7587.2384
2025-01-07 06:00:00,Clothing,Debit Card,Regular,7,2407.08,0.23,16849.559999999998,3875.3987999999995,12974.161199999999
2025-01-07 12:00:00,Clothing,Cash,New,6,1960.1,0.09,11760.599999999999,1058.4539999999997,10702.145999999999
2025-01-07 18:00:00,Groceries,UPI,New,6,2193.46,0.01,13160.76,131.6076,13029.1524
2025-01-08 00:00:00,Home & Kitchen,Cash,New,2,1781.0,0.22,3562.0,783.64,2778.36
2025-01-08 06:00:00,Home & Kitchen,UPI,Regular,6,1913.23,0.1,11479.380000000001,1147.938,10331.442000000001
2025-01-08 12:00:00,Clothing,Credit Card,Regular,6,1331.79,0.22,7990.74,1757.9628,6232.7771999999995
2025-01-08 18:00:00,Home & Kitchen,Debit Card,Regular,1,2314.38,0.21,2314.38,486.01980000000003,1828.3602
2025-01-09 00:00:00,Home & Kitchen,Cash,New,2,2071.35,0.16,4142.7,662.832,3479.868
2025-01-09 06:00:00,Electronics,Credit Card,Regular,1,2117.52,0.23,2117.52,487.0296,1630.4904
2025-01-09 12:00:00,Clothing,Credit Card,Regular,3,1698.87,0.17,5096.61,866.4237,4230.186299999999
2025-01-09 18:00:00,Beauty,Cash,New,7,796.22,0.09,5573.54,501.61859999999996,5071.9214
2025-01-10 00:00:00,Clothing,Cash,Regular,7,137.29,0.22,961.03,211.4266,749.6034
2025-01-10 06:00:00,Beauty,Credit Card,New,3,2342.36,0.18,7027.08,1264.8744,5762.2056
2025-01-10 12:00:00,Electronics,UPI,Regular,7,1485.99,0.0,10401.93,0.0,10401.93
2025-01-10 18:00:00,Groceries,Credit Card,New,2,780.45,0.27,1560.9,421.44300000000004,1139.457
2025-01-11 00:00:00,Home & Kitchen,Cash,Regular,2,415.38,0.16,830.76,132.9216,697.8384
2025-01-11 06:00:00,Electronics,Credit Card,New,6,2082.33,0.26,12493.98,3248.4348,9245.5452
2025-01-11 12:00:00,Home & Kitchen,UPI,New,7,2099.47,0.26,14696.289999999999,3821.0353999999998,10875.2546
2025-01-11 18:00:00,Groceries,Debit Card,Regular,3,2045.54,0.13,6136.62,797.7606000000001,5338.859399999999
2025-01-12 00:00:00,Groceries,Debit Card,Regular,5,1630.45,0.15,8152.25,1222.8374999999999,6929.4125
2025-01-12 06:00:00,Electronics,Credit Card,Regular,4,946.74,0.12,3786.96,454.4352,3332.5248
2025-01-12 12:00:00,Groceries,UPI,New,6,794.97,0.13,4769.82,620.0766,4149.743399999999
2025-01-12 18:00:00,Beauty,Debit Card,New,4,70.96,0.27,283.84,76.6368,207.20319999999998
2025-01-13 00:00:00,Groceries,Credit Card,Regular,3,2092.34,0.24,6277.02,1506.4848,4770.5352
2025-01-13 06:00:00,Home & Kitchen,Credit Card,Regular,7,264.21,0.04,1849.4699999999998,73.97879999999999,1775.4911999999997
2025-01-13 12:00:00,Home & Kitchen,UPI,Regular,7,1595.35,0.18,11167.449999999999,2010.1409999999996,9157.309
2025-01-13 18:00:00,Home & Kitchen,Cash,New,4,1284.98,0.3,5139.92,1541.9759999999999,3597.9440000000004
2025-01-14 00:00:00,Home & Kitchen,Credit Card,New,5,1340.39,0.18,6701.950000000001,1206.351,5495.599
2025-01-14 06:00:00,Beauty,Cash,Regular,7,2320.45,0.24,16243.149999999998,3898.3559999999993,12344.793999999998
2025-01-14 12:00:00,Clothing,Cash,Regular,5,127.46,0.23,637.3,146.579,490.72099999999995
2025-01-14 18:00:00,Electronics,Debit Card,Regular,1,1944.81,0.11,1944.81,213.9291,1730.8808999999999
2025-01-15 00:00:00,Home & Kitchen,Cash,Regular,2,177.53,0.11,355.06,39.0566,316.0034
2025-01-15 06:00:00,Groceries,UPI,Regular,4,143.48,0.22,573.92,126.26239999999999,447.6576
2025-01-15 12:00:00,Home & Kitchen,Debit Card,Regular,7,1103.05,0.15,7721.349999999999,1158.2024999999999,6563.147499999999
2025-01-15 18:00:00,Groceries,Debit Card,Regular,5,204.53,0.17,1022.65,173.8505,848.7995
2025-01-16 00:00:00,Groceries,Debit Card,Regular,7,1983.4,0.21,13883.800000000001,2915.598,10968.202000000001
2025-01-16 06:00:00,Home & Kitchen,Credit Card,Regular,2,1347.43,0.23,2694.86,619.8178,2075.0422
2025-01-16 12:00:00,Beauty,Credit Card,Regular,2,121.15,0.08,242.3,19.384,222.916
2025-01-16 18:00:00,Groceries,Cash,Regular,1,149.23,0.04,149.23,5.9692,143.2608
2025-01-17 00:00:00,Groceries,Debit Card,New,2,1551.04,0.09,3102.08,279.18719999999996,2822.8928
2025-01-17 06:00:00,Home & Kitchen,Debit Card,New,2,2024.97,0.15,4049.94,607.491,3442.449
2025-01-17 12:00:00,Groceries,UPI,Regular,6,1122.61,0.1,6735.66,673.566,6062.094
2025-01-17 18:00:00,Groceries,Cash,Regular,3,1408.72,0.17,4226.16,718.4472000000001,3507.7128
2025-01-18 00:00:00,Home & Kitchen,UPI,New,7,2009.58,0.02,14067.06,281.3412,13785.718799999999
2025-01-18 06:00:00,Home & Kitchen,Cash,New,1,1545.74,0.15,1545.74,231.861,1313.879
2025-01-18 12:00:00,Electronics,Cash,Regular,1,600.66,0.11,600.66,66.0726,534.5874
2025-01-18 18:00:00,Beauty,Credit Card,Regular,4,1551.98,0.16,6207.92,993.2672,5214.6528
2025-01-19 00:00:00,Beauty,Credit Card,Regular,2,1589.28,0.13,3178.56,413.2128,2765.3472
2025-01-19 06:00:00,Groceries,UPI,Regular,4,1848.56,0.09,7394.24,665.4816,6728.7584
2025-01-19 12:00:00,Beauty,Cash,Regular,6,1571.14,0.27,9426.84,2545.2468000000003,6881.593199999999
2025-01-19 18:00:00,Groceries,Debit Card,Regular,5,2424.64,0.06,12123.199999999999,727.3919999999999,11395.807999999999
2025-01-20 00:00:00,Electronics,Credit Card,New,2,533.36,0.2,1066.72,213.34400000000002,853.376
2025-01-20 06:00:00,Home & Kitchen,Debit Card,Regular,5,2380.17,0.28,11900.85,3332.2380000000003,8568.612000000001
2025-01-20 12:00:00,Home & Kitchen,UPI,Regular,3,1368.93,0.16,4106.79,657.0864,3449.7036
2025-01-20 18:00:00,Home & Kitchen,Credit Card,Regular,6,1696.29,0.26,10177.74,2646.2124,7531.527599999999
2025-01-21 00:00:00,Beauty,Credit Card,Regular,2,293.68,0.04,587.36,23.494400000000002,563.8656
2025-01-21 06:00:00,Electronics,Cash,Regular,4,982.41,0.15,3929.64,589.4459999999999,3340.194
2025-01-21 12:00:00,Beauty,UPI,Regular,4,1934.98,0.14,7739.92,1083.5888000000002,6656.3312
2025-01-21 18:00:00,Beauty,Cash,New,2,1781.93,0.0,3563.86,0.0,3563.86
2025-01-22 00:00:00,Electronics,Credit Card,Regular,7,148.34,0.13,1038.38,134.98940000000002,903.3906000000001
2025-01-22 06:00:00,Electronics,UPI,New,4,1389.16,0.11,5556.64,611.2304,4945.4096
2025-01-22 12:00:00,Electronics,Credit Card,New,7,266.28,0.2,1863.9599999999998,372.792,1491.168
2025-01-22 18:00:00,Electronics,UPI,Regular,2,2489.85,0.28,4979.7,1394.316,3585.384
2025-01-23 00:00:00,Home & Kitchen,Credit Card,Regular,1,2248.38,0.03,2248.38,67.4514,2180.9286
2025-01-23 06:00:00,Clothing,Debit Card,Regular,4,101.65,0.1,406.6,40.660000000000004,365.94
2025-01-23 12:00:00,Clothing,Debit Card,New,7,2153.69,0.13,15075.83,1959.8579,13115.972099999999
2025-01-23 18:00:00,Electronics,Cash,New,2,2302.6,0.14,4605.2,644.7280000000001,3960.4719999999998
2025-01-24 00:00:00,Clothing,Debit Card,New,2,916.19,0.23,1832.38,421.4474,1410.9326
2025-01-24 06:00:00,Clothing,Credit Card,Regular,7,1812.78,0.13,12689.46,1649.6298,11039.830199999999
2025-01-24 12:00:00,Electronics,Credit Card,New,4,1133.15,0.01,4532.6,45.32600000000001,4487.274
2025-01-24 18:00:00,Clothing,Debit Card,Regular,1,1655.32,0.21,1655.32,347.61719999999997,1307.7028
2025-01-25 00:00:00,Beauty,Cash,Regular,4,883.78,0.27,3535.12,954.4824,2580.6376
2025-01-25 06:00:00,Groceries,Debit Card,Regular,2,840.27,0.15,1680.54,252.081,1428.459
2025-01-25 12:00:00,Groceries,UPI,Regular,1,1089.86,0.17,1089.86,185.2762,904.5837999999999
2025-01-25 18:00:00,Electronics,UPI,New,5,406.64,0.05,2033.1999999999998,101.66,1931.5399999999997
2025-01-26 00:00:00,Home & Kitchen,UPI,Regular,3,2086.29,0.07,6258.87,438.1209,5820.7491
2025-01-26 06:00:00,Electronics,Debit Card,Regular,4,904.31,0.07,3617.24,253.20680000000002,3364.0332
2025-01-26 12:00:00,Home & Kitchen,Debit Card,Regular,6,1030.37,0.13,6182.219999999999,803.6886,5378.5314
2025-01-26 18:00:00,Groceries,Debit Card,New,2,2240.43,0.28,4480.86,1254.6408000000001,3226.2191999999995
2025-01-27 00:00:00,Electronics,UPI,New,1,1266.73,0.16,1266.73,202.67680000000001,1064.0532
2025-01-27 06:00:00,Beauty,Cash,Regular,7,1383.42,0.06,9683.94,581.0364,9102.903600000001
2025-01-27 12:00:00,Clothing,Credit Card,Regular,7,2393.42,0.08,16753.940000000002,1340.3152000000002,15413.624800000001
2025-01-27 18:00:00,Home & Kitchen,Debit Card,Regular,7,2222.48,0.12,15557.36,1866.8832,13690.4768
2025-01-28 00:00:00,Clothing,Cash,New,1,465.19,0.19,465.19,88.3861,376.8039
2025-01-28 06:00:00,Clothing,Credit Card,Regular,5,1209.38,0.13,6046.900000000001,786.0970000000001,5260.803000000001
2025-01-28 12:00:00,Electronics,Credit Card,Regular,4,2429.68,0.12,9718.72,1166.2463999999998,8552.4736
2025-01-28 18:00:00,Clothing,Credit Card,Regular,6,962.3,0.17,5773.799999999999,981.5459999999999,4792.253999999999
2025-01-29 00:00:00,Beauty,Cash,Regular,7,960.35,0.07,6722.45,470.5715,6251.8785
2025-01-29 06:00:00,Clothing,Cash,New,1,527.82,0.02,527.82,10.556400000000002,517.2636
2025-01-29 12:00:00,Electronics,UPI,Regular,7,330.09,0.01,2310.6299999999997,23.106299999999997,2287.5236999999997
2025-01-29 18:00:00,Beauty,Cash,Regular,5,1863.75,0.08,9318.75,745.5,8573.25
2025-01-30 00:00:00,Groceries,Cash,Regular,2,1936.57,0.03,3873.14,116.1942,3756.9458
2025-01-30 06:00:00,Clothing,Cash,Regular,7,2424.08,0.1,16968.559999999998,1696.8559999999998,15271.703999999998
2025-01-30 12:00:00,Electronics,Credit Card,New,5,1944.87,0.23,9724.349999999999,2236.6004999999996,7487.749499999999
2025-01-30 18:00:00,Groceries,Debit Card,Regular,4,646.21,0.21,2584.84,542.8164,2042.0236
2025-01-31 00:00:00,Groceries,UPI,New,7,148.29,0.18,1038.03,186.84539999999998,851.1846
2025-01-31 06:00:00,Home & Kitchen,Debit Card,New,5,2464.32,0.26,12321.6,3203.616,9117.984
2025-01-31 12:00:00,Beauty,Debit Card,Regular,1,884.1,0.08,884.1,70.72800000000001,813.3720000000001
2025-01-31 18:00:00,Clothing,Cash,Regular,1,814.33,0.27,814.33,219.86910000000003,594.4609
2025-02-01 00:00:00,Electronics,UPI,Regular,3,2269.59,0.12,6808.77,817.0524,5991.7176
2025-02-01 06:00:00,Home & Kitchen,Debit Card,New,5,1483.49,0.12,7417.45,890.0939999999999,6527.356
2025-02-01 12:00:00,Beauty,Debit Card,Regular,2,576.43,0.12,1152.86,138.3432,1014.5167999999999
2025-02-01 18:00:00,Home & Kitchen,UPI,Regular,7,2228.29,0.03,15598.029999999999,467.94089999999994,15130.0891
2025-02-02 00:00:00,Beauty,Cash,Regular,6,2483.73,0.29,14902.380000000001,4321.6902,10580.6898
2025-02-02 06:00:00,Beauty,Debit Card,New,6,262.36,0.04,1574.16,62.96640000000001,1511.1936
2025-02-02 12:00:00,Clothing,Credit Card,Regular,4,2162.52,0.1,8650.08,865.008,7785.072
2025-02-02 18:00:00,Beauty,Debit Card,Regular,3,1006.76,0.1,3020.2799999999997,302.02799999999996,2718.252
2025-02-03 00:00:00,Home & Kitchen,Credit Card,Regular,5,1333.98,0.02,6669.9,133.398,6536.5019999999995
2025-02-03 06:00:00,Beauty,Cash,Regular,2,2291.3,0.05,4582.6,229.13000000000002,4353.47
2025-02-03 12:00:00,Clothing,Debit Card,New,3,2434.78,0.01,7304.34,73.0434,7231.296600000001
2025-02-03 18:00:00,Clothing,UPI,Regular,1,692.3,0.09,692.3,62.306999999999995,629.9929999999999
2025-02-04 00:00:00,Home & Kitchen,UPI,New,4,571.48,0.26,2285.92,594.3392,1691.5808000000002
2025-02-04 06:00:00,Groceries,Debit Card,New,7,247.27,0.1,1730.89,173.08900000000003,1557.8010000000002
2025-02-04 12:00:00,Groceries,Cash,Regular,7,1426.4,0.04,9984.800000000001,399.39200000000005,9585.408000000001
2025-02-04 18:00:00,Beauty,Cash,New,7,83.33,0.19,583.31,110.82889999999999,472.48109999999997
2025-02-05 00:00:00,Electronics,UPI,Regular,5,1059.15,0.3,5295.75,1588.725,3707.025
2025-02-05 06:00:00,Beauty,Debit Card,Regular,6,229.79,0.07,1378.74,96.51180000000001,1282.2282
2025-02-05 12:00:00,Home & Kitchen,Cash,New,2,1042.8,0.08,2085.6,166.84799999999998,1918.752
2025-02-05 18:00:00,Home & Kitchen,UPI,Regular,7,147.83,0.29,1034.8100000000002,300.09490000000005,734.7151000000001
2025-02-06 00:00:00,Home & Kitchen,Credit Card,Regular,7,2096.28,0.05,14673.960000000001,733.6980000000001,13940.262
2025-02-06 06:00:00,Home & Kitchen,Debit Card,Regular,1,563.86,0.15,563.86,84.579,479.281
2025-02-06 12:00:00,Home & Kitchen,Credit Card,New,3,854.36,0.07,2563.08,179.4156,2383.6644
2025-02-06 18:00:00,Clothing,Credit Card,Regular,7,2181.62,0.28,15271.34,4275.975200000001,10995.3648
2025-02-07 00:00:00,Groceries,Cash,Regular,4,1878.35,0.29,7513.4,2178.886,5334.513999999999
2025-02-07 06:00:00,Home & Kitchen,Cash,Regular,3,586.64,0.24,1759.92,422.3808,1337.5392000000002
2025-02-07 12:00:00,Electronics,Cash,New,6,226.15,0.09,1356.9,122.12100000000001,1234.779
2025-02-07 18:00:00,Electronics,Debit Card,New,3,1803.4,0.12,5410.200000000001,649.224,4760.976000000001
2025-02-08 00:00:00,Electronics,Credit Card,Regular,2,1007.22,0.07,2014.44,141.01080000000002,1873.4292
2025-02-08 06:00:00,Electronics,Debit Card,New,1,1926.9,0.27,1926.9,520.263,1406.6370000000002
2025-02-08 12:00:00,Clothing,Cash,Regular,5,1140.97,0.27,5704.85,1540.3095000000003,4164.5405
2025-02-08 18:00:00,Electronics,Credit Card,Regular,2,897.71,0.13,1795.42,233.40460000000002,1562.0154
2025-02-09 00:00:00,Home & Kitchen,Debit Card,New,6,1155.45,0.2,6932.700000000001,1386.5400000000002,5546.160000000001
2025-02-09 06:00:00,Beauty,Debit Card,New,4,1883.97,0.05,7535.88,376.79400000000004,7159.086
2025-02-09 12:00:00,Electronics,UPI,New,6,2260.44,0.13,13562.64,1763.1432,11799.496799999999
2025-02-09 18:00:00,Clothing,Debit Card,New,6,171.93,0.19,1031.58,196.00019999999998,835.5798
2025-02-10 00:00:00,Clothing,Cash,Regular,3,1334.07,0.12,4002.21,480.2652,3521.9448
2025-02-10 06:00:00,Electronics,Debit Card,New,4,130.45,0.11,521.8,57.397999999999996,464.40199999999993
2025-02-10 12:00:00,Beauty,Credit Card,Regular,2,1197.6,0.0,2395.2,0.0,2395.2
2025-02-10 18:00:00,Electronics,Debit Card,Regular,6,2218.94,0.24,13313.64,3195.2735999999995,10118.366399999999
2025-02-11 00:00:00,Clothing,UPI,Regular,2,935.9,0.27,1871.8,505.386,1366.414
2025-02-11 06:00:00,Groceries,Credit Card,Regular,7,2334.5,0.29,16341.5,4739.035,11602.465
2025-02-11 12:00:00,Home & Kitchen,Credit Card,Regular,7,1594.99,0.22,11164.93,2456.2846,8708.645400000001
2025-02-11 18:00:00,Clothing,UPI,Regular,7,2338.68,0.16,16370.759999999998,2619.3215999999998,13751.4384
2025-02-12 00:00:00,Electronics,Cash,Regular,5,1905.06,0.08,9525.3,762.024,8763.276
2025-02-12 06:00:00,Home & Kitchen,Credit Card,Regular,3,303.42,0.3,910.26,273.078,637.182
2025-02-12 12:00:00,Electronics,Cash,Regular,2,616.32,0.18,1232.64,221.8752,1010.7648000000002
2025-02-12 18:00:00,Electronics,Credit Card,Regular,7,1015.72,0.2,7110.04,1422.008,5688.032
2025-02-13 00:00:00,Groceries,Credit Card,Regular,7,466.76,0.2,3267.3199999999997,653.4639999999999,2613.8559999999998
2025-02-13 06:00:00,Home & Kitchen,Cash,New,4,1262.53,0.25,5050.12,1262.53,3787.59
2025-02-13 12:00:00,Home & Kitchen,Credit Card,New,6,1204.85,0.0,7229.099999999999,0.0,7229.099999999999
2025-02-13 18:00:00,Groceries,Cash,New,7,2392.84,0.07,16749.88,1172.4916000000003,15577.3884
2025-02-14 00:00:00,Clothing,UPI,Regular,5,1112.63,0.2,5563.150000000001,1112.63,4450.52
2025-02-14 06:00:00,Electronics,Cash,New,4,1974.79,0.27,7899.16,2132.7732,5766.3868
2025-02-14 12:00:00,Beauty,UPI,Regular,3,2357.68,0.21,7073.039999999999,1485.3383999999996,5587.701599999999
2025-02-14 18:00:00,Electronics,Credit Card,Regular,5,2198.62,0.12,10993.099999999999,1319.1719999999998,9673.927999999998
2025-02-15 00:00:00,Electronics,Cash,Regular,5,561.24,0.11,2806.2,308.68199999999996,2497.518
2025-02-15 06:00:00,Clothing,Credit Card,New,5,1265.27,0.22,6326.35,1391.797,4934.553
2025-02-15 12:00:00,Electronics,Cash,Regular,6,901.96,0.22,5411.76,1190.5872000000002,4221.1728
2025-02-15 18:00:00,Groceries,UPI,Regular,7,1029.65,0.18,7207.550000000001,1297.3590000000002,5910.191000000001
2025-02-16 00:00:00,Groceries,UPI,Regular,1,933.98,0.09,933.98,84.0582,849.9218000000001
2025-02-16 06:00:00,Home & Kitchen,Cash,New,5,2074.58,0.28,10372.9,2904.4120000000003,7468.487999999999
2025-02-16 12:00:00,Beauty,UPI,Regular,4,1157.74,0.17,4630.96,787.2632000000001,3843.6967999999997
2025-02-16 18:00:00,Electronics,Credit Card,Regular,4,1333.05,0.24,5332.2,1279.7279999999998,4052.4719999999998
2025-02-17 00:00:00,Electronics,Credit Card,Regular,3,2457.0,0.06,7371.0,442.26,6928.74
2025-02-17 06:00:00,Clothing,Debit Card,Regular,2,196.95,0.1,393.9,39.39,354.51
2025-02-17 12:00:00,Groceries,UPI,New,2,1245.5,0.26,2491.0,647.66,1843.3400000000001
2025-02-17 18:00:00,Beauty,Credit Card,Regular,1,1946.45,0.02,1946.45,38.929,1907.521
2025-02-18 00:00:00,Home & Kitchen,Cash,New,6,420.35,0.15,2522.1000000000004,378.31500000000005,2143.7850000000003
2025-02-18 06:00:00,Groceries,UPI,Regular,7,1548.25,0.14,10837.75,1517.285,9320.465
2025-02-18 12:00:00,Home & Kitchen,Credit Card,New,6,636.69,0.23,3820.1400000000003,878.6322000000001,2941.5078000000003
2025-02-18 18:00:00,Clothing,UPI,Regular,7,2175.14,0.08,15225.98,1218.0784,14007.9016
2025-02-19 00:00:00,Clothing,Cash,Regular,5,851.39,0.07,4256.95,297.98650000000004,3958.9635
2025-02-19 06:00:00,Electronics,Credit Card,Regular,7,856.2,0.28,5993.400000000001,1678.1520000000003,4315.2480000000005
2025-02-19 12:00:00,Beauty,Debit Card,Regular,1,1515.58,0.17,1515.58,257.6486,1257.9314
2025-02-19 18:00:00,Home & Kitchen,Debit Card,Regular,3,499.73,0.03,1499.19,44.9757,1454.2143
2025-02-20 00:00:00,Groceries,UPI,New,3,747.98,0.06,2243.94,134.6364,2109.3036
2025-02-20 06:00:00,Clothing,Cash,Regular,2,1070.75,0.3,2141.5,642.4499999999999,1499.0500000000002
2025-02-20 12:00:00,Electronics,Credit Card,New,3,916.41,0.06,2749.23,164.9538,2584.2762000000002
2025-02-20 18:00:00,Electronics,Cash,New,5,1335.95,0.18,6679.75,1202.355,5477.395
2025-02-21 00:00:00,Home & Kitchen,Credit Card,Regular,4,1519.12,0.13,6076.48,789.9424,5286.5376
2025-02-21 06:00:00,Clothing,UPI,New,3,1438.34,0.27,4315.0199999999995,1165.0554,3149.9645999999993
2025-02-21 12:00:00,Beauty,Credit Card,New,1,1652.71,0.23,1652.71,380.12330000000003,1272.5867
2025-02-21 18:00:00,Clothing,Cash,Regular,5,803.99,0.18,4019.95,723.5909999999999,3296.359
2025-02-22 00:00:00,Home & Kitchen,Cash,New,3,359.74,0.0,1079.22,0.0,1079.22
2025-02-22 06:00:00,Home & Kitchen,UPI,Regular,6,1913.98,0.26,11483.880000000001,2985.8088000000002,8498.0712
2025-02-22 12:00:00,Clothing,Cash,Regular,7,2134.41,0.13,14940.869999999999,1942.3130999999998,12998.5569
2025-02-22 18:00:00,Home & Kitchen,Credit Card,New,3,679.67,0.28,2039.0099999999998,570.9227999999999,1468.0872
2025-02-23 00:00:00,Clothing,UPI,Regular,6,1047.38,0.15,6284.280000000001,942.642,5341.638000000001
2025-02-23 06:00:00,Groceries,Credit Card,Regular,5,1271.49,0.21,6357.45,1335.0645,5022.3855
2025-02-23 12:00:00,Clothing,Cash,Regular,3,1356.65,0.02,4069.9500000000003,81.399,3988.5510000000004
2025-02-23 18:00:00,Clothing,UPI,New,6,1665.75,0.22,9994.5,2198.79,7795.71
2025-02-24 00:00:00,Home & Kitchen,Credit Card,New,4,151.93,0.1,607.72,60.772000000000006,546.948
2025-02-24 06:00:00,Home & Kitchen,Cash,Regular,2,1817.62,0.11,3635.24,399.8764,3235.3635999999997
2025-02-24 12:00:00,Electronics,Cash,New,5,201.83,0.04,1009.1500000000001,40.36600000000001,968.7840000000001
2025-02-24 18:00:00,Electronics,Debit Card,New,6,1197.31,0.04,7183.86,287.3544,6896.5055999999995
2025-02-25 00:00:00,Groceries,Cash,Regular,1,2077.79,0.06,2077.79,124.66739999999999,1953.1226
2025-02-25 06:00:00,Electronics,Credit Card,Regular,3,1155.48,0.1,3466.44,346.644,3119.7960000000003
2025-02-25 12:00:00,Clothing,UPI,New,6,415.27,0.27,2491.62,672.7374,1818.8826
2025-02-25 18:00:00,Home & Kitchen,Debit Card,New,7,2463.33,0.11,17243.309999999998,1896.7640999999996,15346.545899999997
2025-02-26 00:00:00,Electronics,Cash,New,6,2228.75,0.22,13372.5,2941.95,10430.55
2025-02-26 06:00:00,Electronics,Cash,Regular,6,1939.72,0.02,11638.32,232.7664,11405.5536
2025-02-26 12:00:00,Groceries,Cash,Regular,7,1058.2,0.18,7407.400000000001,1333.332,6074.068
2025-02-26 18:00:00,Groceries,Credit Card,Regular,2,500.42,0.14,1000.84,140.1176,860.7224
2025-02-27 00:00:00,Clothing,Debit Card,Regular,7,2356.46,0.29,16495.22,4783.6138,11711.606200000002
2025-02-27 06:00:00,Home & Kitchen,Credit Card,Regular,7,1354.26,0.25,9479.82,2369.955,7109.865
2025-02-27 12:00:00,Groceries,Debit Card,New,1,2138.27,0.14,2138.27,299.35780000000005,1838.9122
2025-02-27 18:00:00,Electronics,UPI,Regular,7,888.13,0.23,6216.91,1429.8893,4787.0207
2025-02-28 00:00:00,Home & Kitchen,Credit Card,New,1,871.46,0.06,871.46,52.2876,819.1724
2025-02-28 06:00:00,Home & Kitchen,Credit Card,Regular,4,2464.57,0.17,9858.28,1675.9076000000002,8182.3724
2025-02-28 12:00:00,Electronics,UPI,Regular,7,1328.49,0.02,9299.43,185.98860000000002,9113.4414
2025-02-28 18:00:00,Groceries,Debit Card,Regular,2,394.7,0.1,789.4,78.94,710.46
2025-03-01 00:00:00,Electronics,Cash,Regular,7,588.2,0.07,4117.400000000001,288.2180000000001,3829.1820000000007
2025-03-01 06:00:00,Home & Kitchen,UPI,Regular,6,1230.76,0.22,7384.5599999999995,1624.6031999999998,5759.9568
2025-03-01 12:00:00,Beauty,Cash,New,5,154.05,0.15,770.25,115.5375,654.7125
2025-03-01 18:00:00,Beauty,Cash,New,2,1183.21,0.23,2366.42,544.2766,1822.1434
2025-03-02 00:00:00,Clothing,UPI,Regular,7,1076.41,0.15,7534.870000000001,1130.2305000000001,6404.639500000001
2025-03-02 06:00:00,Electronics,Debit Card,Regular,2,1959.37,0.03,3918.74,117.56219999999999,3801.1778
2025-03-02 12:00:00,Electronics,Cash,New,1,919.61,0.22,919.61,202.3142,717.2958
2025-03-02 18:00:00,Clothing,UPI,Regular,4,2457.24,0.25,9828.96,2457.24,7371.719999999999
2025-03-03 00:00:00,Clothing,Credit Card,Regular,4,492.89,0.27,1971.56,532.3212,1439.2388
2025-03-03 06:00:00,Clothing,Credit Card,Regular,2,1497.92,0.17,2995.84,509.29280000000006,2486.5472
2025-03-03 12:00:00,Home & Kitchen,Credit Card,New,2,269.76,0.23,539.52,124.0896,415.43039999999996
2025-03-03 18:00:00,Electronics,UPI,Regular,7,1847.97,0.23,12935.79,2975.2317000000003,9960.5583
2025-03-04 00:00:00,Home & Kitchen,Credit Card,Regular,3,2487.15,0.05,7461.450000000001,373.07250000000005,7088.3775000000005
2025-03-04 06:00:00,Clothing,Cash,New,6,2056.89,0.05,12341.34,617.067,11724.273000000001
2025-03-04 12:00:00,Electronics,Credit Card,Regular,1,1411.47,0.02,1411.47,28.229400000000002,1383.2406
2025-03-04 18:00:00,Home & Kitchen,Credit Card,Regular,6,1237.62,0.1,7425.719999999999,742.572,6683.147999999999
2025-03-05 00:00:00,Home & Kitchen,Cash,Regular,5,2095.82,0.14,10479.1,1467.0740000000003,9012.026
2025-03-05 06:00:00,Clothing,Credit Card,New,5,2343.14,0.3,11715.699999999999,3514.7099999999996,8200.99
2025-03-05 12:00:00,Electronics,Cash,Regular,4,2473.56,0.13,9894.24,1286.2512,8607.9888
2025-03-05 18:00:00,Clothing,Credit Card,New,1,1021.52,0.22,1021.52,224.7344,796.7855999999999
2025-03-06 00:00:00,Electronics,Cash,New,6,2477.75,0.21,14866.5,3121.9649999999997,11744.535
2025-03-06 06:00:00,Beauty,Credit Card,Regular,4,432.02,0.06,1728.08,103.6848,1624.3952
2025-03-06 12:00:00,Groceries,Cash,New,5,671.2,0.02,3356.0,67.12,3288.88
2025-03-06 18:00:00,Groceries,UPI,Regular,2,268.09,0.16,536.18,85.7888,450.39119999999997
2025-03-07 00:00:00,Groceries,Cash,Regular,1,715.76,0.21,715.76,150.3096,565.4504
2025-03-07 06:00:00,Clothing,Credit Card,Regular,1,1931.45,0.3,1931.45,579.435,1352.015
2025-03-07 12:00:00,Beauty,Credit Card,Regular,6,2139.66,0.11,12837.96,1412.1755999999998,11425.784399999999
2025-03-07 18:00:00,Electronics,Debit Card,Regular,7,1958.29,0.27,13708.029999999999,3701.1681,10006.8619
2025-03-08 00:00:00,Home & Kitchen,Cash,Regular,3,1596.11,0.11,4788.33,526.7163,4261.6137
2025-03-08 06:00:00,Electronics,UPI,Regular,6,1309.22,0.21,7855.32,1649.6172,6205.7028
2025-03-08 12:00:00,Home & Kitchen,Cash,New,2,1786.33,0.18,3572.66,643.0788,2929.5811999999996
2025-03-08 18:00:00,Electronics,Cash,Regular,7,1007.54,0.02,7052.78,141.0556,6911.7244
2025-03-09 00:00:00,Beauty,UPI,New,7,2111.21,0.02,14778.470000000001,295.56940000000003,14482.9006
2025-03-09 06:00:00,Home & Kitchen,Cash,Regular,7,1709.12,0.01,11963.84,119.6384,11844.2016
2025-03-09 12:00:00,Clothing,UPI,Regular,2,1759.62,0.11,3519.24,387.1164,3132.1236
2025-03-09 18:00:00,Electronics,UPI,Regular,4,1363.04,0.22,5452.16,1199.4752,4252.6848
2025-03-10 00:00:00,Electronics,Cash,Regular,1,2218.81,0.05,2218.81,110.9405,2107.8695
2025-03-10 06:00:00,Home & Kitchen,Cash,Regular,4,667.44,0.18,2669.76,480.5568,2189.2032000000004
2025-03-10 12:00:00,Clothing,Credit Card,New,2,983.81,0.09,1967.62,177.08579999999998,1790.5341999999998
2025-03-10 18:00:00,Clothing,Credit Card,New,3,1955.22,0.24,5865.66,1407.7584,4457.9016
2025-03-11 00:00:00,Beauty,Debit Card,New,1,1257.23,0.24,1257.23,301.7352,955.4947999999999
2025-03-11 06:00:00,Clothing,Debit Card,Regular,2,2228.57,0.23,4457.14,1025.1422000000002,3431.9978
2025-03-11 12:00:00,Clothing,Cash,New,3,898.68,0.16,2696.04,431.3664,2264.6736
2025-03-11 18:00:00,Clothing,UPI,Regular,6,954.86,0.09,5729.16,515.6243999999999,5213.5356
2025-03-12 00:00:00,Groceries,Debit Card,Regular,5,2227.4,0.24,11137.0,2672.88,8464.119999999999
2025-03-12 06:00:00,Beauty,Cash,New,7,1187.71,0.06,8313.970000000001,498.83820000000003,7815.131800000001
2025-03-12 12:00:00,Electronics,Debit Card,Regular,2,1314.51,0.09,2629.02,236.6118,2392.4082
2025-03-12 18:00:00,Home & Kitchen,UPI,Regular,5,865.27,0.06,4326.35,259.581,4066.7690000000002
2025-03-13 00:00:00,Electronics,Cash,Regular,4,727.84,0.2,2911.36,582.272,2329.088
2025-03-13 06:00:00,Beauty,UPI,Regular,5,1657.07,0.21,8285.35,1739.9235,6545.4265000000005
2025-03-13 12:00:00,Home & Kitchen,Cash,New,2,343.61,0.2,687.22,137.44400000000002,549.7760000000001
2025-03-13 18:00:00,Beauty,Debit Card,Regular,5,2204.22,0.12,11021.099999999999,1322.5319999999997,9698.568
2025-03-14 00:00:00,Clothing,Credit Card,New,7,1959.05,0.03,13713.35,411.4005,13301.9495
2025-03-14 06:00:00,Home & Kitchen,Debit Card,Regular,1,517.33,0.27,517.33,139.67910000000003,377.6509
2025-03-14 12:00:00,Clothing,Debit Card,Regular,2,1750.35,0.15,3500.7,525.1049999999999,2975.595
2025-03-14 18:00:00,Electronics,Credit Card,Regular,3,1526.45,0.12,4579.35,549.522,4029.8280000000004
2025-03-15 00:00:00,Electronics,Credit Card,Regular,5,502.11,0.18,2510.55,451.899,2058.6510000000003
2025-03-15 06:00:00,Home & Kitchen,Cash,Regular,1,719.35,0.06,719.35,43.161,676.1890000000001
2025-03-15 12:00:00,Home & Kitchen,Cash,New,7,1052.02,0.04,7364.139999999999,294.56559999999996,7069.5743999999995
2025-03-15 18:00:00,Beauty,UPI,New,4,1763.14,0.12,7052.56,846.3072,6206.2528
2025-03-16 00:00:00,Beauty,UPI,New,4,1614.87,0.07,6459.48,452.16360000000003,6007.3164
2025-03-16 06:00:00,Clothing,Debit Card,New,7,1353.98,0.07,9477.86,663.4502000000001,8814.409800000001
2025-03-16 12:00:00,Home & Kitchen,Credit Card,New,5,1932.61,0.27,9663.05,2609.0235,7054.0265
2025-03-16 18:00:00,Electronics,UPI,Regular,4,1906.95,0.16,7627.8,1220.448,6407.352
2025-03-17 00:00:00,Beauty,Debit Card,New,3,1563.75,0.15,4691.25,703.6875,3987.5625
2025-03-17 06:00:00,Beauty,Credit Card,Regular,2,1978.13,0.21,3956.26,830.8146,3125.4454
2025-03-17 12:00:00,Electronics,Cash,Regular,1,868.95,0.29,868.95,251.9955,616.9545
2025-03-17 18:00:00,Beauty,Debit Card,Regular,6,2209.06,0.03,13254.36,397.6308,12856.7292
2025-03-18 00:00:00,Clothing,Cash,Regular,5,1556.53,0.25,7782.65,1945.6625,5836.987499999999
2025-03-18 06:00:00,Home & Kitchen,UPI,Regular,4,2064.79,0.18,8259.16,1486.6488,6772.5112
2025-03-18 12:00:00,Electronics,UPI,New,2,1388.38,0.04,2776.76,111.0704,2665.6896
2025-03-18 18:00:00,Home & Kitchen,Credit Card,Regular,6,585.17,0.09,3511.0199999999995,315.99179999999996,3195.0281999999997
2025-03-19 00:00:00,Beauty,Debit Card,Regular,3,1378.9,0.14,4136.700000000001,579.1380000000001,3557.562000000001
2025-03-19 06:00:00,Beauty,Cash,Regular,4,959.22,0.21,3836.88,805.7447999999999,3031.1352
2025-03-19 12:00:00,Electronics,Credit Card,Regular,4,1758.87,0.07,7035.48,492.4836,6542.9964
2025-03-19 18:00:00,Clothing,UPI,Regular,1,1215.69,0.16,1215.69,194.5104,1021.1796
2025-03-20 00:00:00,Groceries,UPI,Regular,3,2098.48,0.21,6295.4400000000005,1322.0424,4973.3976
2025-03-20 06:00:00,Electronics,Debit Card,Regular,3,1711.28,0.13,5133.84,667.3992000000001,4466.4408
2025-03-20 12:00:00,Groceries,Cash,Regular,5,1727.13,0.26,8635.650000000001,2245.2690000000002,6390.381000000001
2025-03-20 18:00:00,Groceries,Debit Card,New,6,582.03,0.26,3492.18,907.9668,2584.2131999999997
2025-03-21 00:00:00,Clothing,Cash,New,1,2461.41,0.14,2461.41,344.5974,2116.8125999999997
2025-03-21 06:00:00,Groceries,Cash,Regular,5,2112.1,0.29,10560.5,3062.5449999999996,7497.955
2025-03-21 12:00:00,Groceries,Debit Card,Regular,1,1983.06,0.02,1983.06,39.6612,1943.3988
2025-03-21 18:00:00,Clothing,Credit Card,Regular,3,859.03,0.0,2577.09,0.0,2577.09
2025-03-22 00:00:00,Groceries,Debit Card,New,1,1362.3,0.11,1362.3,149.853,1212.447
2025-03-22 06:00:00,Groceries,Debit Card,Regular,1,385.9,0.18,385.9,69.46199999999999,316.438
2025-03-22 12:00:00,Groceries,UPI,Regular,1,1369.27,0.19,1369.27,260.1613,1109.1087
2025-03-22 18:00:00,Electronics,UPI,New,2,407.43,0.14,814.86,114.08040000000001,700.7796
2025-03-23 00:00:00,Electronics,Debit Card,Regular,2,1404.94,0.04,2809.88,112.3952,2697.4848
2025-03-23 06:00:00,Electronics,Debit Card,Regular,6,1639.37,0.05,9836.22,491.811,9344.409
2025-03-23 12:00:00,Clothing,UPI,Regular,6,1005.98,0.26,6035.88,1569.3288,4466.5512
2025-03-23 18:00:00,Beauty,Cash,New,7,1271.43,0.26,8900.01,2314.0026000000003,6586.0074
2025-03-24 00:00:00,Groceries,Debit Card,New,3,2195.35,0.2,6586.049999999999,1317.21,5268.839999999999
2025-03-24 06:00:00,Groceries,Credit Card,New,1,315.98,0.2,315.98,63.196000000000005,252.78400000000002
2025-03-24 12:00:00,Clothing,Credit Card,Regular,3,1989.75,0.18,5969.25,1074.465,4894.785
2025-03-24 18:00:00,Groceries,Credit Card,Regular,2,468.35,0.06,936.7,56.202,880.498
2025-03-25 00:00:00,Electronics,Debit Card,New,1,139.93,0.13,139.93,18.190900000000003,121.73910000000001
2025-03-25 06:00:00,Beauty,Cash,New,5,504.66,0.21,2523.3,529.893,1993.4070000000002
2025-03-25 12:00:00,Home & Kitchen,Cash,Regular,2,1924.36,0.16,3848.72,615.7952,3232.9248
2025-03-25 18:00:00,Groceries,UPI,New,2,1042.56,0.01,2085.12,20.8512,2064.2688
2025-03-26 00:00:00,Electronics,Debit Card,Regular,2,2187.68,0.29,4375.36,1268.8543999999997,3106.5056
2025-03-26 06:00:00,Home & Kitchen,Cash,Regular,7,1335.53,0.25,9348.71,2337.1775,7011.532499999999
2025-03-26 12:00:00,Beauty,Debit Card,New,1,104.51,0.08,104.51,8.360800000000001,96.14920000000001
2025-03-26 18:00:00,Home & Kitchen,UPI,Regular,6,1805.95,0.18,10835.7,1950.4260000000002,8885.274000000001
2025-03-27 00:00:00,Electronics,UPI,New,4,320.07,0.28,1280.28,358.4784,921.8016
2025-03-27 06:00:00,Home & Kitchen,UPI,Regular,5,1983.98,0.03,9919.9,297.597,9622.303
2025-03-27 12:00:00,Clothing,Credit Card,Regular,5,461.85,0.15,2309.25,346.3875,1962.8625
2025-03-27 18:00:00,Home & Kitchen,Debit Card,New,3,896.34,0.14,2689.02,376.4628,2312.5572
2025-03-28 00:00:00,Groceries,UPI,New,1,1915.12,0.12,1915.12,229.81439999999998,1685.3056
2025-03-28 06:00:00,Groceries,Debit Card,Regular,6,2387.87,0.25,14327.22,3581.805,10745.414999999999
2025-03-28 12:00:00,Clothing,Credit Card,Regular,2,960.01,0.11,1920.02,211.2022,1708.8178
2025-03-28 18:00:00,Electronics,Credit Card,Regular,4,2082.03,0.02,8328.12,166.56240000000003,8161.557600000001
2025-03-29 00:00:00,Groceries,UPI,Regular,1,517.44,0.02,517.44,10.3488,507.0912000000001
2025-03-29 06:00:00,Beauty,UPI,New,1,2027.59,0.01,2027.59,20.2759,2007.3140999999998
2025-03-29 12:00:00,Groceries,Cash,New,7,1660.86,0.12,11626.019999999999,1395.1223999999997,10230.897599999998
2025-03-29 18:00:00,Groceries,Debit Card,Regular,6,522.22,0.22,3133.32,689.3304,2443.9896
2025-03-30 00:00:00,Electronics,UPI,Regular,4,791.13,0.06,3164.52,189.8712,2974.6488
2025-03-30 06:00:00,Home & Kitchen,Cash,Regular,2,372.84,0.19,745.68,141.67919999999998,604.0008
2025-03-30 12:00:00,Groceries,Debit Card,New,1,988.27,0.21,988.27,207.5367,780.7333
2025-03-30 18:00:00,Clothing,UPI,Regular,5,548.94,0.08,2744.7000000000003,219.57600000000002,2525.1240000000003
2025-03-31 00:00:00,Home & Kitchen,Cash,Regular,5,1627.79,0.18,8138.95,1465.011,6673.939
2025-03-31 06:00:00,Beauty,Cash,Regular,4,2486.54,0.21,9946.16,2088.6936,7857.466399999999
2025-03-31 12:00:00,Electronics,Debit Card,Regular,2,79.42,0.14,158.84,22.237600000000004,136.6024
2025-03-31 18:00:00,Beauty,Cash,Regular,4,1375.25,0.1,5501.0,550.1,4950.9
2025-04-01 00:00:00,Home & Kitchen,Debit Card,Regular,1,1455.48,0.19,1455.48,276.5412,1178.9388
2025-04-01 06:00:00,Home & Kitchen,Debit Card,New,7,2289.81,0.29,16028.67,4648.3143,11380.3557
2025-04-01 12:00:00,Home & Kitchen,Debit Card,New,7,1289.71,0.13,9027.970000000001,1173.6361000000002,7854.333900000001
2025-04-01 18:00:00,Beauty,Credit Card,New,5,1382.07,0.12,6910.349999999999,829.2419999999998,6081.107999999999
2025-04-02 00:00:00,Home & Kitchen,Cash,Regular,7,1205.55,0.14,8438.85,1181.439,7257.411
2025-04-02 06:00:00,Beauty,Debit Card,Regular,3,708.82,0.02,2126.46,42.5292,2083.9308
2025-04-02 12:00:00,Home & Kitchen,UPI,Regular,4,187.27,0.17,749.08,127.34360000000001,621.7364
2025-04-02 18:00:00,Clothing,Credit Card,Regular,7,1051.21,0.1,7358.47,735.8470000000001,6622.6230000000005
2025-04-03 00:00:00,Home & Kitchen,Credit Card,New,3,178.85,0.04,536.55,21.462,515.088
2025-04-03 06:00:00,Beauty,Cash,Regular,3,1398.71,0.14,4196.13,587.4582,3608.6718
2025-04-03 12:00:00,Groceries,Debit Card,Regular,6,802.87,0.0,4817.22,0.0,4817.22
2025-04-03 18:00:00,Home & Kitchen,Cash,New,5,1357.33,0.12,6786.65,814.3979999999999,5972.2519999999995
2025-04-04 00:00:00,Groceries,Credit Card,New,4,379.03,0.03,1516.12,45.483599999999996,1470.6363999999999
2025-04-04 06:00:00,Clothing,Debit Card,Regular,3,2334.94,0.01,7004.82,70.0482,6934.7717999999995
2025-04-04 12:00:00,Electronics,UPI,Regular,1,2241.58,0.25,2241.58,560.395,1681.185
2025-04-04 18:00:00,Clothing,Debit Card,Regular,7,515.49,0.27,3608.4300000000003,974.2761000000002,2634.1539000000002
2025-04-05 00:00:00,Home & Kitchen,Credit Card,Regular,6,891.44,0.06,5348.64,320.9184,5027.721600000001
2025-04-05 06:00:00,Groceries,UPI,Regular,2,1553.06,0.16,3106.12,496.9792,2609.1408
2025-04-05 12:00:00,Groceries,Debit Card,Regular,7,284.43,0.08,1991.01,159.2808,1831.7292
2025-04-05 18:00:00,Beauty,UPI,New,7,918.69,0.15,6430.83,964.6244999999999,5466.2055
2025-04-06 00:00:00,Groceries,UPI,Regular,7,665.23,0.13,4656.610000000001,605.3593000000001,4051.2507000000005
2025-04-06 06:00:00,Beauty,Credit Card,Regular,6,2293.02,0.08,13758.119999999999,1100.6496,12657.470399999998
2025-04-06 12:00:00,Electronics,UPI,Regular,2,2138.65,0.21,4277.3,898.2330000000001,3379.067
2025-04-06 18:00:00,Home & Kitchen,Cash,Regular,5,1470.59,0.04,7352.95,294.118,7058.831999999999
2025-04-07 00:00:00,Beauty,Credit Card,New,4,1324.85,0.02,5299.4,105.988,5193.411999999999
2025-04-07 06:00:00,Electronics,Cash,Regular,4,2330.28,0.23,9321.12,2143.8576000000003,7177.2624000000005
2025-04-07 12:00:00,Groceries,UPI,Regular,2,2334.45,0.2,4668.9,933.78,3735.12
2025-04-07 18:00:00,Groceries,Cash,Regular,7,2424.86,0.15,16974.02,2546.103,14427.917000000001
2025-04-08 00:00:00,Electronics,Debit Card,New,1,357.18,0.14,357.18,50.00520000000001,307.1748
2025-04-08 06:00:00,Groceries,UPI,Regular,2,443.37,0.15,886.74,133.011,753.729
2025-04-08 12:00:00,Electronics,Debit Card,New,2,1708.0,0.13,3416.0,444.08000000000004,2971.92
2025-04-08 18:00:00,Beauty,Cash,Regular,4,1376.51,0.12,5506.04,660.7248,4845.3152
2025-04-09 00:00:00,Beauty,Debit Card,Regular,3,95.24,0.15,285.71999999999997,42.858,242.86199999999997
2025-04-09 06:00:00,Electronics,UPI,Regular,1,201.84,0.16,201.84,32.2944,169.5456
2025-04-09 12:00:00,Beauty,Debit Card,New,4,2225.8,0.21,8903.2,1869.672,7033.528
2025-04-09 18:00:00,Beauty,Cash,New,6,2178.73,0.21,13072.380000000001,2745.1998000000003,10327.1802
2025-04-10 00:00:00,Beauty,Cash,Regular,2,925.31,0.11,1850.62,203.5682,1647.0518
2025-04-10 06:00:00,Clothing,Cash,Regular,3,2233.07,0.12,6699.210000000001,803.9052,5895.304800000001
2025-04-10 12:00:00,Home & Kitchen,UPI,Regular,1,1504.5,0.11,1504.5,165.495,1339.005
2025-04-10 18:00:00,Groceries,Cash,Regular,5,2024.47,0.16,10122.35,1619.576,8502.774000000001
2025-04-11 00:00:00,Clothing,UPI,Regular,1,1097.21,0.14,1097.21,153.60940000000002,943.6006
2025-04-11 06:00:00,Beauty,Debit Card,New,1,327.83,0.27,327.83,88.5141,239.3159
2025-04-11 12:00:00,Electronics,Cash,New,7,1112.63,0.21,7788.410000000001,1635.5661,6152.843900000001
2025-04-11 18:00:00,Beauty,Debit Card,Regular,2,1170.38,0.27,2340.76,632.0052000000001,1708.7548000000002
2025-04-12 00:00:00,Home & Kitchen,Credit Card,Regular,2,1399.81,0.21,2799.62,587.9201999999999,2211.6998
2025-04-12 06:00:00,Beauty,Debit Card,New,5,308.68,0.29,1543.4,447.586,1095.814
2025-04-12 12:00:00,Electronics,Credit Card,New,5,2478.93,0.19,12394.65,2354.9835,10039.6665
2025-04-12 18:00:00,Home & Kitchen,Debit Card,Regular,5,648.14,0.29,3240.7,939.8029999999999,2300.897
2025-04-13 00:00:00,Beauty,UPI,Regular,4,536.45,0.05,2145.8,107.29000000000002,2038.5100000000002
2025-04-13 06:00:00,Home & Kitchen,Debit Card,Regular,4,1340.67,0.02,5362.68,107.2536,5255.4264
2025-04-13 12:00:00,Groceries,UPI,Regular,2,1366.16,0.17,2732.32,464.49440000000004,2267.8256
2025-04-13 18:00:00,Groceries,UPI,Regular,2,1127.56,0.3,2255.12,676.536,1578.5839999999998
2025-04-14 00:00:00,Beauty,Cash,Regular,5,1941.14,0.13,9705.7,1261.7410000000002,8443.959
2025-04-14 06:00:00,Home & Kitchen,UPI,Regular,4,1315.8,0.06,5263.2,315.792,4947.407999999999
2025-04-14 12:00:00,Electronics,Credit Card,Regular,3,1543.75,0.16,4631.25,741.0,3890.25
2025-04-14 18:00:00,Beauty,Cash,Regular,4,1823.18,0.19,7292.72,1385.6168,5907.1032000000005
2025-04-15 00:00:00,Groceries,Cash,Regular,2,111.31,0.09,222.62,20.0358,202.5842
2025-04-15 06:00:00,Groceries,Debit Card,New,4,1448.08,0.21,5792.32,1216.3872,4575.9328
2025-04-15 12:00:00,Beauty,UPI,New,2,2216.28,0.29,4432.56,1285.4424000000001,3147.1176000000005
2025-04-15 18:00:00,Home & Kitchen,UPI,Regular,5,92.6,0.27,463.0,125.01,337.99
2025-04-16 00:00:00,Groceries,Credit Card,Regular,7,1042.7,0.09,7298.900000000001,656.9010000000001,6641.999000000001
2025-04-16 06:00:00,Home & Kitchen,Debit Card,New,5,2319.26,0.1,11596.300000000001,1159.63,10436.670000000002
2025-04-16 12:00:00,Groceries,Debit Card,Regular,5,915.23,0.11,4576.15,503.37649999999996,4072.7735
2025-04-16 18:00:00,Groceries,Cash,Regular,3,1173.89,0.12,3521.67,422.6004,3099.0696000000003
2025-04-17 00:00:00,Clothing,Cash,Regular,7,2454.78,0.03,17183.460000000003,515.5038000000001,16667.956200000004
2025-04-17 06:00:00,Groceries,Cash,Regular,3,538.34,0.23,1615.02,371.4546,1243.5654
2025-04-17 12:00:00,Electronics,Credit Card,Regular,2,209.88,0.11,419.76,46.1736,373.58639999999997
2025-04-17 18:00:00,Beauty,Credit Card,New,1,2155.59,0.26,2155.59,560.4534000000001,1595.1366
2025-04-18 00:00:00,Beauty,Cash,Regular,6,2177.74,0.28,13066.439999999999,3658.6032,9407.8368
2025-04-18 06:00:00,Home & Kitchen,Debit Card,Regular,3,1206.59,0.01,3619.7699999999995,36.1977,3583.5722999999994
2025-04-18 12:00:00,Groceries,Credit Card,New,2,1309.81,0.3,2619.62,785.886,1833.734
2025-04-18 18:00:00,Electronics,Debit Card,Regular,7,2097.73,0.21,14684.11,3083.6631,11600.4469
2025-04-19 00:00:00,Home & Kitchen,Debit Card,Regular,4,1859.47,0.16,7437.88,1190.0608,6247.8192
2025-04-19 06:00:00,Clothing,UPI,Regular,7,699.62,0.12,4897.34,587.6808,4309.6592
2025-04-19 12:00:00,Home & Kitchen,Cash,Regular,5,91.39,0.16,456.95,73.112,383.83799999999997
2025-04-19 18:00:00,Home & Kitchen,UPI,Regular,5,1225.27,0.1,6126.35,612.6350000000001,5513.715
2025-04-20 00:00:00,Groceries,Cash,Regular,5,2154.34,0.19,10771.7,2046.6230000000003,8725.077000000001
2025-04-20 06:00:00,Clothing,Cash,Regular,2,2244.79,0.03,4489.58,134.6874,4354.8926
2025-04-20 12:00:00,Home & Kitchen,Debit Card,New,5,2392.75,0.19,11963.75,2273.1125,9690.6375
2025-04-20 18:00:00,Electronics,Cash,Regular,3,2204.93,0.08,6614.789999999999,529.1831999999999,6085.6068
2025-04-21 00:00:00,Electronics,Debit Card,Regular,4,1471.11,0.01,5884.44,58.8444,5825.5956
2025-04-21 06:00:00,Beauty,Debit Card,Regular,5,1139.28,0.17,5696.4,968.388,4728.012
2025-04-21 12:00:00,Clothing,Cash,Regular,2,1948.38,0.17,3896.76,662.4492000000001,3234.3108
2025-04-21 18:00:00,Clothing,Debit Card,Regular,4,1862.56,0.13,7450.24,968.5312,6481.708799999999
2025-04-22 00:00:00,Beauty,Debit Card,New,5,1368.45,0.02,6842.25,136.845,6705.405
2025-04-22 06:00:00,Home & Kitchen,Debit Card,Regular,1,263.95,0.27,263.95,71.26650000000001,192.68349999999998
2025-04-22 12:00:00,Clothing,Credit Card,Regular,5,2318.9,0.18,11594.5,2087.0099999999998,9507.49
2025-04-22 18:00:00,Electronics,Debit Card,New,6,1166.23,0.03,6997.38,209.9214,6787.4586
2025-04-23 00:00:00,Electronics,Credit Card,Regular,7,940.17,0.15,6581.19,987.1784999999999,5594.0115
2025-04-23 06:00:00,Groceries,Credit Card,Regular,3,1592.44,0.15,4777.32,716.598,4060.7219999999998
2025-04-23 12:00:00,Clothing,Debit Card,New,4,1700.9,0.02,6803.6,136.072,6667.528
2025-04-23 18:00:00,Home & Kitchen,Debit Card,New,3,566.19,0.18,1698.5700000000002,305.74260000000004,1392.8274000000001
2025-04-24 00:00:00,Beauty,Credit Card,New,1,2100.5,0.24,2100.5,504.12,1596.38
2025-04-24 06:00:00,Beauty,Credit Card,Regular,1,760.35,0.22,760.35,167.27700000000002,593.073
2025-04-24 12:00:00,Home & Kitchen,Debit Card,Regular,6,507.38,0.06,3044.2799999999997,182.65679999999998,2861.6232
2025-04-24 18:00:00,Groceries,Debit Card,New,3,1045.68,0.26,3137.04,815.6304,2321.4096
2025-04-25 00:00:00,Beauty,Cash,Regular,4,1839.87,0.1,7359.48,735.948,6623.531999999999
2025-04-25 06:00:00,Clothing,Credit Card,Regular,1,2415.37,0.28,2415.37,676.3036000000001,1739.0663999999997
2025-04-25 12:00:00,Groceries,Credit Card,New,1,2032.74,0.02,2032.74,40.6548,1992.0852
2025-04-25 18:00:00,Clothing,Cash,Regular,5,2353.85,0.15,11769.25,1765.3875,10003.8625
2025-04-26 00:00:00,Electronics,Credit Card,New,6,394.48,0.18,2366.88,426.0384,1940.8416000000002
2025-04-26 06:00:00,Groceries,UPI,Regular,7,224.38,0.07,1570.6599999999999,109.9462,1460.7137999999998
2025-04-26 12:00:00,Beauty,Credit Card,Regular,2,1416.38,0.23,2832.76,651.5348000000001,2181.2252
2025-04-26 18:00:00,Groceries,Cash,Regular,7,761.23,0.19,5328.610000000001,1012.4359000000002,4316.1741
2025-04-27 00:00:00,Groceries,UPI,New,7,2078.73,0.01,14551.11,145.5111,14405.5989
2025-04-27 06:00:00,Groceries,Debit Card,Regular,1,1696.37,0.18,1696.37,305.34659999999997,1391.0234
2025-04-27 12:00:00,Groceries,Cash,Regular,4,2428.28,0.15,9713.12,1456.968,8256.152
2025-04-27 18:00:00,Clothing,Cash,New,4,674.24,0.06,2696.96,161.8176,2535.1424
2025-04-28 00:00:00,Electronics,Debit Card,New,5,1240.17,0.3,6200.85,1860.255,4340.595
2025-04-28 06:00:00,Home & Kitchen,Cash,New,4,1278.04,0.27,5112.16,1380.2832,3731.8768
2025-04-28 12:00:00,Groceries,Credit Card,Regular,5,635.98,0.09,3179.9,286.191,2893.7090000000003
2025-04-28 18:00:00,Beauty,Debit Card,Regular,1,1495.73,0.16,1495.73,239.3168,1256.4132
2025-04-29 00:00:00,Groceries,Cash,New,1,1136.05,0.09,1136.05,102.24449999999999,1033.8055
2025-04-29 06:00:00,Beauty,Debit Card,Regular,7,1144.47,0.23,8011.29,1842.5967,6168.6933
2025-04-29 12:00:00,Clothing,Debit Card,Regular,1,938.7,0.28,938.7,262.836,675.864
2025-04-29 18:00:00,Beauty,Debit Card,Regular,1,91.48,0.11,91.48,10.062800000000001,81.41720000000001
2025-04-30 00:00:00,Home & Kitchen,UPI,New,2,1329.13,0.24,2658.26,637.9824,2020.2776000000003
2025-04-30 06:00:00,Electronics,Cash,Regular,6,871.36,0.15,5228.16,784.2239999999999,4443.936
2025-04-30 12:00:00,Beauty,UPI,New,7,53.23,0.12,372.60999999999996,44.71319999999999,327.8968
2025-04-30 18:00:00,Beauty,Cash,Regular,7,804.46,0.28,5631.22,1576.7416000000003,4054.4784
2025-05-01 00:00:00,Electronics,Credit Card,Regular,6,732.64,0.15,4395.84,659.376,3736.464
2025-05-01 06:00:00,Home & Kitchen,Credit Card,Regular,2,1013.95,0.14,2027.9,283.90600000000006,1743.9940000000001
2025-05-01 12:00:00,Groceries,Credit Card,Regular,1,373.04,0.2,373.04,74.608,298.432
2025-05-01 18:00:00,Beauty,Cash,Regular,4,1293.83,0.08,5175.32,414.0256,4761.2944
2025-05-02 00:00:00,Electronics,Debit Card,Regular,5,1746.48,0.1,8732.4,873.24,7859.16
2025-05-02 06:00:00,Clothing,Debit Card,Regular,7,1593.95,0.28,11157.65,3124.1420000000003,8033.508
2025-05-02 12:00:00,Electronics,UPI,New,6,2019.2,0.2,12115.2,2423.0400000000004,9692.16
2025-05-02 18:00:00,Clothing,UPI,New,3,1157.42,0.25,3472.26,868.065,2604.195
2025-05-03 00:00:00,Home & Kitchen,Credit Card,New,5,1321.77,0.08,6608.85,528.7080000000001,6080.142
2025-05-03 06:00:00,Groceries,UPI,Regular,3,2035.48,0.16,6106.4400000000005,977.0304000000001,5129.409600000001
2025-05-03 12:00:00,Electronics,Cash,Regular,3,1097.87,0.29,3293.6099999999997,955.1468999999998,2338.4631
2025-05-03 18:00:00,Beauty,Cash,Regular,7,1768.92,0.1,12382.44,1238.2440000000001,11144.196
2025-05-04 00:00:00,Home & Kitchen,UPI,New,1,1114.78,0.05,1114.78,55.739000000000004,1059.041
2025-05-04 06:00:00,Electronics,UPI,New,3,1073.45,0.15,3220.3500000000004,483.0525,2737.2975000000006
2025-05-04 12:00:00,Beauty,UPI,New,1,1912.5,0.12,1912.5,229.5,1683.0
2025-05-04 18:00:00,Electronics,UPI,Regular,2,478.35,0.05,956.7,47.83500000000001,908.865
2025-05-05 00:00:00,Clothing,Credit Card,Regular,4,879.54,0.27,3518.16,949.9032,2568.2568
2025-05-05 06:00:00,Electronics,Credit Card,Regular,3,599.22,0.3,1797.66,539.298,1258.362
2025-05-05 12:00:00,Electronics,UPI,Regular,7,929.82,0.17,6508.740000000001,1106.4858000000002,5402.2542
2025-05-05 18:00:00,Electronics,Cash,Regular,4,614.42,0.23,2457.68,565.2664,1892.4135999999999
2025-05-06 00:00:00,Home & Kitchen,Credit Card,New,1,1469.54,0.26,1469.54,382.0804,1087.4596
2025-05-06 06:00:00,Electronics,Cash,Regular,3,2005.52,0.21,6016.5599999999995,1263.4776,4753.082399999999
2025-05-06 12:00:00,Beauty,Debit Card,Regular,5,1977.2,0.01,9886.0,98.86,9787.14
2025-05-06 18:00:00,Clothing,Cash,Regular,7,943.03,0.05,6601.21,330.06050000000005,6271.1494999999995
2025-05-07 00:00:00,Clothing,UPI,New,2,2472.46,0.02,4944.92,98.89840000000001,4846.0216
2025-05-07 06:00:00,Electronics,Debit Card,Regular,6,1504.94,0.0,9029.64,0.0,9029.64
2025-05-07 12:00:00,Home & Kitchen,Credit Card,New,2,1028.53,0.09,2057.06,185.13539999999998,1871.9246
2025-05-07 18:00:00,Home & Kitchen,Credit Card,New,3,2097.07,0.12,6291.210000000001,754.9452000000001,5536.264800000001
2025-05-08 00:00:00,Beauty,Debit Card,Regular,7,1838.19,0.07,12867.33,900.7131,11966.616899999999
2025-05-08 06:00:00,Electronics,Cash,Regular,2,1885.72,0.02,3771.44,75.42880000000001,3696.0112
2025-05-08 12:00:00,Clothing,Credit Card,Regular,6,530.54,0.16,3183.24,509.3184,2673.9215999999997
2025-05-08 18:00:00,Home & Kitchen,UPI,Regular,5,1197.39,0.08,5986.950000000001,478.9560000000001,5507.994000000001
2025-05-09 00:00:00,Electronics,Debit Card,New,4,2161.48,0.24,8645.92,2075.0208,6570.8992
2025-05-09 06:00:00,Home & Kitchen,UPI,New,5,1284.89,0.0,6424.450000000001,0.0,6424.450000000001
2025-05-09 12:00:00,Home & Kitchen,Debit Card,Regular,2,1724.46,0.25,3448.92,862.23,2586.69
2025-05-09 18:00:00,Clothing,Credit Card,Regular,6,1490.44,0.29,8942.64,2593.3655999999996,6349.2744
2025-05-10 00:00:00,Groceries,Cash,Regular,4,2113.77,0.21,8455.08,1775.5667999999998,6679.5132
2025-05-10 06:00:00,Beauty,Debit Card,Regular,7,747.17,0.22,5230.19,1150.6417999999999,4079.5481999999997
2025-05-10 12:00:00,Beauty,Debit Card,Regular,6,1459.91,0.28,8759.460000000001,2452.6488000000004,6306.8112
2025-05-10 18:00:00,Clothing,UPI,Regular,5,351.92,0.06,1759.6000000000001,105.57600000000001,1654.0240000000001
2025-05-11 00:00:00,Home & Kitchen,Credit Card,Regular,1,1741.02,0.3,1741.02,522.3059999999999,1218.714
2025-05-11 06:00:00,Electronics,UPI,New,1,1843.32,0.23,1843.32,423.9636,1419.3564
2025-05-11 12:00:00,Home & Kitchen,Credit Card,Regular,4,154.95,0.22,619.8,136.356,483.44399999999996
2025-05-11 18:00:00,Clothing,UPI,Regular,4,1705.69,0.11,6822.76,750.5036,6072.2564
2025-05-12 00:00:00,Beauty,Debit Card,Regular,4,1065.99,0.16,4263.96,682.2336,3581.7264
2025-05-12 06:00:00,Home & Kitchen,UPI,New,1,354.04,0.2,354.04,70.808,283.232
2025-05-12 12:00:00,Beauty,Cash,Regular,5,1078.77,0.19,5393.85,1024.8315,4369.0185
2025-05-12 18:00:00,Electronics,Credit Card,Regular,4,525.87,0.21,2103.48,441.7308,1661.7492
2025-05-13 00:00:00,Beauty,Credit Card,Regular,1,1068.12,0.02,1068.12,21.362399999999997,1046.7576
2025-05-13 06:00:00,Beauty,Debit Card,New,4,991.63,0.11,3966.52,436.3172,3530.2028
2025-05-13 12:00:00,Groceries,Credit Card,Regular,4,1859.06,0.13,7436.24,966.7112,6469.5288
2025-05-13 18:00:00,Groceries,Cash,New,6,1946.83,0.08,11680.98,934.4784,10746.5016
2025-05-14 00:00:00,Groceries,UPI,New,4,1537.22,0.05,6148.88,307.444,5841.436
2025-05-14 06:00:00,Beauty,Debit Card,New,1,105.58,0.04,105.58,4.2232,101.35679999999999
2025-05-14 12:00:00,Clothing,Cash,Regular,5,2331.0,0.11,11655.0,1282.05,10372.95
2025-05-14 18:00:00,Beauty,Credit Card,Regular,1,1731.27,0.15,1731.27,259.6905,1471.5795
2025-05-15 00:00:00,Clothing,Credit Card,Regular,1,133.78,0.02,133.78,2.6756,131.1044
2025-05-15 06:00:00,Clothing,Cash,New,4,2056.14,0.28,8224.56,2302.8768,5921.6831999999995
2025-05-15 12:00:00,Groceries,UPI,Regular,6,540.65,0.23,3243.8999999999996,746.097,2497.803
2025-05-15 18:00:00,Home & Kitchen,UPI,Regular,3,1469.09,0.22,4407.2699999999995,969.5994,3437.6705999999995
2025-05-16 00:00:00,Electronics,Debit Card,New,7,1193.25,0.05,8352.75,417.63750000000005,7935.1125
2025-05-16 06:00:00,Groceries,Credit Card,Regular,3,1078.61,0.18,3235.83,582.4494,2653.3806
2025-05-16 12:00:00,Groceries,Cash,Regular,3,2229.8,0.16,6689.400000000001,1070.304,5619.0960000000005
2025-05-16 18:00:00,Home & Kitchen,UPI,Regular,1,1121.54,0.29,1121.54,325.24659999999994,796.2934
2025-05-17 00:00:00,Electronics,Debit Card,Regular,4,234.59,0.22,938.36,206.4392,731.9208
2025-05-17 06:00:00,Beauty,Credit Card,New,7,2369.26,0.17,16584.82,2819.4194,13765.400599999999
2025-05-17 12:00:00,Beauty,Credit Card,Regular,3,2305.31,0.26,6915.93,1798.1418,5117.7882
2025-05-17 18:00:00,Groceries,Debit Card,Regular,2,1726.86,0.05,3453.72,172.686,3281.0339999999997
2025-05-18 00:00:00,Electronics,Debit Card,Regular,2,1196.34,0.0,2392.68,0.0,2392.68
2025-05-18 06:00:00,Groceries,UPI,New,2,277.51,0.21,555.02,116.5542,438.4658
2025-05-18 12:00:00,Clothing,Cash,New,5,1987.33,0.03,9936.65,298.0995,9638.5505
2025-05-18 18:00:00,Groceries,Credit Card,Regular,4,234.92,0.03,939.68,28.190399999999997,911.4896
2025-05-19 00:00:00,Groceries,Cash,Regular,1,218.07,0.22,218.07,47.9754,170.09459999999999
2025-05-19 06:00:00,Beauty,Credit Card,Regular,1,1366.59,0.08,1366.59,109.32719999999999,1257.2628
2025-05-19 12:00:00,Beauty,Credit Card,New,4,442.31,0.19,1769.24,336.1556,1433.0844
2025-05-19 18:00:00,Beauty,Cash,Regular,6,68.94,0.28,413.64,115.81920000000001,297.82079999999996
2025-05-20 00:00:00,Clothing,Debit Card,New,7,1086.63,0.09,7606.410000000001,684.5769,6921.833100000001
2025-05-20 06:00:00,Beauty,UPI,Regular,6,386.18,0.07,2317.08,162.1956,2154.8844
2025-05-20 12:00:00,Electronics,Credit Card,Regular,5,443.26,0.03,2216.3,66.489,2149.811
2025-05-20 18:00:00,Home & Kitchen,Debit Card,Regular,4,238.43,0.04,953.72,38.1488,915.5712
2025-05-21 00:00:00,Electronics,Credit Card,New,6,552.48,0.02,3314.88,66.2976,3248.5824000000002
2025-05-21 06:00:00,Electronics,UPI,Regular,7,1802.94,0.03,12620.58,378.6174,12241.9626
2025-05-21 12:00:00,Beauty,Credit Card,New,5,2031.87,0.13,10159.349999999999,1320.7154999999998,8838.634499999998
2025-05-21 18:00:00,Home & Kitchen,UPI,Regular,3,1158.71,0.1,3476.13,347.61300000000006,3128.517
2025-05-22 00:00:00,Home & Kitchen,UPI,Regular,3,1291.06,0.21,3873.18,813.3678,3059.8122
2025-05-22 06:00:00,Home & Kitchen,Credit Card,Regular,5,130.0,0.26,650.0,169.0,481.0
2025-05-22 12:00:00,Clothing,Credit Card,New,4,219.82,0.24,879.28,211.0272,668.2528
2025-05-22 18:00:00,Beauty,UPI,Regular,3,681.04,0.16,2043.12,326.8992,1716.2207999999998
2025-05-23 00:00:00,Home & Kitchen,Debit Card,New,4,1382.55,0.03,5530.2,165.90599999999998,5364.294
2025-05-23 06:00:00,Clothing,Cash,New,6,1861.9,0.21,11171.400000000001,2345.994,8825.406
2025-05-23 12:00:00,Groceries,UPI,New,3,1532.26,0.11,4596.78,505.64579999999995,4091.1342
2025-05-23 18:00:00,Groceries,Credit Card,Regular,7,1010.71,0.03,7074.97,212.2491,6862.7209
2025-05-24 00:00:00,Clothing,Credit Card,New,7,339.89,0.25,2379.23,594.8075,1784.4225000000001
2025-05-24 06:00:00,Clothing,Debit Card,New,6,1962.89,0.1,11777.34,1177.7340000000002,10599.606
2025-05-24 12:00:00,Beauty,Cash,Regular,7,941.28,0.07,6588.96,461.22720000000004,6127.7328
2025-05-24 18:00:00,Beauty,UPI,Regular,4,1853.33,0.26,7413.32,1927.4632,5485.8568
2025-05-25 00:00:00,Groceries,UPI,Regular,4,1306.8,0.27,5227.2,1411.344,3815.8559999999998
2025-05-25 06:00:00,Home & Kitchen,Cash,Regular,7,1859.72,0.1,13018.04,1301.804,11716.236
2025-05-25 12:00:00,Groceries,UPI,Regular,2,2272.86,0.11,4545.72,500.0292,4045.6908000000003
2025-05-25 18:00:00,Home & Kitchen,Cash,Regular,5,2306.52,0.17,11532.6,1960.5420000000001,9572.058
2025-05-26 00:00:00,Home & Kitchen,Credit Card,Regular,1,1361.01,0.22,1361.01,299.4222,1061.5878
2025-05-26 06:00:00,Beauty,Cash,Regular,5,1303.2,0.02,6516.0,130.32,6385.68
2025-05-26 12:00:00,Electronics,UPI,Regular,7,700.91,0.18,4906.37,883.1465999999999,4023.2234
2025-05-26 18:00:00,Electronics,Cash,Regular,4,2342.71,0.29,9370.84,2717.5436,6653.2964
2025-05-27 00:00:00,Clothing,Debit Card,Regular,4,1171.9,0.08,4687.6,375.00800000000004,4312.592000000001
2025-05-27 06:00:00,Beauty,Credit Card,Regular,5,362.6,0.27,1813.0,489.51000000000005,1323.49
2025-05-27 12:00:00,Home & Kitchen,Credit Card,Regular,4,1110.13,0.29,4440.52,1287.7508,3152.7692000000006
2025-05-27 18:00:00,Electronics,Cash,Regular,6,361.28,0.08,2167.68,173.4144,1994.2655999999997
2025-05-28 00:00:00,Home & Kitchen,UPI,Regular,3,1281.2,0.23,3843.6000000000004,884.0280000000001,2959.572
2025-05-28 06:00:00,Electronics,Debit Card,New,4,1425.13,0.07,5700.52,399.03640000000007,5301.4836000000005
2025-05-28 12:00:00,Electronics,Credit Card,Regular,7,877.5,0.22,6142.5,1351.35,4791.15
2025-05-28 18:00:00,Electronics,Credit Card,New,7,225.54,0.24,1578.78,378.9072,1199.8728
2025-05-29 00:00:00,Beauty,UPI,Regular,5,2361.58,0.07,11807.9,826.553,10981.347
2025-05-29 06:00:00,Groceries,UPI,Regular,5,1944.72,0.21,9723.6,2041.956,7681.644
2025-05-29 12:00:00,Home & Kitchen,Debit Card,Regular,5,2105.26,0.24,10526.300000000001,2526.3120000000004,7999.988000000001
2025-05-29 18:00:00,Beauty,Cash,Regular,7,948.83,0.11,6641.81,730.5991,5911.2109
2025-05-30 00:00:00,Beauty,UPI,New,2,1914.04,0.05,3828.08,191.404,3636.676
2025-05-30 06:00:00,Beauty,Cash,Regular,7,1239.16,0.03,8674.12,260.22360000000003,8413.896400000001
2025-05-30 12:00:00,Beauty,Debit Card,Regular,6,542.65,0.17,3255.8999999999996,553.5029999999999,2702.397
2025-05-30 18:00:00,Beauty,Cash,Regular,7,354.84,0.29,2483.8799999999997,720.3251999999999,1763.5548
2025-05-31 00:00:00,Clothing,Credit Card,Regular,6,895.37,0.25,5372.22,1343.055,4029.165
2025-05-31 06:00:00,Home & Kitchen,Cash,New,7,387.0,0.13,2709.0,352.17,2356.83
2025-05-31 12:00:00,Beauty,Debit Card,New,7,2495.76,0.16,17470.32,2795.2512,14675.0688
2025-05-31 18:00:00,Home & Kitchen,Debit Card,Regular,2,170.51,0.08,341.02,27.281599999999997,313.73839999999996
2025-06-01 00:00:00,Clothing,Debit Card,Regular,6,1130.8,0.05,6784.799999999999,339.24,6445.5599999999995
2025-06-01 06:00:00,Clothing,Cash,Regular,2,1157.63,0.14,2315.26,324.13640000000004,1991.1236000000001
2025-06-01 12:00:00,Home & Kitchen,Credit Card,New,6,786.55,0.14,4719.299999999999,660.702,4058.597999999999
2025-06-01 18:00:00,Electronics,UPI,Regular,2,1449.81,0.16,2899.62,463.93919999999997,2435.6808
2025-06-02 00:00:00,Groceries,Credit Card,Regular,2,417.44,0.29,834.88,242.1152,592.7648
2025-06-02 06:00:00,Electronics,Cash,New,6,1970.59,0.18,11823.539999999999,2128.2371999999996,9695.3028
2025-06-02 12:00:00,Electronics,Cash,Regular,2,864.5,0.18,1729.0,311.21999999999997,1417.78
2025-06-02 18:00:00,Electronics,UPI,Regular,7,1498.79,0.04,10491.529999999999,419.66119999999995,10071.868799999998
2025-06-03 00:00:00,Beauty,Cash,New,6,1803.32,0.3,10819.92,3245.976,7573.9439999999995
2025-06-03 06:00:00,Clothing,Debit Card,Regular,2,2228.15,0.23,4456.3,1024.949,3431.351
2025-06-03 12:00:00,Electronics,Debit Card,Regular,7,2097.68,0.26,14683.759999999998,3817.7776,10865.982399999999
2025-06-03 18:00:00,Clothing,Debit Card,Regular,7,1540.36,0.12,10782.519999999999,1293.9023999999997,9488.6176
2025-06-04 00:00:00,Home & Kitchen,Debit Card,Regular,5,1001.56,0.15,5007.799999999999,751.1699999999998,4256.629999999999
2025-06-04 06:00:00,Groceries,Debit Card,Regular,1,1282.85,0.16,1282.85,205.256,1077.5939999999998
2025-06-04 12:00:00,Home & Kitchen,Cash,New,6,1933.4,0.06,11600.400000000001,696.0240000000001,10904.376000000002
2025-06-04 18:00:00,Home & Kitchen,UPI,Regular,2,2199.99,0.21,4399.98,923.9957999999999,3475.9842
2025-06-05 00:00:00,Beauty,UPI,New,5,304.27,0.27,1521.35,410.7645,1110.5855
2025-06-05 06:00:00,Groceries,Debit Card,New,1,992.9,0.05,992.9,49.645,943.255
2025-06-05 12:00:00,Home & Kitchen,Cash,Regular,2,1951.49,0.03,3902.98,117.0894,3785.8906
2025-06-05 18:00:00,Home & Kitchen,Credit Card,Regular,1,1107.55,0.22,1107.55,243.661,863.8889999999999
2025-06-06 00:00:00,Groceries,Credit Card,Regular,6,863.96,0.08,5183.76,414.7008,4769.059200000001
2025-06-06 06:00:00,Groceries,Cash,New,7,1057.74,0.19,7404.18,1406.7942,5997.3858
2025-06-06 12:00:00,Home & Kitchen,Debit Card,New,7,1526.97,0.21,10688.79,2244.6459,8444.144100000001
2025-06-06 18:00:00,Groceries,UPI,Regular,1,2499.52,0.1,2499.52,249.952,2249.568
2025-06-07 00:00:00,Home & Kitchen,Cash,New,7,1257.83,0.24,8804.81,2113.1544,6691.6556
2025-06-07 06:00:00,Home & Kitchen,Credit Card,Regular,3,560.81,0.16,1682.4299999999998,269.18879999999996,1413.2412
2025-06-07 12:00:00,Beauty,Credit Card,New,4,448.97,0.26,1795.88,466.9288,1328.9512
2025-06-07 18:00:00,Electronics,Credit Card,Regular,7,153.76,0.23,1076.32,247.5536,828.7664
2025-06-08 00:00:00,Home & Kitchen,Debit Card,Regular,3,1419.1,0.26,4257.299999999999,1106.898,3150.401999999999
2025-06-08 06:00:00,Clothing,Credit Card,New,6,1384.2,0.01,8305.2,83.052,8222.148000000001
2025-06-08 12:00:00,Electronics,Cash,Regular,6,552.82,0.07,3316.92,232.18440000000004,3084.7356
2025-06-08 18:00:00,Electronics,Cash,Regular,1,1753.56,0.03,1753.56,52.6068,1700.9532
2025-06-09 00:00:00,Electronics,Credit Card,Regular,7,1865.71,0.13,13059.970000000001,1697.7961000000003,11362.173900000002
2025-06-09 06:00:00,Beauty,Cash,Regular,7,684.79,0.27,4793.53,1294.2531,3499.2769
2025-06-09 12:00:00,Home & Kitchen,Credit Card,Regular,7,893.04,0.14,6251.28,875.1792,5376.1008
2025-06-09 18:00:00,Beauty,Credit Card,New,5,2476.66,0.25,12383.3,3095.825,9287.474999999999
2025-06-10 00:00:00,Home & Kitchen,UPI,Regular,2,966.95,0.1,1933.9,193.39000000000001,1740.51
2025-06-10 06:00:00,Beauty,Debit Card,Regular,4,1913.96,0.1,7655.84,765.5840000000001,6890.256
2025-06-10 12:00:00,Beauty,Debit Card,New,7,1159.18,0.27,8114.26,2190.8502000000003,5923.409799999999
2025-06-10 18:00:00,Clothing,UPI,Regular,2,1993.69,0.13,3987.38,518.3594,3469.0206
2025-06-11 00:00:00,Beauty,UPI,Regular,5,1934.11,0.24,9670.55,2320.932,7349.6179999999995
2025-06-11 06:00:00,Groceries,Debit Card,New,6,1686.0,0.07,10116.0,708.1200000000001,9407.88
2025-06-11 12:00:00,Clothing,Credit Card,New,4,2144.21,0.28,8576.84,2401.5152000000003,6175.3248
2025-06-11 18:00:00,Beauty,Credit Card,Regular,3,2351.09,0.17,7053.27,1199.0559,5854.2141
2025-06-12 00:00:00,Electronics,Debit Card,New,6,1470.96,0.23,8825.76,2029.9248000000002,6795.8351999999995
2025-06-12 06:00:00,Groceries,Credit Card,Regular,6,631.8,0.03,3790.7999999999997,113.72399999999999,3677.0759999999996
2025-06-12 12:00:00,Groceries,UPI,New,1,1026.64,0.15,1026.64,153.996,872.6440000000001
2025-06-12 18:00:00,Groceries,Credit Card,Regular,5,1907.85,0.27,9539.25,2575.5975000000003,6963.6525
2025-06-13 00:00:00,Clothing,Credit Card,New,1,1644.66,0.26,1644.66,427.6116,1217.0484000000001
2025-06-13 06:00:00,Beauty,Cash,Regular,1,485.61,0.01,485.61,4.8561000000000005,480.7539
2025-06-13 12:00:00,Beauty,Cash,New,2,175.54,0.09,351.08,31.597199999999997,319.4828
2025-06-13 18:00:00,Electronics,Cash,New,6,1723.26,0.13,10339.56,1344.1428,8995.4172
2025-06-14 00:00:00,Electronics,Credit Card,New,5,665.14,0.05,3325.7,166.285,3159.415
2025-06-14 06:00:00,Groceries,Debit Card,Regular,1,1274.19,0.22,1274.19,280.3218,993.8682000000001
2025-06-14 12:00:00,Electronics,UPI,Regular,3,1879.53,0.06,5638.59,338.3154,5300.2746
2025-06-14 18:00:00,Clothing,Credit Card,Regular,4,1428.53,0.1,5714.12,571.412,5142.708
2025-06-15 00:00:00,Beauty,Debit Card,New,7,254.09,0.2,1778.63,355.72600000000006,1422.904
2025-06-15 06:00:00,Groceries,Credit Card,Regular,5,504.67,0.14,2523.35,353.269,2170.081
2025-06-15 12:00:00,Electronics,UPI,New,2,587.35,0.22,1174.7,258.434,916.2660000000001
2025-06-15 18:00:00,Clothing,Credit Card,New,5,681.77,0.29,3408.85,988.5664999999999,2420.2835
2025-06-16 00:00:00,Clothing,UPI,Regular,6,1435.24,0.03,8611.44,258.3432,8353.096800000001
2025-06-16 06:00:00,Electronics,Credit Card,New,2,1284.72,0.21,2569.44,539.5824,2029.8576
2025-06-16 12:00:00,Beauty,UPI,Regular,4,547.74,0.07,2190.96,153.36720000000003,2037.5928
2025-06-16 18:00:00,Electronics,Credit Card,Regular,3,215.51,0.12,646.53,77.58359999999999,568.9464
2025-06-17 00:00:00,Groceries,UPI,Regular,1,470.01,0.01,470.01,4.7001,465.30989999999997
2025-06-17 06:00:00,Electronics,Cash,Regular,5,2461.73,0.04,12308.65,492.346,11816.304
2025-06-17 12:00:00,Clothing,Credit Card,New,2,1197.94,0.1,2395.88,239.58800000000002,2156.292
2025-06-17 18:00:00,Electronics,Credit Card,Regular,4,2175.0,0.1,8700.0,870.0,7830.0
2025-06-18 00:00:00,Beauty,Debit Card,Regular,1,2129.44,0.27,2129.44,574.9488,1554.4912
2025-06-18 06:00:00,Home & Kitchen,Debit Card,New,7,1303.22,0.22,9122.54,2006.9588,7115.5812000000005
2025-06-18 12:00:00,Electronics,UPI,New,4,1781.38,0.29,7125.52,2066.4008,5059.119200000001
2025-06-18 18:00:00,Beauty,Credit Card,Regular,3,522.24,0.18,1566.72,282.0096,1284.7104
2025-06-19 00:00:00,Beauty,UPI,New,1,1736.57,0.07,1736.57,121.55990000000001,1615.0101
2025-06-19 06:00:00,Clothing,Cash,Regular,1,717.34,0.1,717.34,71.73400000000001,645.606
2025-06-19 12:00:00,Beauty,Debit Card,Regular,7,2088.55,0.1,14619.850000000002,1461.9850000000004,13157.865000000002
2025-06-19 18:00:00,Beauty,UPI,Regular,1,255.12,0.1,255.12,25.512,229.608
2025-06-20 00:00:00,Beauty,UPI,Regular,2,1944.19,0.2,3888.38,777.676,3110.704
2025-06-20 06:00:00,Beauty,Debit Card,New,1,294.85,0.16,294.85,47.176,247.67400000000004
2025-06-20 12:00:00,Groceries,Credit Card,Regular,4,2208.91,0.12,8835.64,1060.2767999999999,7775.3632
2025-06-20 18:00:00,Groceries,UPI,New,2,795.3,0.04,1590.6,63.623999999999995,1526.9759999999999
2025-06-21 00:00:00,Clothing,Debit Card,Regular,1,1653.26,0.01,1653.26,16.5326,1636.7274
2025-06-21 06:00:00,Electronics,Credit Card,Regular,4,1244.38,0.07,4977.52,348.42640000000006,4629.0936
2025-06-21 12:00:00,Beauty,Cash,New,4,947.44,0.03,3789.76,113.6928,3676.0672000000004
2025-06-21 18:00:00,Electronics,Debit Card,New,5,1631.33,0.24,8156.65,1957.5959999999998,6199.054
2025-06-22 00:00:00,Electronics,UPI,Regular,4,2371.43,0.03,9485.72,284.5716,9201.1484
2025-06-22 06:00:00,Clothing,Cash,Regular,7,151.11,0.22,1057.77,232.7094,825.0606
2025-06-22 12:00:00,Beauty,Credit Card,Regular,6,2301.19,0.12,13807.14,1656.8567999999998,12150.2832
2025-06-22 18:00:00,Beauty,Credit Card,Regular,3,1542.25,0.02,4626.75,92.535,4534.215
2025-06-23 00:00:00,Home & Kitchen,Debit Card,New,1,2027.92,0.24,2027.92,486.7008,1541.2192
2025-06-23 06:00:00,Electronics,Debit Card,New,7,990.49,0.17,6933.43,1178.6831000000002,5754.7469
2025-06-23 12:00:00,Electronics,Debit Card,Regular,1,1206.02,0.07,1206.02,84.4214,1121.5986
2025-06-23 18:00:00,Groceries,Credit Card,New,1,2178.68,0.27,2178.68,588.2436,1590.4363999999998
2025-06-24 00:00:00,Home & Kitchen,Cash,Regular,4,1066.38,0.01,4265.52,42.65520000000001,4222.8648
2025-06-24 06:00:00,Groceries,Credit Card,Regular,4,1359.92,0.06,5439.68,326.3808,5113.2992
2025-06-24 12:00:00,Groceries,UPI,Regular,1,99.48,0.23,99.48,22.8804,76.59960000000001
2025-06-24 18:00:00,Groceries,Credit Card,Regular,6,438.57,0.21,2631.42,552.5982,2078.8218
2025-06-25 00:00:00,Clothing,UPI,Regular,2,1622.13,0.09,3244.26,291.9834,2952.2766
2025-06-25 06:00:00,Clothing,Cash,Regular,2,1806.59,0.02,3613.18,72.2636,3540.9164
2025-06-25 12:00:00,Groceries,Debit Card,Regular,3,1477.37,0.26,4432.11,1152.3486,3279.7613999999994
2025-06-25 18:00:00,Home & Kitchen,Debit Card,Regular,5,401.11,0.09,2005.5500000000002,180.4995,1825.0505000000003
2025-06-26 00:00:00,Electronics,Credit Card,New,7,1141.24,0.06,7988.68,479.3208,7509.3592
2025-06-26 06:00:00,Home & Kitchen,Debit Card,Regular,3,919.98,0.15,2759.94,413.991,2345.949
2025-06-26 12:00:00,Beauty,Cash,Regular,1,1264.37,0.27,1264.37,341.3799,922.9900999999999
2025-06-26 18:00:00,Clothing,Debit Card,New,7,2182.31,0.01,15276.17,152.7617,15123.408300000001
2025-06-27 00:00:00,Electronics,Credit Card,New,1,1950.86,0.23,1950.86,448.6978,1502.1622
2025-06-27 06:00:00,Electronics,Cash,New,1,255.77,0.17,255.77,43.480900000000005,212.28910000000002
2025-06-27 12:00:00,Beauty,UPI,Regular,5,2231.26,0.13,11156.300000000001,1450.3190000000002,9705.981000000002
2025-06-27 18:00:00,Beauty,Credit Card,Regular,4,1205.83,0.22,4823.32,1061.1304,3762.1895999999997
2025-06-28 00:00:00,Groceries,UPI,Regular,5,1872.46,0.29,9362.3,2715.0669999999996,6647.233
2025-06-28 06:00:00,Clothing,Cash,Regular,3,393.1,0.07,1179.3000000000002,82.55100000000002,1096.7490000000003
2025-06-28 12:00:00,Clothing,Credit Card,New,4,1693.26,0.04,6773.04,270.9216,6502.1184
2025-06-28 18:00:00,Home & Kitchen,Credit Card,Regular,4,629.0,0.27,2516.0,679.32,1836.6799999999998
2025-06-29 00:00:00,Groceries,Cash,Regular,3,1124.03,0.2,3372.09,674.4180000000001,2697.672
2025-06-29 06:00:00,Groceries,Debit Card,Regular,4,91.31,0.13,365.24,47.4812,317.7588
2025-06-29 12:00:00,Groceries,Credit Card,Regular,7,421.45,0.17,2950.15,501.5255000000001,2448.6245
2025-06-29 18:00:00,Groceries,Credit Card,New,2,275.6,0.22,551.2,121.26400000000001,429.93600000000004
2025-06-30 00:00:00,Clothing,UPI,Regular,3,637.37,0.23,1912.1100000000001,439.78530000000006,1472.3247000000001
2025-06-30 06:00:00,Clothing,Debit Card,Regular,3,295.04,0.28,885.1200000000001,247.83360000000005,637.2864000000001
2025-06-30 12:00:00,Groceries,UPI,Regular,2,1745.18,0.13,3490.36,453.7468,3036.6132000000002
2025-06-30 18:00:00,Home & Kitchen,UPI,Regular,5,121.15,0.09,605.75,54.5175,551.2325
2025-07-01 00:00:00,Electronics,Debit Card,Regular,5,1563.46,0.19,7817.3,1485.287,6332.013
2025-07-01 06:00:00,Electronics,Debit Card,Regular,5,394.73,0.12,1973.65,236.838,1736.8120000000001
2025-07-01 12:00:00,Home & Kitchen,Cash,Regular,4,2365.65,0.18,9462.6,1703.268,7759.332
2025-07-01 18:00:00,Groceries,Debit Card,New,2,2336.08,0.13,4672.16,607.3808,4064.7792
2025-07-02 00:00:00,Clothing,Credit Card,New,7,602.48,0.05,4217.360000000001,210.86800000000005,4006.4920000000006
2025-07-02 06:00:00,Electronics,Debit Card,New,3,1555.33,0.14,4665.99,653.2386,4012.7513999999996
2025-07-02 12:00:00,Beauty,Cash,New,3,118.61,0.21,355.83,74.7243,281.10569999999996
2025-07-02 18:00:00,Beauty,Cash,Regular,3,2332.88,0.24,6998.64,1679.6736,5318.9664
2025-07-03 00:00:00,Home & Kitchen,Cash,Regular,4,1331.32,0.15,5325.28,798.7919999999999,4526.487999999999
2025-07-03 06:00:00,Groceries,Debit Card,Regular,4,155.9,0.05,623.6,31.180000000000003,592.4200000000001
2025-07-03 12:00:00,Electronics,Debit Card,New,6,889.12,0.12,5334.72,640.1664,4694.5536
2025-07-03 18:00:00,Groceries,UPI,New,7,238.28,0.24,1667.96,400.3104,1267.6496
2025-07-04 00:00:00,Electronics,UPI,New,5,1012.71,0.12,5063.55,607.626,4455.924
2025-07-04 06:00:00,Home & Kitchen,Credit Card,Regular,6,1691.32,0.21,10147.92,2131.0632,8016.8568
2025-07-04 12:00:00,Home & Kitchen,UPI,New,6,1201.23,0.15,7207.38,1081.107,6126.273
2025-07-04 18:00:00,Beauty,Credit Card,Regular,4,990.12,0.07,3960.48,277.2336,3683.2464
2025-07-05 00:00:00,Groceries,Cash,Regular,5,341.93,0.24,1709.65,410.31600000000003,1299.334
2025-07-05 06:00:00,Beauty,UPI,Regular,5,650.1,0.03,3250.5,97.515,3152.985
2025-07-05 12:00:00,Groceries,Debit Card,Regular,3,295.35,0.16,886.0500000000001,141.768,744.282
2025-07-05 18:00:00,Beauty,UPI,Regular,4,2028.37,0.06,8113.48,486.80879999999996,7626.6712
2025-07-06 00:00:00,Clothing,Credit Card,Regular,5,381.34,0.02,1906.6999999999998,38.134,1868.5659999999998
2025-07-06 06:00:00,Clothing,UPI,Regular,6,1508.66,0.15,9051.960000000001,1357.794,7694.166000000001
2025-07-06 12:00:00,Clothing,Cash,Regular,2,889.71,0.15,1779.42,266.913,1512.507
2025-07-06 18:00:00,Clothing,Debit Card,New,2,603.65,0.21,1207.3,253.533,953.7669999999999
2025-07-07 00:00:00,Electronics,Credit Card,New,4,1616.7,0.22,6466.8,1422.6960000000001,5044.104
2025-07-07 06:00:00,Clothing,Debit Card,Regular,3,1169.66,0.22,3508.9800000000005,771.9756000000001,2737.0044000000003
2025-07-07 12:00:00,Home & Kitchen,Debit Card,New,3,1030.36,0.12,3091.08,370.9296,2720.1504
2025-07-07 18:00:00,Home & Kitchen,Credit Card,New,5,1502.49,0.19,7512.45,1427.3654999999999,6085.0845
2025-07-08 00:00:00,Electronics,Debit Card,Regular,7,1253.61,0.17,8775.269999999999,1491.7958999999998,7283.4740999999985
2025-07-08 06:00:00,Clothing,Debit Card,Regular,4,793.54,0.13,3174.16,412.6408,2761.5191999999997
2025-07-08 12:00:00,Clothing,UPI,Regular,7,1419.7,0.18,9937.9,1788.822,8149.0779999999995
2025-07-08 18:00:00,Clothing,Debit Card,Regular,2,1690.27,0.28,3380.54,946.5512000000001,2433.9888
2025-07-09 00:00:00,Beauty,Debit Card,New,6,115.4,0.06,692.4000000000001,41.544000000000004,650.8560000000001
2025-07-09 06:00:00,Groceries,Debit Card,New,5,1191.39,0.27,5956.950000000001,1608.3765000000003,4348.5735
2025-07-09 12:00:00,Beauty,Debit Card,Regular,6,191.32,0.02,1147.92,22.9584,1124.9616
2025-07-09 18:00:00,Groceries,Credit Card,New,7,506.69,0.09,3546.83,319.2147,3227.6153
2025-07-10 00:00:00,Clothing,Cash,New,5,1423.25,0.09,7116.25,640.4625,6475.7875
2025-07-10 06:00:00,Clothing,UPI,New,1,2172.16,0.19,2172.16,412.7104,1759.4496
2025-07-10 12:00:00,Beauty,Debit Card,Regular,6,2212.87,0.04,13277.22,531.0888,12746.1312
2025-07-10 18:00:00,Beauty,Debit Card,New,4,221.36,0.26,885.44,230.2144,655.2256
2025-07-11 00:00:00,Groceries,Credit Card,Regular,6,1076.81,0.25,6460.86,1615.215,4845.6449999999995
2025-07-11 06:00:00,Home & Kitchen,Cash,Regular,6,1478.37,0.2,8870.22,1774.0439999999999,7096.1759999999995
2025-07-11 12:00:00,Groceries,Debit Card,Regular,5,410.32,0.14,2051.6,287.224,1764.376
2025-07-11 18:00:00,Beauty,Credit Card,Regular,2,1925.31,0.28,3850.62,1078.1736,2772.4464
2025-07-12 00:00:00,Beauty,UPI,New,7,1873.38,0.25,13113.66,3278.415,9835.244999999999
2025-07-12 06:00:00,Electronics,UPI,Regular,1,2263.19,0.15,2263.19,339.4785,1923.7115000000001
2025-07-12 12:00:00,Beauty,Debit Card,Regular,6,70.79,0.21,424.74,89.19539999999999,335.5446
2025-07-12 18:00:00,Electronics,Debit Card,Regular,7,580.88,0.17,4066.16,691.2472,3374.9128
2025-07-13 00:00:00,Home & Kitchen,Cash,New,7,2076.61,0.18,14536.27,2616.5286,11919.7414
2025-07-13 06:00:00,Groceries,Cash,Regular,2,1692.92,0.1,3385.84,338.58400000000006,3047.2560000000003
2025-07-13 12:00:00,Groceries,Debit Card,New,3,2241.26,0.14,6723.780000000001,941.3292000000001,5782.4508000000005
2025-07-13 18:00:00,Electronics,Credit Card,Regular,1,190.09,0.02,190.09,3.8018,186.28820000000002
2025-07-14 00:00:00,Groceries,Cash,Regular,1,1512.56,0.11,1512.56,166.3816,1346.1784
2025-07-14 06:00:00,Beauty,Debit Card,Regular,7,1444.16,0.21,10109.12,2122.9152,7986.204800000001
2025-07-14 12:00:00,Clothing,Cash,Regular,5,137.4,0.29,687.0,199.23,487.77
2025-07-14 18:00:00,Electronics,Debit Card,Regular,6,1308.13,0.29,7848.780000000001,2276.1462,5572.6338000000005
2025-07-15 00:00:00,Groceries,UPI,Regular,3,1543.32,0.17,4629.96,787.0932,3842.8668
2025-07-15 06:00:00,Electronics,Debit Card,New,5,518.67,0.18,2593.35,466.80299999999994,2126.547
2025-07-15 12:00:00,Electronics,UPI,Regular,4,719.66,0.06,2878.64,172.71839999999997,2705.9215999999997
2025-07-15 18:00:00,Clothing,Cash,Regular,2,1618.85,0.21,3237.7,679.9169999999999,2557.783
2025-07-16 00:00:00,Beauty,Debit Card,Regular,2,1197.34,0.02,2394.68,47.8936,2346.7864
2025-07-16 06:00:00,Electronics,Cash,New,5,2152.13,0.09,10760.650000000001,968.4585000000001,9792.1915
2025-07-16 12:00:00,Groceries,UPI,Regular,7,888.84,0.2,6221.88,1244.3760000000002,4977.504
2025-07-16 18:00:00,Home & Kitchen,Debit Card,Regular,2,703.32,0.09,1406.64,126.5976,1280.0424
2025-07-17 00:00:00,Electronics,Cash,New,6,2462.92,0.01,14777.52,147.7752,14629.7448
2025-07-17 06:00:00,Electronics,UPI,Regular,2,2282.28,0.25,4564.56,1141.14,3423.42
2025-07-17 12:00:00,Clothing,Cash,Regular,6,121.03,0.09,726.1800000000001,65.3562,660.8238000000001
2025-07-17 18:00:00,Beauty,Credit Card,Regular,4,1938.29,0.02,7753.16,155.0632,7598.0968
2025-07-18 00:00:00,Home & Kitchen,UPI,Regular,3,320.32,0.02,960.96,19.2192,941.7408
2025-07-18 06:00:00,Groceries,UPI,Regular,1,117.34,0.08,117.34,9.3872,107.9528
2025-07-18 12:00:00,Home & Kitchen,UPI,Regular,5,720.55,0.05,3602.75,180.13750000000002,3422.6125
2025-07-18 18:00:00,Groceries,Debit Card,Regular,5,709.9,0.23,3549.5,816.385,2733.115
2025-07-19 00:00:00,Beauty,Debit Card,Regular,6,2057.33,0.1,12343.98,1234.3980000000001,11109.581999999999
2025-07-19 06:00:00,Groceries,Debit Card,Regular,4,1791.13,0.24,7164.52,1719.4848,5445.0352
2025-07-19 12:00:00,Clothing,Credit Card,New,4,2454.94,0.05,9819.76,490.98800000000006,9328.772
2025-07-19 18:00:00,Clothing,Credit Card,New,7,1793.21,0.15,12552.470000000001,1882.8705,10669.5995
2025-07-20 00:00:00,Clothing,UPI,New,1,1074.73,0.21,1074.73,225.6933,849.0367
2025-07-20 06:00:00,Clothing,Credit Card,Regular,3,1762.37,0.2,5287.11,1057.422,4229.688
2025-07-20 12:00:00,Home & Kitchen,Cash,Regular,5,2498.67,0.18,12493.35,2248.803,10244.547
2025-07-20 18:00:00,Beauty,UPI,Regular,6,1789.85,0.28,10739.099999999999,3006.948,7732.151999999998
2025-07-21 00:00:00,Groceries,UPI,Regular,4,1916.12,0.07,7664.48,536.5136,7127.966399999999
2025-07-21 06:00:00,Groceries,Cash,New,5,2348.99,0.15,11744.949999999999,1761.7424999999998,9983.207499999999
2025-07-21 12:00:00,Clothing,UPI,Regular,6,328.45,0.27,1970.6999999999998,532.0889999999999,1438.6109999999999
2025-07-21 18:00:00,Clothing,Credit Card,Regular,2,1776.72,0.02,3553.44,71.0688,3482.3712
2025-07-22 00:00:00,Electronics,Debit Card,Regular,5,2134.47,0.02,10672.349999999999,213.44699999999997,10458.902999999998
2025-07-22 06:00:00,Beauty,Cash,Regular,3,2388.23,0.07,7164.6900000000005,501.52830000000006,6663.161700000001
2025-07-22 12:00:00,Home & Kitchen,Credit Card,Regular,6,566.87,0.19,3401.2200000000003,646.2318,2754.9882000000002
2025-07-22 18:00:00,Groceries,Cash,Regular,3,1284.63,0.08,3853.8900000000003,308.31120000000004,3545.5788000000002
2025-07-23 00:00:00,Electronics,Cash,Regular,5,1717.36,0.06,8586.8,515.208,8071.592
2025-07-23 06:00:00,Electronics,UPI,New,2,656.3,0.14,1312.6,183.764,1128.8359999999998
2025-07-23 12:00:00,Groceries,UPI,Regular,3,1521.16,0.18,4563.4800000000005,821.4264000000001,3742.0536
2025-07-23 18:00:00,Home & Kitchen,Credit Card,New,4,681.07,0.07,2724.28,190.69960000000003,2533.5804000000003
2025-07-24 00:00:00,Electronics,Cash,New,6,866.97,0.09,5201.82,468.1638,4733.656199999999
2025-07-24 06:00:00,Electronics,UPI,Regular,5,1131.72,0.18,5658.6,1018.548,4640.052000000001
2025-07-24 12:00:00,Beauty,UPI,New,2,1346.52,0.28,2693.04,754.0512000000001,1938.9887999999999
2025-07-24 18:00:00,Home & Kitchen,Cash,Regular,4,1150.95,0.2,4603.8,920.7600000000001,3683.04
2025-07-25 00:00:00,Electronics,Credit Card,New,5,1258.33,0.23,6291.65,1447.0795,4844.5705
2025-07-25 06:00:00,Home & Kitchen,Credit Card,Regular,7,781.54,0.11,5470.78,601.7858,4868.9942
2025-07-25 12:00:00,Groceries,Cash,Regular,2,439.46,0.08,878.92,70.3136,808.6064
2025-07-25 18:00:00,Clothing,Credit Card,Regular,4,166.01,0.14,664.04,92.96560000000001,571.0744
2025-07-26 00:00:00,Electronics,UPI,Regular,3,530.15,0.24,1590.4499999999998,381.70799999999997,1208.7419999999997
2025-07-26 06:00:00,Beauty,Cash,New,5,1475.76,0.14,7378.8,1033.0320000000002,6345.768
2025-07-26 12:00:00,Groceries,UPI,Regular,5,1975.98,0.25,9879.9,2469.975,7409.924999999999
2025-07-26 18:00:00,Home & Kitchen,Debit Card,New,3,464.66,0.3,1393.98,418.194,975.7860000000001
2025-07-27 00:00:00,Groceries,Debit Card,Regular,7,315.96,0.02,2211.72,44.234399999999994,2167.4856
2025-07-27 06:00:00,Electronics,Credit Card,New,1,1885.76,0.01,1885.76,18.8576,1866.9024
2025-07-27 12:00:00,Home & Kitchen,Debit Card,Regular,4,797.64,0.04,3190.56,127.6224,3062.9375999999997
2025-07-27 18:00:00,Clothing,UPI,Regular,3,2381.17,0.12,7143.51,857.2212,6286.2888
2025-07-28 00:00:00,Groceries,Debit Card,Regular,5,1800.08,0.04,9000.4,360.016,8640.384
2025-07-28 06:00:00,Electronics,UPI,New,4,850.55,0.26,3402.2,884.572,2517.6279999999997
2025-07-28 12:00:00,Beauty,Credit Card,Regular,7,759.38,0.01,5315.66,53.1566,5262.5034
2025-07-28 18:00:00,Home & Kitchen,Credit Card,Regular,4,1333.06,0.09,5332.24,479.9016,4852.3384
2025-07-29 00:00:00,Groceries,UPI,Regular,1,243.9,0.06,243.9,14.634,229.26600000000002
2025-07-29 06:00:00,Groceries,Debit Card,New,5,338.31,0.28,1691.55,473.634,1217.916
2025-07-29 12:00:00,Clothing,Credit Card,Regular,2,480.85,0.2,961.7,192.34000000000003,769.36
2025-07-29 18:00:00,Clothing,Cash,Regular,1,1948.07,0.27,1948.07,525.9789000000001,1422.0910999999999
2025-07-30 00:00:00,Beauty,Credit Card,Regular,1,1308.95,0.29,1308.95,379.59549999999996,929.3545000000001
2025-07-30 06:00:00,Beauty,Debit Card,New,2,75.89,0.15,151.78,22.767,129.013
2025-07-30 12:00:00,Electronics,Cash,New,2,1700.12,0.07,3400.24,238.01680000000002,3162.2232
2025-07-30 18:00:00,Electronics,Debit Card,Regular,7,1088.04,0.06,7616.28,456.97679999999997,7159.303199999999
2025-07-31 00:00:00,Beauty,UPI,Regular,7,1301.59,0.07,9111.13,637.7791,8473.3509
2025-07-31 06:00:00,Beauty,Cash,Regular,1,574.58,0.21,574.58,120.6618,453.91820000000007
2025-07-31 12:00:00,Home & Kitchen,Debit Card,Regular,4,1401.87,0.01,5607.48,56.074799999999996,5551.405199999999
2025-07-31 18:00:00,Clothing,Cash,Regular,3,2448.93,0.02,7346.789999999999,146.93579999999997,7199.854199999999
2025-08-01 00:00:00,Electronics,Debit Card,New,3,229.94,0.18,689.8199999999999,124.16759999999998,565.6524
2025-08-01 06:00:00,Clothing,Cash,Regular,1,745.6,0.19,745.6,141.66400000000002,603.936
2025-08-01 12:00:00,Clothing,Debit Card,New,4,645.34,0.2,2581.36,516.272,2065.088
2025-08-01 18:00:00,Beauty,UPI,Regular,2,658.95,0.11,1317.9,144.96900000000002,1172.931
2025-08-02 00:00:00,Home & Kitchen,Cash,New,6,977.83,0.24,5866.9800000000005,1408.0752,4458.9048
2025-08-02 06:00:00,Groceries,Cash,Regular,1,2054.37,0.16,2054.37,328.69919999999996,1725.6707999999999
2025-08-02 12:00:00,Home & Kitchen,Cash,Regular,5,2286.5,0.03,11432.5,342.97499999999997,11089.525
2025-08-02 18:00:00,Home & Kitchen,Cash,Regular,4,545.43,0.24,2181.72,523.6127999999999,1658.1072
2025-08-03 00:00:00,Clothing,UPI,Regular,5,1380.23,0.29,6901.15,2001.3334999999997,4899.8165
2025-08-03 06:00:00,Home & Kitchen,Cash,Regular,5,1610.4,0.02,8052.0,161.04,7890.96
2025-08-03 12:00:00,Electronics,Credit Card,New,1,1328.48,0.12,1328.48,159.4176,1169.0624
2025-08-03 18:00:00,Clothing,UPI,New,4,1113.49,0.15,4453.96,668.0939999999999,3785.866
2025-08-04 00:00:00,Electronics,Credit Card,Regular,5,520.34,0.04,2601.7000000000003,104.06800000000001,2497.632
2025-08-04 06:00:00,Groceries,Cash,Regular,7,1246.14,0.26,8722.980000000001,2267.9748000000004,6455.005200000001
2025-08-04 12:00:00,Clothing,Debit Card,Regular,7,1032.98,0.09,7230.860000000001,650.7774000000001,6580.082600000001
2025-08-04 18:00:00,Groceries,Credit Card,Regular,4,1999.13,0.23,7996.52,1839.1996000000001,6157.3204000000005
2025-08-05 00:00:00,Clothing,Cash,Regular,3,1920.83,0.2,5762.49,1152.498,4609.992
2025-08-05 06:00:00,Beauty,Credit Card,New,6,378.3,0.18,2269.8,408.564,1861.236
2025-08-05 12:00:00,Home & Kitchen,Cash,New,5,266.87,0.06,1334.35,80.06099999999999,1254.289
2025-08-05 18:00:00,Beauty,Cash,New,5,2274.98,0.07,11374.9,796.243,10578.657
2025-08-06 00:00:00,Groceries,Cash,Regular,4,1362.0,0.01,5448.0,54.480000000000004,5393.52
2025-08-06 06:00:00,Home & Kitchen,Debit Card,New,7,2151.61,0.07,15061.27,1054.2889000000002,14006.9811
2025-08-06 12:00:00,Clothing,Credit Card,New,6,192.47,0.1,1154.82,115.482,1039.338
2025-08-06 18:00:00,Home & Kitchen,UPI,Regular,3,1339.96,0.25,4019.88,1004.97,3014.91
2025-08-07 00:00:00,Electronics,UPI,Regular,5,1371.59,0.11,6857.95,754.3745,6103.5755
2025-08-07 06:00:00,Home & Kitchen,UPI,New,1,2158.72,0.23,2158.72,496.50559999999996,1662.2143999999998
2025-08-07 12:00:00,Electronics,UPI,Regular,7,289.14,0.13,2023.98,263.11740000000003,1760.8626
2025-08-07 18:00:00,Home & Kitchen,Cash,Regular,4,639.09,0.24,2556.36,613.5264,1942.8336000000002
2025-08-08 00:00:00,Electronics,Credit Card,Regular,4,1046.02,0.29,4184.08,1213.3832,2970.6967999999997
2025-08-08 06:00:00,Groceries,Credit Card,Regular,7,2171.31,0.07,15199.17,1063.9419,14135.2281
2025-08-08 12:00:00,Beauty,Debit Card,Regular,5,2350.26,0.26,11751.300000000001,3055.338,8695.962000000001
2025-08-08 18:00:00,Clothing,Credit Card,New,3,2482.18,0.19,7446.539999999999,1414.8426,6031.697399999999
2025-08-09 00:00:00,Home & Kitchen,Credit Card,New,5,2400.02,0.25,12000.1,3000.025,9000.075
2025-08-09 06:00:00,Beauty,Credit Card,Regular,7,64.56,0.2,451.92,90.38400000000001,361.536
2025-08-09 12:00:00,Clothing,Debit Card,Regular,2,166.89,0.13,333.78,43.3914,290.3886
2025-08-09 18:00:00,Clothing,UPI,Regular,5,411.64,0.07,2058.2,144.074,1914.1259999999997
2025-08-10 00:00:00,Electronics,Credit Card,Regular,6,904.71,0.02,5428.26,108.5652,5319.6948
2025-08-10 06:00:00,Groceries,Debit Card,Regular,7,2083.3,0.16,14583.100000000002,2333.2960000000003,12249.804000000002
2025-08-10 12:00:00,Groceries,Debit Card,Regular,6,2237.01,0.3,13422.060000000001,4026.6180000000004,9395.442000000001
2025-08-10 18:00:00,Beauty,Cash,Regular,7,507.74,0.22,3554.1800000000003,781.9196000000001,2772.2604
2025-08-11 00:00:00,Groceries,Debit Card,Regular,2,1568.18,0.1,3136.36,313.636,2822.724
2025-08-11 06:00:00,Home & Kitchen,UPI,Regular,6,2297.54,0.25,13785.24,3446.31,10338.93
2025-08-11 12:00:00,Groceries,Credit Card,Regular,6,1186.14,0.23,7116.84,1636.8732,5479.9668
2025-08-11 18:00:00,Beauty,Debit Card,Regular,1,303.68,0.08,303.68,24.2944,279.3856
2025-08-12 00:00:00,Groceries,UPI,New,4,1171.64,0.0,4686.56,0.0,4686.56
2025-08-12 06:00:00,Home & Kitchen,Debit Card,Regular,6,970.7,0.04,5824.200000000001,232.96800000000005,5591.232000000001
2025-08-12 12:00:00,Electronics,Debit Card,New,4,1465.26,0.26,5861.04,1523.8704,4337.1696
2025-08-12 18:00:00,Beauty,Debit Card,Regular,7,1124.71,0.25,7872.97,1968.2425,5904.7275
2025-08-13 00:00:00,Electronics,Debit Card,Regular,3,92.5,0.09,277.5,24.974999999999998,252.525
2025-08-13 06:00:00,Electronics,Debit Card,New,5,2485.29,0.09,12426.45,1118.3805,11308.069500000001
2025-08-13 12:00:00,Electronics,UPI,Regular,1,1381.67,0.24,1381.67,331.6008,1050.0692000000001
2025-08-13 18:00:00,Clothing,Credit Card,Regular,7,1210.4,0.28,8472.800000000001,2372.3840000000005,6100.416000000001
2025-08-14 00:00:00,Clothing,Credit Card,Regular,2,2388.81,0.23,4777.62,1098.8526,3678.7673999999997
2025-08-14 06:00:00,Electronics,Credit Card,Regular,3,431.86,0.18,1295.58,233.20439999999996,1062.3755999999998
2025-08-14 12:00:00,Beauty,Credit Card,New,1,513.63,0.07,513.63,35.954100000000004,477.6759
2025-08-14 18:00:00,Home & Kitchen,UPI,Regular,1,2029.64,0.16,2029.64,324.74240000000003,1704.8976
2025-08-15 00:00:00,Home & Kitchen,Cash,Regular,7,689.04,0.07,4823.28,337.62960000000004,4485.6503999999995
2025-08-15 06:00:00,Groceries,Cash,Regular,2,2008.11,0.24,4016.22,963.8928,3052.3271999999997
2025-08-15 12:00:00,Beauty,UPI,Regular,2,715.26,0.12,1430.52,171.6624,1258.8576
2025-08-15 18:00:00,Clothing,UPI,New,4,131.31,0.25,525.24,131.31,393.93
2025-08-16 00:00:00,Electronics,Debit Card,New,5,1316.69,0.11,6583.450000000001,724.1795000000001,5859.2705000000005
2025-08-16 06:00:00,Groceries,Debit Card,Regular,7,531.88,0.25,3723.16,930.79,2792.37
2025-08-16 12:00:00,Home & Kitchen,Debit Card,Regular,3,1906.72,0.1,5720.16,572.016,5148.144
2025-08-16 18:00:00,Clothing,Credit Card,New,5,1620.94,0.13,8104.700000000001,1053.611,7051.089000000001
2025-08-17 00:00:00,Clothing,Debit Card,Regular,3,2312.83,0.18,6938.49,1248.9281999999998,5689.5617999999995
2025-08-17 06:00:00,Electronics,Cash,Regular,1,1968.32,0.02,1968.32,39.3664,1928.9535999999998
2025-08-17 12:00:00,Home & Kitchen,Credit Card,Regular,6,492.9,0.28,2957.3999999999996,828.072,2129.3279999999995
2025-08-17 18:00:00,Beauty,Debit Card,Regular,6,2010.39,0.17,12062.34,2050.5978,10011.7422
2025-08-18 00:00:00,Clothing,Credit Card,New,7,1622.26,0.15,11355.82,1703.3729999999998,9652.447
2025-08-18 06:00:00,Electronics,Cash,New,2,1688.93,0.25,3377.86,844.465,2533.395
2025-08-18 12:00:00,Beauty,Debit Card,Regular,2,2089.04,0.26,4178.08,1086.3008,3091.7792
2025-08-18 18:00:00,Home & Kitchen,Cash,Regular,1,1455.87,0.16,1455.87,232.9392,1222.9307999999999
2025-08-19 00:00:00,Clothing,Cash,Regular,1,1191.71,0.28,1191.71,333.6788,858.0312
2025-08-19 06:00:00,Beauty,Cash,Regular,3,1609.77,0.02,4829.3099999999995,96.58619999999999,4732.7238
2025-08-19 12:00:00,Beauty,Debit Card,Regular,1,780.0,0.03,780.0,23.4,756.6
2025-08-19 18:00:00,Beauty,UPI,New,7,497.36,0.18,3481.52,626.6736,2854.8464
2025-08-20 00:00:00,Clothing,Debit Card,Regular,3,1560.64,0.11,4681.92,515.0112,4166.9088
2025-08-20 06:00:00,Clothing,Cash,Regular,5,622.93,0.14,3114.6499999999996,436.051,2678.5989999999997
2025-08-20 12:00:00,Groceries,Debit Card,Regular,2,245.79,0.1,491.58,49.158,442.42199999999997
2025-08-20 18:00:00,Home & Kitchen,Cash,Regular,2,51.36,0.12,102.72,12.3264,90.39359999999999
2025-08-21 00:00:00,Electronics,UPI,Regular,6,1540.38,0.25,9242.28,2310.57,6931.710000000001
2025-08-21 06:00:00,Beauty,Credit Card,New,6,937.26,0.18,5623.5599999999995,1012.2407999999999,4611.3192
2025-08-21 12:00:00,Groceries,UPI,Regular,7,1893.16,0.3,13252.12,3975.636,9276.484
2025-08-21 18:00:00,Electronics,UPI,New,2,969.18,0.24,1938.36,465.2064,1473.1535999999999
2025-08-22 00:00:00,Groceries,Credit Card,Regular,7,1240.71,0.08,8684.970000000001,694.7976000000001,7990.172400000001
2025-08-22 06:00:00,Clothing,Debit Card,Regular,5,1047.36,0.08,5236.799999999999,418.94399999999996,4817.856
2025-08-22 12:00:00,Beauty,Credit Card,Regular,5,1643.91,0.1,8219.550000000001,821.9550000000002,7397.595000000001
2025-08-22 18:00:00,Electronics,Debit Card,Regular,4,922.54,0.25,3690.16,922.54,2767.62
2025-08-23 00:00:00,Electronics,Debit Card,Regular,3,2411.23,0.01,7233.6900000000005,72.3369,7161.3531
2025-08-23 06:00:00,Electronics,Cash,Regular,6,2343.56,0.07,14061.36,984.2952000000001,13077.0648
2025-08-23 12:00:00,Electronics,Cash,New,3,2127.67,0.27,6383.01,1723.4127,4659.5973
2025-08-23 18:00:00,Electronics,Credit Card,New,6,2304.74,0.19,13828.439999999999,2627.4035999999996,11201.036399999999
2025-08-24 00:00:00,Groceries,UPI,Regular,4,1150.39,0.07,4601.56,322.10920000000004,4279.4508000000005
2025-08-24 06:00:00,Beauty,Credit Card,Regular,2,1364.25,0.07,2728.5,190.995,2537.505
2025-08-24 12:00:00,Clothing,Debit Card,Regular,7,1868.13,0.26,13076.91,3399.9966,9676.9134
2025-08-24 18:00:00,Clothing,Cash,Regular,3,1755.56,0.27,5266.68,1422.0036000000002,3844.6764000000003
2025-08-25 00:00:00,Clothing,Credit Card,Regular,6,2232.16,0.08,13392.96,1071.4368,12321.5232
2025-08-25 06:00:00,Clothing,Credit Card,New,3,1805.01,0.13,5415.03,703.9539,4711.0761
2025-08-25 12:00:00,Groceries,Cash,Regular,2,2494.82,0.25,4989.64,1247.41,3742.2300000000005
2025-08-25 18:00:00,Home & Kitchen,Cash,Regular,7,903.84,0.23,6326.88,1455.1824000000001,4871.6975999999995
2025-08-26 00:00:00,Beauty,Cash,Regular,1,2090.84,0.24,2090.84,501.8016,1589.0384000000001
2025-08-26 06:00:00,Electronics,Debit Card,Regular,6,1759.21,0.16,10555.26,1688.8416,8866.4184
2025-08-26 12:00:00,Home & Kitchen,Cash,Regular,1,1743.9,0.27,1743.9,470.85300000000007,1273.047
2025-08-26 18:00:00,Clothing,UPI,Regular,4,848.3,0.1,3393.2,339.32,3053.8799999999997
2025-08-27 00:00:00,Home & Kitchen,Credit Card,Regular,7,1974.72,0.05,13823.04,691.152,13131.888
2025-08-27 06:00:00,Beauty,Cash,Regular,5,2255.92,0.21,11279.6,2368.716,8910.884
2025-08-27 12:00:00,Electronics,Cash,Regular,3,585.44,0.16,1756.3200000000002,281.01120000000003,1475.3088000000002
2025-08-27 18:00:00,Electronics,Debit Card,New,6,1582.47,0.26,9494.82,2468.6532,7026.166799999999
2025-08-28 00:00:00,Beauty,Debit Card,Regular,3,1010.73,0.02,3032.19,60.6438,2971.5462
2025-08-28 06:00:00,Beauty,Credit Card,Regular,4,2474.39,0.25,9897.56,2474.39,7423.17
2025-08-28 12:00:00,Clothing,UPI,New,4,1223.14,0.09,4892.56,440.3304,4452.229600000001
2025-08-28 18:00:00,Electronics,Credit Card,Regular,3,609.38,0.2,1828.1399999999999,365.628,1462.512
2025-08-29 00:00:00,Home & Kitchen,Cash,Regular,6,985.55,0.01,5913.299999999999,59.132999999999996,5854.1669999999995
2025-08-29 06:00:00,Groceries,UPI,Regular,7,1651.9,0.18,11563.300000000001,2081.3940000000002,9481.906
2025-08-29 12:00:00,Groceries,UPI,Regular,2,236.42,0.22,472.84,104.0248,368.8152
2025-08-29 18:00:00,Beauty,UPI,Regular,7,1528.82,0.11,10701.74,1177.1914,9524.5486
2025-08-30 00:00:00,Clothing,UPI,New,2,2331.5,0.06,4663.0,279.78,4383.22
2025-08-30 06:00:00,Groceries,Credit Card,New,5,2133.39,0.16,10666.949999999999,1706.7119999999998,8960.238
2025-08-30 12:00:00,Electronics,Debit Card,Regular,7,215.8,0.25,1510.6000000000001,377.65000000000003,1132.95
2025-08-30 18:00:00,Beauty,Debit Card,Regular,3,2483.81,0.1,7451.43,745.143,6706.287
2025-08-31 00:00:00,Home & Kitchen,Cash,Regular,3,1761.88,0.08,5285.64,422.85120000000006,4862.7888
2025-08-31 06:00:00,Beauty,Debit Card,Regular,6,447.59,0.08,2685.54,214.8432,2470.6968
2025-08-31 12:00:00,Home & Kitchen,Debit Card,Regular,3,80.42,0.28,241.26,67.5528,173.7072
2025-08-31 18:00:00,Beauty,Debit Card,Regular,6,469.64,0.11,2817.84,309.9624,2507.8776000000003
2025-09-01 00:00:00,Beauty,Debit Card,New,3,2103.53,0.0,6310.59,0.0,6310.59
2025-09-01 06:00:00,Beauty,Cash,Regular,4,103.02,0.23,412.08,94.7784,317.3016
2025-09-01 12:00:00,Home & Kitchen,Credit Card,Regular,1,621.21,0.21,621.21,130.4541,490.7559
2025-09-01 18:00:00,Home & Kitchen,UPI,Regular,3,1905.4,0.04,5716.200000000001,228.64800000000002,5487.552000000001
2025-09-02 00:00:00,Beauty,Debit Card,New,1,1485.97,0.3,1485.97,445.791,1040.179
2025-09-02 06:00:00,Groceries,Credit Card,New,2,1967.7,0.18,3935.4,708.372,3227.0280000000002
2025-09-02 12:00:00,Clothing,Debit Card,Regular,5,1878.07,0.15,9390.35,1408.5525,7981.797500000001
2025-09-02 18:00:00,Clothing,Debit Card,Regular,7,173.97,0.11,1217.79,133.9569,1083.8331
2025-09-03 00:00:00,Clothing,UPI,New,7,2236.65,0.27,15656.550000000001,4227.2685,11429.281500000001
2025-09-03 06:00:00,Home & Kitchen,UPI,Regular,2,606.23,0.07,1212.46,84.8722,1127.5878
2025-09-03 12:00:00,Home & Kitchen,UPI,New,3,1405.81,0.09,4217.43,379.56870000000004,3837.8613000000005
2025-09-03 18:00:00,Groceries,Debit Card,Regular,7,1628.51,0.04,11399.57,455.9828,10943.5872
2025-09-04 00:00:00,Clothing,Debit Card,Regular,6,463.14,0.23,2778.84,639.1332000000001,2139.7068
2025-09-04 06:00:00,Clothing,Debit Card,Regular,2,2441.77,0.18,4883.54,879.0372,4004.5028
2025-09-04 12:00:00,Beauty,UPI,New,4,1245.98,0.18,4983.92,897.1056,4086.8144
2025-09-04 18:00:00,Home & Kitchen,Cash,Regular,1,191.22,0.07,191.22,13.3854,177.8346
2025-09-05 00:00:00,Clothing,Credit Card,New,6,2346.29,0.2,14077.74,2815.5480000000002,11262.192
2025-09-05 06:00:00,Groceries,Cash,Regular,7,1486.36,0.23,10404.519999999999,2393.0395999999996,8011.480399999999
2025-09-05 12:00:00,Groceries,Debit Card,Regular,6,1763.02,0.11,10578.119999999999,1163.5931999999998,9414.5268
2025-09-05 18:00:00,Clothing,Debit Card,Regular,3,1336.68,0.24,4010.04,962.4096,3047.6304
2025-09-06 00:00:00,Home & Kitchen,Cash,Regular,4,2095.11,0.1,8380.44,838.0440000000001,7542.396000000001
2025-09-06 06:00:00,Groceries,Debit Card,Regular,1,131.18,0.23,131.18,30.171400000000002,101.0086
2025-09-06 12:00:00,Beauty,Credit Card,Regular,4,707.53,0.01,2830.12,28.301199999999998,2801.8188
2025-09-06 18:00:00,Groceries,Debit Card,New,2,1200.64,0.17,2401.28,408.21760000000006,1993.0624000000003
2025-09-07 00:00:00,Electronics,Credit Card,Regular,3,237.68,0.29,713.04,206.78159999999997,506.2584
2025-09-07 06:00:00,Electronics,Cash,New,6,1779.47,0.29,10676.82,3096.2778,7580.5422
2025-09-07 12:00:00,Home & Kitchen,Cash,Regular,6,1014.48,0.08,6086.88,486.9504,5599.9296
2025-09-07 18:00:00,Clothing,Debit Card,New,2,718.04,0.13,1436.08,186.6904,1249.3896
2025-09-08 00:00:00,Home & Kitchen,Credit Card,Regular,6,58.28,0.02,349.68,6.993600000000001,342.6864
2025-09-08 06:00:00,Home & Kitchen,Debit Card,Regular,5,1813.58,0.26,9067.9,2357.654,6710.245999999999
2025-09-08 12:00:00,Home & Kitchen,UPI,Regular,3,2092.83,0.17,6278.49,1067.3433,5211.146699999999
2025-09-08 18:00:00,Home & Kitchen,UPI,Regular,2,1017.85,0.12,2035.7,244.284,1791.4160000000002
2025-09-09 00:00:00,Beauty,UPI,New,3,1432.33,0.03,4296.99,128.9097,4168.0803
2025-09-09 06:00:00,Beauty,UPI,Regular,1,607.83,0.28,607.83,170.19240000000002,437.6376
2025-09-09 12:00:00,Groceries,Debit Card,Regular,3,1574.38,0.16,4723.14,755.7024,3967.4376
2025-09-09 18:00:00,Electronics,UPI,New,3,79.74,0.08,239.21999999999997,19.1376,220.08239999999998
2025-09-10 00:00:00,Home & Kitchen,Credit Card,Regular,1,1247.18,0.11,1247.18,137.18980000000002,1109.9902
2025-09-10 06:00:00,Groceries,Cash,New,2,1628.3,0.08,3256.6,260.528,2996.072
2025-09-10 12:00:00,Electronics,Cash,Regular,3,2299.57,0.18,6898.710000000001,1241.7678,5656.942200000001
2025-09-10 18:00:00,Clothing,UPI,New,4,984.27,0.28,3937.08,1102.3824000000002,2834.6975999999995
2025-09-11 00:00:00,Beauty,UPI,Regular,3,1924.72,0.26,5774.16,1501.2816,4272.8784
2025-09-11 06:00:00,Electronics,UPI,Regular,2,1514.33,0.14,3028.66,424.0124,2604.6476
2025-09-11 12:00:00,Clothing,Debit Card,Regular,6,2321.18,0.25,13927.079999999998,3481.7699999999995,10445.309999999998
2025-09-11 18:00:00,Electronics,Cash,New,7,1026.03,0.13,7182.21,933.6873,6248.5226999999995
2025-09-12 00:00:00,Beauty,UPI,Regular,1,831.78,0.08,831.78,66.5424,765.2375999999999
2025-09-12 06:00:00,Beauty,Credit Card,Regular,6,2223.5,0.3,13341.0,4002.2999999999997,9338.7
2025-09-12 12:00:00,Groceries,UPI,Regular,2,170.65,0.09,341.3,30.717,310.583
2025-09-12 18:00:00,Home & Kitchen,Cash,New,5,384.14,0.1,1920.6999999999998,192.07,1728.6299999999999
2025-09-13 00:00:00,Electronics,UPI,New,7,251.89,0.3,1763.23,528.9689999999999,1234.261
2025-09-13 06:00:00,Electronics,Cash,New,6,2115.62,0.04,12693.72,507.74879999999996,12185.9712
2025-09-13 12:00:00,Clothing,UPI,Regular,3,75.99,0.23,227.96999999999997,52.433099999999996,175.53689999999997
2025-09-13 18:00:00,Beauty,Credit Card,Regular,7,2161.06,0.28,15127.42,4235.6776,10891.7424
2025-09-14 00:00:00,Electronics,UPI,Regular,3,1155.61,0.15,3466.83,520.0245,2946.8055
2025-09-14 06:00:00,Beauty,Credit Card,New,1,59.86,0.0,59.86,0.0,59.86
2025-09-14 12:00:00,Electronics,Credit Card,Regular,3,1034.03,0.11,3102.09,341.22990000000004,2760.8601
2025-09-14 18:00:00,Groceries,UPI,Regular,7,507.66,0.03,3553.6200000000003,106.60860000000001,3447.0114000000003
2025-09-15 00:00:00,Home & Kitchen,Credit Card,New,4,1579.78,0.12,6319.12,758.2944,5560.8256
2025-09-15 06:00:00,Electronics,Debit Card,Regular,4,1714.43,0.24,6857.72,1645.8528,5211.867200000001
2025-09-15 12:00:00,Beauty,UPI,Regular,6,1244.44,0.13,7466.64,970.6632000000001,6495.9768
2025-09-15 18:00:00,Groceries,UPI,Regular,2,149.27,0.13,298.54,38.8102,259.7298
2025-09-16 00:00:00,Electronics,Credit Card,Regular,1,1657.52,0.17,1657.52,281.77840000000003,1375.7415999999998
2025-09-16 06:00:00,Clothing,Credit Card,New,5,2113.0,0.17,10565.0,1796.0500000000002,8768.95
2025-09-16 12:00:00,Home & Kitchen,UPI,Regular,6,1814.79,0.26,10888.74,2831.0724,8057.6676
2025-09-16 18:00:00,Electronics,Debit Card,Regular,2,2083.4,0.09,4166.8,375.012,3791.788
2025-09-17 00:00:00,Groceries,Credit Card,Regular,1,541.25,0.25,541.25,135.3125,405.9375
2025-09-17 06:00:00,Clothing,Credit Card,Regular,7,2227.78,0.17,15594.460000000001,2651.0582000000004,12943.4018
2025-09-17 12:00:00,Groceries,Cash,Regular,1,839.37,0.09,839.37,75.5433,763.8267
2025-09-17 18:00:00,Groceries,Debit Card,Regular,7,82.84,0.09,579.88,52.1892,527.6908
2025-09-18 00:00:00,Clothing,Debit Card,Regular,6,2116.31,0.11,12697.86,1396.7646,11301.0954
2025-09-18 06:00:00,Groceries,UPI,Regular,2,2357.46,0.19,4714.92,895.8348,3819.0852
2025-09-18 12:00:00,Clothing,Debit Card,Regular,2,1656.12,0.07,3312.24,231.8568,3080.3831999999998
2025-09-18 18:00:00,Electronics,UPI,Regular,3,617.02,0.28,1851.06,518.2968000000001,1332.7631999999999
2025-09-19 00:00:00,Clothing,Cash,New,5,666.77,0.17,3333.85,566.7545,2767.0955
2025-09-19 06:00:00,Clothing,Debit Card,New,4,1193.15,0.28,4772.6,1336.3280000000002,3436.272
2025-09-19 12:00:00,Home & Kitchen,Credit Card,New,3,2249.69,0.01,6749.07,67.4907,6681.579299999999
2025-09-19 18:00:00,Clothing,Cash,Regular,1,416.51,0.1,416.51,41.651,374.859
2025-09-20 00:00:00,Clothing,UPI,Regular,5,2073.64,0.01,10368.199999999999,103.68199999999999,10264.517999999998
2025-09-20 06:00:00,Electronics,Cash,Regular,5,763.69,0.08,3818.4500000000003,305.47600000000006,3512.974
2025-09-20 12:00:00,Home & Kitchen,UPI,Regular,2,2031.04,0.26,4062.08,1056.1408000000001,3005.9392
2025-09-20 18:00:00,Beauty,Cash,Regular,5,2304.66,0.01,11523.3,115.23299999999999,11408.067
2025-09-21 00:00:00,Electronics,UPI,Regular,6,1097.36,0.13,6584.16,855.9408,5728.2192
2025-09-21 06:00:00,Electronics,Debit Card,New,5,944.37,0.04,4721.85,188.87400000000002,4532.976000000001
2025-09-21 12:00:00,Beauty,Credit Card,Regular,1,2015.44,0.13,2015.44,262.0072,1753.4328
2025-09-21 18:00:00,Clothing,UPI,Regular,6,1347.23,0.25,8083.38,2020.845,6062.535
2025-09-22 00:00:00,Groceries,Cash,New,6,1726.9,0.19,10361.400000000001,1968.6660000000004,8392.734
2025-09-22 06:00:00,Home & Kitchen,UPI,Regular,3,1575.93,0.22,4727.79,1040.1138,3687.6762
2025-09-22 12:00:00,Groceries,UPI,New,5,424.58,0.1,2122.9,212.29000000000002,1910.6100000000001
2025-09-22 18:00:00,Beauty,UPI,New,2,2119.74,0.28,4239.48,1187.0544,3052.4255999999996
2025-09-23 00:00:00,Electronics,Cash,New,7,529.65,0.21,3707.5499999999997,778.5854999999999,2928.9645
2025-09-23 06:00:00,Electronics,Credit Card,Regular,3,2334.09,0.13,7002.27,910.2951,6091.9749
2025-09-23 12:00:00,Home & Kitchen,Debit Card,New,2,663.9,0.13,1327.8,172.614,1155.186
2025-09-23 18:00:00,Electronics,Credit Card,Regular,5,1848.01,0.28,9240.05,2587.214,6652.835999999999
2025-09-24 00:00:00,Electronics,UPI,Regular,3,747.41,0.17,2242.23,381.1791,1861.0509
2025-09-24 06:00:00,Home & Kitchen,Cash,Regular,5,828.57,0.21,4142.85,869.9985,3272.8515
2025-09-24 12:00:00,Home & Kitchen,Credit Card,Regular,1,809.5,0.13,809.5,105.235,704.265
2025-09-24 18:00:00,Beauty,UPI,Regular,3,1882.34,0.07,5647.0199999999995,395.2914,5251.7285999999995
2025-09-25 00:00:00,Electronics,Debit Card,Regular,2,1414.2,0.22,2828.4,622.248,2206.152
2025-09-25 06:00:00,Electronics,Debit Card,New,1,2213.23,0.18,2213.23,398.3814,1814.8486
2025-09-25 12:00:00,Beauty,Debit Card,New,4,803.06,0.15,3212.24,481.83599999999996,2730.404
2025-09-25 18:00:00,Clothing,UPI,New,2,1745.38,0.19,3490.76,663.2444,2827.5156
2025-09-26 00:00:00,Clothing,Cash,Regular,7,1894.72,0.06,13263.04,795.7824,12467.2576
2025-09-26 06:00:00,Clothing,Credit Card,New,5,421.13,0.24,2105.65,505.356,1600.294
2025-09-26 12:00:00,Beauty,Debit Card,Regular,2,1031.44,0.28,2062.88,577.6064000000001,1485.2736
2025-09-26 18:00:00,Electronics,UPI,New,4,1232.9,0.27,4931.6,1331.5320000000002,3600.068
2025-09-27 00:00:00,Beauty,UPI,New,2,921.43,0.1,1842.86,184.286,1658.5739999999998
2025-09-27 06:00:00,Beauty,Credit Card,Regular,1,839.18,0.12,839.18,100.70159999999998,738.4784
2025-09-27 12:00:00,Clothing,Debit Card,New,6,1731.73,0.24,10390.380000000001,2493.6912,7896.688800000001
2025-09-27 18:00:00,Groceries,UPI,Regular,2,578.87,0.18,1157.74,208.3932,949.3468
2025-09-28 00:00:00,Electronics,Credit Card,Regular,3,1788.01,0.16,5364.03,858.2447999999999,4505.7852
2025-09-28 06:00:00,Clothing,Cash,Regular,7,2340.86,0.28,16386.02,4588.0856,11797.9344
2025-09-28 12:00:00,Groceries,Cash,Regular,4,1434.73,0.16,5738.92,918.2272,4820.6928
2025-09-28 18:00:00,Groceries,Cash,New,2,1548.01,0.15,3096.02,464.40299999999996,2631.617
2025-09-29 00:00:00,Home & Kitchen,Debit Card,Regular,4,218.89,0.01,875.56,8.7556,866.8044
2025-09-29 06:00:00,Electronics,Credit Card,Regular,6,2167.97,0.02,13007.82,260.1564,12747.6636
2025-09-29 12:00:00,Groceries,Credit Card,Regular,1,749.35,0.0,749.35,0.0,749.35
2025-09-29 18:00:00,Clothing,UPI,New,3,1556.88,0.27,4670.64,1261.0728000000001,3409.5672000000004
2025-09-30 00:00:00,Home & Kitchen,UPI,New,5,2448.82,0.12,12244.1,1469.292,10774.808
2025-09-30 06:00:00,Electronics,UPI,New,2,1508.98,0.14,3017.96,422.5144,2595.4456
2025-09-30 12:00:00,Beauty,Credit Card,New,1,1825.54,0.25,1825.54,456.385,1369.155
2025-09-30 18:00:00,Clothing,UPI,Regular,4,1141.03,0.18,4564.12,821.5415999999999,3742.5784
2025-10-01 00:00:00,Groceries,Credit Card,Regular,6,197.9,0.18,1187.4,213.732,973.6680000000001
2025-10-01 06:00:00,Groceries,Credit Card,Regular,7,2004.12,0.09,14028.84,1262.5955999999999,12766.2444
2025-10-01 12:00:00,Clothing,Cash,Regular,4,135.75,0.25,543.0,135.75,407.25
2025-10-01 18:00:00,Groceries,UPI,New,7,1766.61,0.05,12366.269999999999,618.3135,11747.956499999998
2025-10-02 00:00:00,Home & Kitchen,Cash,Regular,6,106.16,0.02,636.96,12.7392,624.2208
2025-10-02 06:00:00,Electronics,Debit Card,New,7,2162.65,0.06,15138.550000000001,908.313,14230.237000000001
2025-10-02 12:00:00,Home & Kitchen,Debit Card,Regular,6,436.21,0.08,2617.2599999999998,209.3808,2407.8792
2025-10-02 18:00:00,Groceries,Debit Card,Regular,1,1309.97,0.08,1309.97,104.7976,1205.1724
2025-10-03 00:00:00,Beauty,Credit Card,Regular,2,1513.02,0.2,3026.04,605.208,2420.832
2025-10-03 06:00:00,Electronics,Credit Card,New,5,1170.99,0.07,5854.95,409.84650000000005,5445.1035
2025-10-03 12:00:00,Electronics,Credit Card,New,2,884.87,0.2,1769.74,353.94800000000004,1415.792
2025-10-03 18:00:00,Clothing,UPI,New,3,1196.15,0.03,3588.4500000000003,107.65350000000001,3480.7965000000004
2025-10-04 00:00:00,Clothing,Cash,Regular,2,812.97,0.04,1625.94,65.0376,1560.9024
2025-10-04 06:00:00,Beauty,Credit Card,New,6,1123.4,0.15,6740.400000000001,1011.0600000000001,5729.34
2025-10-04 12:00:00,Electronics,Cash,Regular,6,929.34,0.28,5576.04,1561.2912000000001,4014.7488
2025-10-04 18:00:00,Beauty,Cash,Regular,3,1437.2,0.26,4311.6,1121.016,3190.5840000000003
2025-10-05 00:00:00,Clothing,Cash,New,4,632.91,0.29,2531.64,734.1755999999999,1797.4643999999998
2025-10-05 06:00:00,Clothing,UPI,Regular,6,2472.21,0.2,14833.26,2966.652,11866.608
2025-10-05 12:00:00,Electronics,UPI,New,3,1277.13,0.2,3831.3900000000003,766.2780000000001,3065.112
2025-10-05 18:00:00,Home & Kitchen,Debit Card,Regular,6,525.7,0.19,3154.2000000000003,599.2980000000001,2554.902
2025-10-06 00:00:00,Groceries,Debit Card,Regular,5,1218.81,0.19,6094.049999999999,1157.8694999999998,4936.1804999999995
2025-10-06 06:00:00,Clothing,Cash,New,6,2172.72,0.04,13036.32,521.4528,12514.8672
2025-10-06 12:00:00,Clothing,Debit Card,Regular,1,103.43,0.16,103.43,16.5488,86.8812
2025-10-06 18:00:00,Home & Kitchen,Cash,New,3,1714.91,0.12,5144.7300000000005,617.3676,4527.3624
2025-10-07 00:00:00,Home & Kitchen,UPI,Regular,7,1392.52,0.13,9747.64,1267.1932,8480.4468
2025-10-07 06:00:00,Beauty,UPI,Regular,2,465.42,0.16,930.84,148.9344,781.9056
2025-10-07 12:00:00,Beauty,UPI,Regular,3,2052.82,0.04,6158.460000000001,246.33840000000004,5912.121600000001
2025-10-07 18:00:00,Groceries,Credit Card,Regular,4,953.77,0.11,3815.08,419.6588,3395.4211999999998
2025-10-08 00:00:00,Groceries,Cash,Regular,6,769.81,0.02,4618.86,92.3772,4526.4828
2025-10-08 06:00:00,Electronics,UPI,Regular,3,2078.91,0.29,6236.73,1808.6516999999997,4428.0783
2025-10-08 12:00:00,Beauty,Cash,New,5,1614.39,0.04,8071.950000000001,322.87800000000004,7749.072000000001
2025-10-08 18:00:00,Clothing,Debit Card,Regular,3,2250.73,0.08,6752.1900000000005,540.1752,6212.014800000001
2025-10-09 00:00:00,Beauty,Debit Card,Regular,5,1593.22,0.27,7966.1,2150.847,5815.253000000001
2025-10-09 06:00:00,Clothing,UPI,Regular,6,1865.0,0.14,11190.0,1566.6000000000001,9623.4
2025-10-09 12:00:00,Home & Kitchen,Cash,Regular,2,2099.29,0.04,4198.58,167.9432,4030.6367999999998
2025-10-09 18:00:00,Beauty,UPI,New,6,184.11,0.12,1104.66,132.5592,972.1008
2025-10-10 00:00:00,Home & Kitchen,Debit Card,New,4,1951.32,0.03,7805.28,234.15839999999997,7571.1215999999995
2025-10-10 06:00:00,Groceries,UPI,Regular,1,1553.58,0.06,1553.58,93.2148,1460.3652
2025-10-10 12:00:00,Groceries,Cash,New,2,220.29,0.02,440.58,8.8116,431.7684
2025-10-10 18:00:00,Electronics,Debit Card,Regular,2,1296.02,0.13,2592.04,336.9652,2255.0748
2025-10-11 00:00:00,Beauty,Credit Card,Regular,1,252.02,0.24,252.02,60.4848,191.5352
2025-10-11 06:00:00,Home & Kitchen,Debit Card,New,3,1853.07,0.18,5559.21,1000.6578,4558.5522
2025-10-11 12:00:00,Clothing,Credit Card,Regular,6,1388.93,0.18,8333.58,1500.0444,6833.5356
2025-10-11 18:00:00,Groceries,UPI,New,3,2386.26,0.06,7158.780000000001,429.52680000000004,6729.253200000001
2025-10-12 00:00:00,Groceries,UPI,New,3,498.68,0.1,1496.04,149.604,1346.436
2025-10-12 06:00:00,Clothing,Cash,Regular,6,1534.78,0.25,9208.68,2302.17,6906.51
2025-10-12 12:00:00,Home & Kitchen,Credit Card,New,4,568.38,0.03,2273.52,68.2056,2205.3144
2025-10-12 18:00:00,Home & Kitchen,UPI,New,2,1554.46,0.26,3108.92,808.3192,2300.6008
2025-10-13 00:00:00,Beauty,Credit Card,Regular,5,1820.49,0.15,9102.45,1365.3675,7737.0825
2025-10-13 06:00:00,Beauty,UPI,Regular,1,1819.65,0.25,1819.65,454.9125,1364.7375000000002
2025-10-13 12:00:00,Electronics,Debit Card,Regular,2,2046.93,0.1,4093.86,409.386,3684.474
2025-10-13 18:00:00,Groceries,UPI,New,3,2141.2,0.1,6423.599999999999,642.36,5781.24
2025-10-14 00:00:00,Beauty,Cash,New,1,239.32,0.23,239.32,55.0436,184.2764
2025-10-14 06:00:00,Home & Kitchen,Debit Card,Regular,5,891.0,0.24,4455.0,1069.2,3385.8
2025-10-14 12:00:00,Clothing,Cash,Regular,2,1733.45,0.07,3466.9,242.68300000000002,3224.217
2025-10-14 18:00:00,Home & Kitchen,Debit Card,Regular,2,1271.54,0.29,2543.08,737.4931999999999,1805.5868
2025-10-15 00:00:00,Groceries,Credit Card,Regular,4,517.16,0.03,2068.64,62.0592,2006.5808
2025-10-15 06:00:00,Home & Kitchen,Cash,Regular,2,1404.14,0.02,2808.28,56.165600000000005,2752.1144000000004
2025-10-15 12:00:00,Electronics,UPI,Regular,2,1048.22,0.18,2096.44,377.3592,1719.0808000000002
2025-10-15 18:00:00,Groceries,Credit Card,Regular,5,1005.59,0.22,5027.95,1106.149,3921.801
2025-10-16 00:00:00,Clothing,UPI,Regular,5,2033.9,0.29,10169.5,2949.1549999999997,7220.345
2025-10-16 06:00:00,Electronics,Debit Card,Regular,1,1048.62,0.12,1048.62,125.83439999999999,922.7855999999999
2025-10-16 12:00:00,Groceries,Debit Card,Regular,3,114.81,0.01,344.43,3.4443,340.9857
2025-10-16 18:00:00,Clothing,UPI,New,5,192.26,0.18,961.3,173.034,788.266
2025-10-17 00:00:00,Electronics,UPI,Regular,1,2147.8,0.09,2147.8,193.30200000000002,1954.498
2025-10-17 06:00:00,Electronics,Credit Card,Regular,2,2403.47,0.13,4806.94,624.9022,4182.0378
2025-10-17 12:00:00,Groceries,UPI,Regular,1,1736.6,0.15,1736.6,260.48999999999995,1476.11
2025-10-17 18:00:00,Beauty,Cash,Regular,1,942.7,0.02,942.7,18.854000000000003,923.846
2025-10-18 00:00:00,Electronics,Cash,Regular,1,2349.57,0.15,2349.57,352.4355,1997.1345000000001
2025-10-18 06:00:00,Electronics,UPI,Regular,6,1673.87,0.13,10043.22,1305.6186,8737.6014
2025-10-18 12:00:00,Clothing,Cash,Regular,1,2118.62,0.21,2118.62,444.9102,1673.7097999999999
2025-10-18 18:00:00,Home & Kitchen,UPI,New,5,1926.34,0.19,9631.699999999999,1830.023,7801.676999999999
2025-10-19 00:00:00,Groceries,Credit Card,New,7,978.89,0.06,6852.23,411.13379999999995,6441.0962
2025-10-19 06:00:00,Groceries,Cash,New,7,1222.82,0.06,8559.74,513.5844,8046.1556
2025-10-19 12:00:00,Beauty,Cash,New,7,506.02,0.08,3542.14,283.3712,3258.7688
2025-10-19 18:00:00,Beauty,UPI,New,7,765.43,0.05,5358.009999999999,267.90049999999997,5090.1095
2025-10-20 00:00:00,Groceries,Cash,Regular,6,1956.41,0.2,11738.460000000001,2347.6920000000005,9390.768
2025-10-20 06:00:00,Beauty,Debit Card,Regular,3,2240.25,0.3,6720.75,2016.225,4704.525
2025-10-20 12:00:00,Clothing,Credit Card,Regular,1,1824.93,0.2,1824.93,364.98600000000005,1459.944
2025-10-20 18:00:00,Groceries,Credit Card,Regular,4,1189.68,0.18,4758.72,856.5696,3902.1504000000004
2025-10-21 00:00:00,Beauty,Cash,New,7,261.95,0.12,1833.6499999999999,220.03799999999998,1613.6119999999999
2025-10-21 06:00:00,Groceries,Cash,Regular,2,189.52,0.09,379.04,34.1136,344.9264
2025-10-21 12:00:00,Home & Kitchen,Debit Card,Regular,7,967.1,0.27,6769.7,1827.819,4941.880999999999
2025-10-21 18:00:00,Electronics,Debit Card,Regular,7,1186.36,0.29,8304.519999999999,2408.3107999999993,5896.209199999999
2025-10-22 00:00:00,Groceries,Cash,Regular,2,1542.35,0.15,3084.7,462.7049999999999,2621.995
2025-10-22 06:00:00,Electronics,Cash,New,6,65.9,0.09,395.40000000000003,35.586,359.814
2025-10-22 12:00:00,Beauty,Debit Card,New,2,2474.82,0.23,4949.64,1138.4172,3811.2228000000005
2025-10-22 18:00:00,Electronics,UPI,Regular,2,941.65,0.04,1883.3,75.332,1807.9679999999998
2025-10-23 00:00:00,Groceries,Debit Card,New,6,2127.83,0.23,12766.98,2936.4054,9830.5746
2025-10-23 06:00:00,Home & Kitchen,UPI,Regular,2,1360.67,0.25,2721.34,680.335,2041.005
2025-10-23 12:00:00,Beauty,Credit Card,New,1,369.58,0.04,369.58,14.783199999999999,354.79679999999996
2025-10-23 18:00:00,Groceries,Credit Card,Regular,7,2004.04,0.29,14028.279999999999,4068.2011999999995,9960.0788
2025-10-24 00:00:00,Beauty,Debit Card,Regular,3,1789.08,0.3,5367.24,1610.1719999999998,3757.068
2025-10-24 06:00:00,Clothing,UPI,Regular,6,1342.22,0.28,8053.32,2254.9296,5798.3904
2025-10-24 12:00:00,Electronics,Debit Card,New,4,1310.66,0.15,5242.64,786.3960000000001,4456.244000000001
2025-10-24 18:00:00,Clothing,Debit Card,New,6,264.33,0.07,1585.98,111.0186,1474.9614
2025-10-25 00:00:00,Groceries,UPI,Regular,5,1656.83,0.17,8284.15,1408.3055,6875.844499999999
2025-10-25 06:00:00,Home & Kitchen,Debit Card,Regular,4,2282.55,0.13,9130.2,1186.9260000000002,7943.274
2025-10-25 12:00:00,Beauty,Credit Card,New,5,278.45,0.06,1392.25,83.535,1308.715
2025-10-25 18:00:00,Electronics,Cash,Regular,6,695.6,0.13,4173.6,542.5680000000001,3631.032
2025-10-26 00:00:00,Beauty,Cash,Regular,5,2260.65,0.2,11303.25,2260.65,9042.6
2025-10-26 06:00:00,Groceries,Debit Card,Regular,4,746.64,0.02,2986.56,59.7312,2926.8288
2025-10-26 12:00:00,Beauty,UPI,Regular,1,1652.16,0.1,1652.16,165.216,1486.944
2025-10-26 18:00:00,Electronics,UPI,New,6,1360.3,0.01,8161.799999999999,81.618,8080.181999999999
2025-10-27 00:00:00,Groceries,Credit Card,New,6,1511.0,0.22,9066.0,1994.52,7071.48
2025-10-27 06:00:00,Beauty,UPI,Regular,2,1068.68,0.19,2137.36,406.0984,1731.2616
2025-10-27 12:00:00,Home & Kitchen,UPI,Regular,6,784.98,0.02,4709.88,94.19760000000001,4615.6824
2025-10-27 18:00:00,Groceries,Credit Card,New,7,168.91,0.29,1182.37,342.8872999999999,839.4827
2025-10-28 00:00:00,Groceries,Debit Card,Regular,7,1873.49,0.01,13114.43,131.14430000000002,12983.2857
2025-10-28 06:00:00,Home & Kitchen,Cash,New,6,1877.93,0.18,11267.58,2028.1644,9239.4156
2025-10-28 12:00:00,Clothing,Credit Card,Regular,1,1693.28,0.23,1693.28,389.4544,1303.8256
2025-10-28 18:00:00,Electronics,Debit Card,Regular,2,1626.9,0.24,3253.8,780.912,2472.888
2025-10-29 00:00:00,Clothing,Credit Card,New,3,647.11,0.01,1941.33,19.4133,1921.9167
2025-10-29 06:00:00,Beauty,Debit Card,New,5,104.75,0.27,523.75,141.41250000000002,382.3375
2025-10-29 12:00:00,Home & Kitchen,Credit Card,Regular,4,2031.35,0.28,8125.4,2275.112,5850.288
2025-10-29 18:00:00,Clothing,Debit Card,New,3,1253.29,0.17,3759.87,639.1779,3120.6920999999998
2025-10-30 00:00:00,Groceries,Credit Card,Regular,2,801.75,0.14,1603.5,224.49,1379.01
2025-10-30 06:00:00,Beauty,Debit Card,Regular,7,299.73,0.01,2098.11,20.9811,2077.1289
2025-10-30 12:00:00,Beauty,Credit Card,New,7,203.67,0.17,1425.6899999999998,242.3673,1183.3226999999997
2025-10-30 18:00:00,Clothing,Cash,New,7,904.72,0.12,6333.04,759.9648,5573.0752
2025-10-31 00:00:00,Clothing,Cash,Regular,1,2021.61,0.23,2021.61,464.9703,1556.6397
2025-10-31 06:00:00,Home & Kitchen,UPI,Regular,7,2300.87,0.12,16106.09,1932.7308,14173.3592
2025-10-31 12:00:00,Electronics,Debit Card,Regular,4,2247.04,0.21,8988.16,1887.5136,7100.6464
2025-10-31 18:00:00,Clothing,Credit Card,Regular,5,2304.0,0.03,11520.0,345.59999999999997,11174.4
2025-11-01 00:00:00,Clothing,Debit Card,Regular,6,2273.93,0.04,13643.579999999998,545.7431999999999,13097.836799999997
2025-11-01 06:00:00,Groceries,Cash,New,6,1341.7,0.04,8050.200000000001,322.00800000000004,7728.192000000001
2025-11-01 12:00:00,Beauty,Debit Card,Regular,3,587.57,0.01,1762.71,17.627100000000002,1745.0829
2025-11-01 18:00:00,Electronics,Credit Card,New,5,2005.21,0.16,10026.05,1604.168,8421.882
2025-11-02 00:00:00,Groceries,Debit Card,Regular,2,573.6,0.24,1147.2,275.328,871.8720000000001
2025-11-02 06:00:00,Home & Kitchen,Credit Card,Regular,5,704.66,0.18,3523.2999999999997,634.194,2889.1059999999998
2025-11-02 12:00:00,Home & Kitchen,Cash,Regular,1,621.47,0.17,621.47,105.64990000000002,515.8201
2025-11-02 18:00:00,Clothing,Cash,Regular,3,1311.71,0.2,3935.13,787.0260000000001,3148.1040000000003
2025-11-03 00:00:00,Clothing,Cash,Regular,3,838.48,0.1,2515.44,251.544,2263.896
2025-11-03 06:00:00,Home & Kitchen,UPI,New,1,427.68,0.11,427.68,47.0448,380.6352
2025-11-03 12:00:00,Clothing,Cash,Regular,5,1160.27,0.09,5801.35,522.1215,5279.2285
2025-11-03 18:00:00,Electronics,Debit Card,New,7,2191.07,0.21,15337.490000000002,3220.8729000000003,12116.617100000001
2025-11-04 00:00:00,Clothing,UPI,Regular,1,1447.85,0.05,1447.85,72.3925,1375.4575
2025-11-04 06:00:00,Beauty,Cash,New,7,2201.92,0.0,15413.44,0.0,15413.44
2025-11-04 12:00:00,Clothing,Debit Card,Regular,4,529.89,0.18,2119.56,381.52079999999995,1738.0392
2025-11-04 18:00:00,Groceries,Debit Card,New,1,459.09,0.28,459.09,128.5452,330.5448
2025-11-05 00:00:00,Electronics,Debit Card,Regular,7,1460.16,0.18,10221.12,1839.8016,8381.3184
2025-11-05 06:00:00,Groceries,Credit Card,New,5,1185.16,0.23,5925.8,1362.9340000000002,4562.866
2025-11-05 12:00:00,Groceries,UPI,New,7,1667.42,0.2,11671.94,2334.3880000000004,9337.552
2025-11-05 18:00:00,Beauty,Debit Card,Regular,1,1996.84,0.15,1996.84,299.52599999999995,1697.3139999999999
2025-11-06 00:00:00,Electronics,Credit Card,Regular,2,1890.7,0.22,3781.4,831.908,2949.492
2025-11-06 06:00:00,Electronics,Cash,Regular,6,2358.54,0.25,14151.24,3537.81,10613.43
2025-11-06 12:00:00,Electronics,Debit Card,New,1,1025.73,0.07,1025.73,71.8011,953.9289
2025-11-06 18:00:00,Electronics,Credit Card,Regular,6,555.65,0.1,3333.8999999999996,333.39,3000.5099999999998
2025-11-07 00:00:00,Electronics,Debit Card,Regular,1,1399.74,0.07,1399.74,97.9818,1301.7582
2025-11-07 06:00:00,Beauty,UPI,Regular,5,321.32,0.14,1606.6,224.924,1381.676
2025-11-07 12:00:00,Clothing,UPI,Regular,4,757.69,0.27,3030.76,818.3052000000001,2212.4548
2025-11-07 18:00:00,Groceries,Cash,New,4,559.33,0.1,2237.32,223.73200000000003,2013.5880000000002
2025-11-08 00:00:00,Electronics,Debit Card,Regular,6,1021.58,0.11,6129.4800000000005,674.2428000000001,5455.2372000000005
2025-11-08 06:00:00,Clothing,Credit Card,Regular,5,322.48,0.26,1612.4,419.22400000000005,1193.176
2025-11-08 12:00:00,Clothing,Cash,New,7,128.01,0.15,896.0699999999999,134.41049999999998,761.6595
2025-11-08 18:00:00,Groceries,Debit Card,Regular,5,1659.15,0.16,8295.75,1327.32,6968.43
2025-11-09 00:00:00,Beauty,Cash,New,5,1545.11,0.26,7725.549999999999,2008.6429999999998,5716.906999999999
2025-11-09 06:00:00,Home & Kitchen,Credit Card,Regular,2,1785.48,0.15,3570.96,535.644,3035.316
2025-11-09 12:00:00,Home & Kitchen,Cash,Regular,3,1667.95,0.2,5003.85,1000.7700000000001,4003.0800000000004
2025-11-09 18:00:00,Clothing,Cash,Regular,1,330.02,0.03,330.02,9.900599999999999,320.1194
2025-11-10 00:00:00,Groceries,Cash,New,5,763.14,0.05,3815.7,190.785,3624.915
2025-11-10 06:00:00,Home & Kitchen,Debit Card,Regular,5,367.34,0.12,1836.6999999999998,220.40399999999997,1616.2959999999998
2025-11-10 12:00:00,Clothing,Credit Card,Regular,5,2115.28,0.15,10576.400000000001,1586.4600000000003,8989.94
2025-11-10 18:00:00,Beauty,UPI,Regular,4,1879.91,0.29,7519.64,2180.6956,5338.9444
2025-11-11 00:00:00,Home & Kitchen,Debit Card,Regular,5,543.74,0.29,2718.7,788.4229999999999,1930.277
2025-11-11 06:00:00,Clothing,UPI,New,1,886.21,0.26,886.21,230.4146,655.7954
2025-11-11 12:00:00,Clothing,UPI,Regular,7,2418.21,0.09,16927.47,1523.4723000000001,15403.997700000002
2025-11-11 18:00:00,Electronics,Debit Card,New,7,1505.69,0.29,10539.83,3056.5507,7483.2793
2025-11-12 00:00:00,Beauty,Debit Card,Regular,5,2012.83,0.21,10064.15,2113.4714999999997,7950.6785
2025-11-12 06:00:00,Electronics,Credit Card,New,1,698.25,0.12,698.25,83.78999999999999,614.46
2025-11-12 12:00:00,Groceries,Credit Card,Regular,2,564.63,0.21,1129.26,237.1446,892.1154
2025-11-12 18:00:00,Electronics,Cash,Regular,7,1970.6,0.0,13794.199999999999,0.0,13794.199999999999
2025-11-13 00:00:00,Electronics,UPI,Regular,3,1730.39,0.04,5191.17,207.6468,4983.5232
2025-11-13 06:00:00,Home & Kitchen,Credit Card,New,4,1718.4,0.25,6873.6,1718.4,5155.200000000001
2025-11-13 12:00:00,Clothing,Cash,Regular,1,1403.95,0.19,1403.95,266.7505,1137.1995000000002
2025-11-13 18:00:00,Beauty,Credit Card,New,7,1430.77,0.11,10015.39,1101.6929,8913.6971
2025-11-14 00:00:00,Electronics,Debit Card,New,7,1852.46,0.15,12967.220000000001,1945.083,11022.137
2025-11-14 06:00:00,Beauty,Credit Card,Regular,6,711.51,0.27,4269.0599999999995,1152.6462,3116.4137999999994
2025-11-14 12:00:00,Electronics,UPI,Regular,2,914.28,0.19,1828.56,347.4264,1481.1336
2025-11-14 18:00:00,Groceries,Credit Card,Regular,3,2185.51,0.12,6556.530000000001,786.7836000000001,5769.746400000001
2025-11-15 00:00:00,Electronics,UPI,Regular,3,806.72,0.04,2420.16,96.8064,2323.3536
2025-11-15 06:00:00,Home & Kitchen,Debit Card,New,3,1388.46,0.09,4165.38,374.8842,3790.4958
2025-11-15 12:00:00,Clothing,UPI,New,1,1771.47,0.29,1771.47,513.7262999999999,1257.7437
2025-11-15 18:00:00,Groceries,Credit Card,Regular,2,2499.82,0.13,4999.64,649.9532,4349.6868
2025-11-16 00:00:00,Electronics,Cash,Regular,5,1116.46,0.14,5582.3,781.522,4800.778
2025-11-16 06:00:00,Beauty,Debit Card,Regular,6,1098.83,0.15,6592.98,988.9469999999999,5604.032999999999
2025-11-16 12:00:00,Groceries,Credit Card,Regular,2,2114.34,0.27,4228.68,1141.7436000000002,3086.9364
2025-11-16 18:00:00,Groceries,Debit Card,New,2,2023.48,0.18,4046.96,728.4528,3318.5072
2025-11-17 00:00:00,Electronics,Debit Card,Regular,7,1841.14,0.21,12887.980000000001,2706.4758,10181.504200000001
2025-11-17 06:00:00,Groceries,Credit Card,New,2,1184.91,0.12,2369.82,284.3784,2085.4416
2025-11-17 12:00:00,Beauty,Credit Card,Regular,1,843.65,0.01,843.65,8.4365,835.2135
2025-11-17 18:00:00,Groceries,Cash,Regular,6,1541.39,0.28,9248.34,2589.5352000000003,6658.8048
2025-11-18 00:00:00,Beauty,Debit Card,Regular,1,2196.75,0.28,2196.75,615.09,1581.6599999999999
2025-11-18 06:00:00,Electronics,Debit Card,Regular,6,2215.25,0.28,13291.5,3721.6200000000003,9569.88
2025-11-18 12:00:00,Clothing,Credit Card,Regular,6,315.82,0.28,1894.92,530.5776000000001,1364.3424
2025-11-18 18:00:00,Groceries,UPI,New,7,1099.46,0.24,7696.22,1847.0928,5849.127200000001
2025-11-19 00:00:00,Clothing,Credit Card,New,1,1188.57,0.21,1188.57,249.59969999999998,938.9703
2025-11-19 06:00:00,Beauty,Debit Card,Regular,6,2445.16,0.25,14670.96,3667.74,11003.22
2025-11-19 12:00:00,Groceries,Credit Card,Regular,2,1711.1,0.18,3422.2,615.996,2806.2039999999997
2025-11-19 18:00:00,Home & Kitchen,Cash,Regular,1,1047.75,0.04,1047.75,41.910000000000004,1005.84
2025-11-20 00:00:00,Clothing,UPI,New,6,113.84,0.12,683.04,81.9648,601.0752
2025-11-20 06:00:00,Groceries,Credit Card,Regular,3,1435.19,0.29,4305.57,1248.6153,3056.9547
2025-11-20 12:00:00,Clothing,Cash,New,1,285.39,0.11,285.39,31.392899999999997,253.9971
2025-11-20 18:00:00,Groceries,Debit Card,Regular,7,2094.4,0.26,14660.800000000001,3811.8080000000004,10848.992
2025-11-21 00:00:00,Electronics,Credit Card,Regular,4,1893.67,0.03,7574.68,227.2404,7347.439600000001
2025-11-21 06:00:00,Clothing,Debit Card,New,1,1178.25,0.1,1178.25,117.825,1060.425
2025-11-21 12:00:00,Home & Kitchen,Cash,Regular,1,1101.57,0.11,1101.57,121.17269999999999,980.3973
2025-11-21 18:00:00,Home & Kitchen,Debit Card,Regular,1,2248.48,0.02,2248.48,44.9696,2203.5104
2025-11-22 00:00:00,Beauty,Cash,Regular,6,756.72,0.04,4540.32,181.6128,4358.7072
2025-11-22 06:00:00,Groceries,Cash,Regular,1,660.1,0.06,660.1,39.606,620.494
2025-11-22 12:00:00,Clothing,Cash,Regular,4,2351.03,0.25,9404.12,2351.03,7053.09
2025-11-22 18:00:00,Beauty,Credit Card,New,5,2032.65,0.02,10163.25,203.26500000000001,9959.985
2025-11-23 00:00:00,Clothing,Debit Card,New,1,2060.53,0.09,2060.53,185.4477,1875.0823000000003
2025-11-23 06:00:00,Groceries,Debit Card,Regular,3,528.22,0.0,1584.66,0.0,1584.66
2025-11-23 12:00:00,Home & Kitchen,UPI,New,4,401.08,0.21,1604.32,336.9072,1267.4128
2025-11-23 18:00:00,Electronics,UPI,Regular,5,113.77,0.19,568.85,108.0815,460.7685
2025-11-24 00:00:00,Home & Kitchen,UPI,Regular,6,630.75,0.19,3784.5,719.0550000000001,3065.4449999999997
2025-11-24 06:00:00,Beauty,UPI,Regular,1,1946.77,0.11,1946.77,214.1447,1732.6253
2025-11-24 12:00:00,Electronics,Debit Card,Regular,5,638.09,0.06,3190.4500000000003,191.42700000000002,2999.023
2025-11-24 18:00:00,Beauty,Cash,Regular,3,1836.3,0.22,5508.9,1211.9579999999999,4296.942
2025-11-25 00:00:00,Groceries,Cash,New,4,667.18,0.24,2668.72,640.4927999999999,2028.2271999999998
2025-11-25 06:00:00,Electronics,Credit Card,Regular,4,1018.47,0.04,4073.88,162.95520000000002,3910.9248000000002
2025-11-25 12:00:00,Beauty,Cash,Regular,6,2458.75,0.15,14752.5,2212.875,12539.625
2025-11-25 18:00:00,Groceries,Debit Card,Regular,6,649.79,0.07,3898.74,272.9118,3625.8282
2025-11-26 00:00:00,Home & Kitchen,Debit Card,New,6,972.11,0.05,5832.66,291.633,5541.027
2025-11-26 06:00:00,Groceries,Debit Card,New,5,787.66,0.22,3938.2999999999997,866.4259999999999,3071.874
2025-11-26 12:00:00,Clothing,Credit Card,Regular,1,318.58,0.16,318.58,50.9728,267.6072
2025-11-26 18:00:00,Groceries,UPI,Regular,2,1250.24,0.06,2500.48,150.0288,2350.4512
2025-11-27 00:00:00,Groceries,Cash,Regular,4,977.79,0.09,3911.16,352.0044,3559.1556
2025-11-27 06:00:00,Clothing,Debit Card,Regular,2,1752.47,0.29,3504.94,1016.4326,2488.5074
2025-11-27 12:00:00,Beauty,Debit Card,Regular,7,2053.11,0.25,14371.77,3592.9425,10778.8275
2025-11-27 18:00:00,Beauty,UPI,Regular,4,1383.41,0.26,5533.64,1438.7464000000002,4094.8936000000003
2025-11-28 00:00:00,Groceries,Debit Card,Regular,6,128.88,0.14,773.28,108.2592,665.0208
2025-11-28 06:00:00,Clothing,Cash,Regular,1,1566.36,0.19,1566.36,297.60839999999996,1268.7516
2025-11-28 12:00:00,Clothing,Credit Card,Regular,1,185.71,0.11,185.71,20.4281,165.2819
2025-11-28 18:00:00,Home & Kitchen,Debit Card,New,4,1560.07,0.02,6240.28,124.8056,6115.4744
2025-11-29 00:00:00,Beauty,Cash,New,5,1728.32,0.12,8641.6,1036.992,7604.608
2025-11-29 06:00:00,Electronics,Debit Card,Regular,7,534.53,0.18,3741.71,673.5078,3068.2022
2025-11-29 12:00:00,Beauty,UPI,Regular,6,2057.4,0.09,12344.400000000001,1110.996,11233.404000000002
2025-11-29 18:00:00,Beauty,Debit Card,Regular,1,2282.16,0.25,2282.16,570.54,1711.62
2025-11-30 00:00:00,Home & Kitchen,Debit Card,Regular,7,2042.06,0.05,14294.42,714.721,13579.699
2025-11-30 06:00:00,Electronics,Credit Card,New,7,797.52,0.11,5582.639999999999,614.0903999999999,4968.549599999999
2025-11-30 12:00:00,Home & Kitchen,UPI,Regular,1,1487.28,0.04,1487.28,59.4912,1427.7888
2025-11-30 18:00:00,Electronics,UPI,New,3,2291.3,0.12,6873.900000000001,824.868,6049.032
2025-12-01 00:00:00,Groceries,Credit Card,New,7,835.63,0.01,5849.41,58.4941,5790.9159
2025-12-01 06:00:00,Electronics,Debit Card,Regular,1,2059.07,0.08,2059.07,164.72560000000001,1894.3444000000002
2025-12-01 12:00:00,Home & Kitchen,Cash,Regular,3,73.21,0.12,219.63,26.3556,193.27439999999999
2025-12-01 18:00:00,Beauty,UPI,Regular,1,58.93,0.14,58.93,8.250200000000001,50.6798
2025-12-02 00:00:00,Electronics,UPI,Regular,1,1911.29,0.16,1911.29,305.8064,1605.4836
2025-12-02 06:00:00,Electronics,Debit Card,Regular,7,1915.55,0.08,13408.85,1072.708,12336.142
2025-12-02 12:00:00,Clothing,Debit Card,Regular,5,1982.99,0.16,9914.95,1586.392,8328.558
2025-12-02 18:00:00,Beauty,UPI,New,5,2328.57,0.15,11642.85,1746.4275,9896.4225
2025-12-03 00:00:00,Groceries,Debit Card,Regular,6,338.87,0.09,2033.22,182.9898,1850.2302
2025-12-03 06:00:00,Home & Kitchen,Cash,Regular,1,618.36,0.25,618.36,154.59,463.77
2025-12-03 12:00:00,Groceries,UPI,Regular,6,2264.13,0.16,13584.78,2173.5648,11411.2152
2025-12-03 18:00:00,Beauty,Cash,New,6,484.23,0.1,2905.38,290.538,2614.842
2025-12-04 00:00:00,Electronics,Cash,Regular,6,1721.46,0.28,10328.76,2892.0528000000004,7436.7072
2025-12-04 06:00:00,Electronics,Debit Card,New,6,1349.63,0.25,8097.780000000001,2024.4450000000002,6073.335000000001
2025-12-04 12:00:00,Beauty,Cash,Regular,4,253.82,0.29,1015.28,294.4312,720.8488
2025-12-04 18:00:00,Electronics,Debit Card,Regular,7,748.9,0.21,5242.3,1100.883,4141.417
2025-12-05 00:00:00,Electronics,Credit Card,Regular,7,1324.91,0.11,9274.37,1020.1807000000001,8254.1893
2025-12-05 06:00:00,Electronics,Debit Card,Regular,4,2138.26,0.08,8553.04,684.2432000000001,7868.796800000001
2025-12-05 12:00:00,Home & Kitchen,Cash,New,1,1783.47,0.2,1783.47,356.694,1426.776
2025-12-05 18:00:00,Home & Kitchen,Credit Card,Regular,4,1573.61,0.29,6294.44,1825.3875999999998,4469.0524
2025-12-06 00:00:00,Clothing,Debit Card,New,1,1265.28,0.19,1265.28,240.4032,1024.8768
2025-12-06 06:00:00,Groceries,Cash,Regular,5,781.78,0.26,3908.8999999999996,1016.314,2892.586
2025-12-06 12:00:00,Beauty,UPI,Regular,7,342.15,0.1,2395.0499999999997,239.505,2155.5449999999996
2025-12-06 18:00:00,Beauty,UPI,Regular,2,1052.24,0.12,2104.48,252.5376,1851.9424
2025-12-07 00:00:00,Beauty,Debit Card,Regular,3,119.87,0.27,359.61,97.0947,262.5153
2025-12-07 06:00:00,Clothing,Debit Card,New,7,567.09,0.23,3969.63,913.0149,3056.6151
2025-12-07 12:00:00,Home & Kitchen,UPI,New,4,1109.58,0.29,4438.32,1287.1127999999999,3151.2072
2025-12-07 18:00:00,Clothing,Cash,Regular,4,1075.58,0.23,4302.32,989.5336,3312.7864
2025-12-08 00:00:00,Beauty,Cash,Regular,5,158.52,0.13,792.6,103.03800000000001,689.562
2025-12-08 06:00:00,Groceries,Cash,Regular,4,1493.2,0.16,5972.8,955.648,5017.152
2025-12-08 12:00:00,Electronics,Debit Card,Regular,1,1396.73,0.27,1396.73,377.11710000000005,1019.6129
2025-12-08 18:00:00,Home & Kitchen,Credit Card,Regular,1,241.36,0.17,241.36,41.031200000000005,200.3288
2025-12-09 00:00:00,Home & Kitchen,Credit Card,Regular,2,2360.75,0.08,4721.5,377.72,4343.78
2025-12-09 06:00:00,Clothing,Credit Card,Regular,2,293.49,0.13,586.98,76.3074,510.6726
2025-12-09 12:00:00,Home & Kitchen,Credit Card,Regular,7,2144.34,0.15,15010.380000000001,2251.5570000000002,12758.823
2025-12-09 18:00:00,Beauty,Credit Card,Regular,2,50.76,0.03,101.52,3.0456,98.4744
2025-12-10 00:00:00,Beauty,Debit Card,Regular,1,2211.59,0.22,2211.59,486.54980000000006,1725.0402000000001
2025-12-10 06:00:00,Clothing,Debit Card,Regular,6,98.31,0.03,589.86,17.6958,572.1642
2025-12-10 12:00:00,Beauty,Credit Card,Regular,6,1906.64,0.12,11439.84,1372.7808,10067.0592
2025-12-10 18:00:00,Groceries,Debit Card,New,2,936.14,0.24,1872.28,449.3472,1422.9328
2025-12-11 00:00:00,Clothing,Debit Card,Regular,2,1858.63,0.14,3717.26,520.4164000000001,3196.8436
2025-12-11 06:00:00,Groceries,Credit Card,Regular,1,1034.28,0.25,1034.28,258.57,775.71
2025-12-11 12:00:00,Electronics,Cash,Regular,5,223.72,0.1,1118.6,111.86,1006.7399999999999
2025-12-11 18:00:00,Groceries,Debit Card,Regular,7,1930.39,0.29,13512.730000000001,3918.6917000000003,9594.0383
2025-12-12 00:00:00,Electronics,Cash,New,4,224.57,0.06,898.28,53.8968,844.3832
2025-12-12 06:00:00,Electronics,Debit Card,Regular,7,2309.2,0.01,16164.399999999998,161.64399999999998,16002.755999999998
2025-12-12 12:00:00,Groceries,Debit Card,New,3,174.89,0.26,524.67,136.4142,388.25579999999997
2025-12-12 18:00:00,Clothing,Credit Card,New,6,1224.35,0.23,7346.099999999999,1689.6029999999998,5656.496999999999
2025-12-13 00:00:00,Beauty,Debit Card,Regular,6,1821.43,0.07,10928.58,765.0006000000001,10163.5794
2025-12-13 06:00:00,Beauty,UPI,Regular,1,1013.45,0.3,1013.45,304.035,709.415
2025-12-13 12:00:00,Electronics,UPI,New,7,582.22,0.15,4075.54,611.331,3464.209
2025-12-13 18:00:00,Electronics,Credit Card,Regular,1,1909.77,0.29,1909.77,553.8333,1355.9367
2025-12-14 00:00:00,Clothing,Cash,Regular,3,1971.52,0.15,5914.5599999999995,887.1839999999999,5027.375999999999
2025-12-14 06:00:00,Home & Kitchen,Cash,Regular,7,2310.6,0.14,16174.199999999999,2264.388,13909.811999999998
2025-12-14 12:00:00,Groceries,Cash,Regular,3,971.6,0.13,2914.8,378.92400000000004,2535.876
2025-12-14 18:00:00,Electronics,UPI,Regular,2,1290.32,0.1,2580.64,258.064,2322.576
2025-12-15 00:00:00,Beauty,Cash,Regular,7,939.66,0.16,6577.62,1052.4192,5525.2008
2025-12-15 06:00:00,Clothing,Cash,New,3,679.85,0.14,2039.5500000000002,285.53700000000003,1754.0130000000001
2025-12-15 12:00:00,Groceries,Credit Card,Regular,4,1890.03,0.01,7560.12,75.6012,7484.5188
2025-12-15 18:00:00,Clothing,Cash,New,4,882.15,0.08,3528.6,282.288,3246.312
2025-12-16 00:00:00,Groceries,UPI,Regular,6,1098.97,0.06,6593.82,395.62919999999997,6198.190799999999
2025-12-16 06:00:00,Groceries,UPI,Regular,4,1039.0,0.26,4156.0,1080.56,3075.44
2025-12-16 12:00:00,Electronics,UPI,Regular,7,1796.02,0.18,12572.14,2262.9851999999996,10309.1548
2025-12-16 18:00:00,Clothing,Credit Card,Regular,4,2298.6,0.23,9194.4,2114.712,7079.688
2025-12-17 00:00:00,Clothing,Credit Card,Regular,4,1683.55,0.29,6734.2,1952.918,4781.282
2025-12-17 06:00:00,Beauty,Debit Card,Regular,2,1205.38,0.19,2410.76,458.04440000000005,1952.7156000000002
2025-12-17 12:00:00,Beauty,Cash,New,6,1959.05,0.29,11754.3,3408.7469999999994,8345.553
2025-12-17 18:00:00,Electronics,Credit Card,Regular,1,1620.38,0.09,1620.38,145.8342,1474.5458
2025-12-18 00:00:00,Electronics,UPI,Regular,6,198.5,0.06,1191.0,71.46,1119.54
2025-12-18 06:00:00,Home & Kitchen,UPI,New,6,284.38,0.12,1706.28,204.75359999999998,1501.5264
2025-12-18 12:00:00,Beauty,Credit Card,New,6,142.9,0.14,857.4000000000001,120.03600000000003,737.364
2025-12-18 18:00:00,Groceries,Credit Card,Regular,3,1169.2,0.27,3507.6000000000004,947.0520000000001,2560.5480000000002
2025-12-19 00:00:00,Clothing,Credit Card,Regular,1,2073.34,0.17,2073.34,352.46780000000007,1720.8722
2025-12-19 06:00:00,Electronics,Debit Card,New,3,817.05,0.09,2451.1499999999996,220.60349999999997,2230.5464999999995
2025-12-19 12:00:00,Clothing,UPI,Regular,2,991.19,0.22,1982.38,436.1236,1546.2564000000002
2025-12-19 18:00:00,Clothing,Debit Card,Regular,2,2278.22,0.15,4556.44,683.4659999999999,3872.9739999999997
2025-12-20 00:00:00,Home & Kitchen,Debit Card,Regular,5,2100.41,0.05,10502.05,525.1025,9976.947499999998
2025-12-20 06:00:00,Beauty,Cash,New,5,1679.37,0.17,8396.849999999999,1427.4644999999998,6969.3854999999985
2025-12-20 12:00:00,Electronics,UPI,Regular,2,703.67,0.27,1407.34,379.9818,1027.3582
2025-12-20 18:00:00,Clothing,UPI,New,2,336.75,0.25,673.5,168.375,505.125
2025-12-21 00:00:00,Electronics,Credit Card,Regular,3,89.34,0.18,268.02,48.243599999999994,219.7764
2025-12-21 06:00:00,Groceries,Credit Card,New,2,312.18,0.11,624.36,68.67960000000001,555.6804
2025-12-21 12:00:00,Home & Kitchen,Cash,Regular,7,766.86,0.03,5368.02,161.0406,5206.9794
2025-12-21 18:00:00,Groceries,Debit Card,Regular,1,1401.89,0.14,1401.89,196.26460000000003,1205.6254000000001
2025-12-22 00:00:00,Electronics,Credit Card,New,3,206.8,0.23,620.4000000000001,142.69200000000004,477.7080000000001
2025-12-22 06:00:00,Electronics,Credit Card,Regular,2,383.76,0.11,767.52,84.4272,683.0928
2025-12-22 12:00:00,Beauty,UPI,Regular,3,493.65,0.07,1480.9499999999998,103.6665,1377.2834999999998
2025-12-22 18:00:00,Clothing,UPI,Regular,3,1598.36,0.28,4795.08,1342.6224000000002,3452.4575999999997
2025-12-23 00:00:00,Clothing,Credit Card,Regular,4,1558.69,0.25,6234.76,1558.69,4676.07
2025-12-23 06:00:00,Groceries,UPI,Regular,5,1399.38,0.19,6996.900000000001,1329.411,5667.4890000000005
2025-12-23 12:00:00,Home & Kitchen,Cash,New,3,663.73,0.04,1991.19,79.6476,1911.5424
2025-12-23 18:00:00,Clothing,Credit Card,Regular,6,959.24,0.04,5755.4400000000005,230.21760000000003,5525.222400000001
2025-12-24 00:00:00,Beauty,UPI,Regular,7,286.89,0.03,2008.23,60.2469,1947.9831
2025-12-24 06:00:00,Groceries,Cash,Regular,7,604.83,0.18,4233.81,762.0858000000001,3471.7242000000006
2025-12-24 12:00:00,Groceries,UPI,Regular,3,2249.38,0.03,6748.14,202.4442,6545.6958
2025-12-24 18:00:00,Beauty,UPI,New,6,2450.24,0.25,14701.439999999999,3675.3599999999997,11026.079999999998
2025-12-25 00:00:00,Home & Kitchen,UPI,Regular,7,1636.77,0.3,11457.39,3437.2169999999996,8020.173
2025-12-25 06:00:00,Beauty,Credit Card,Regular,4,2296.22,0.11,9184.88,1010.3367999999999,8174.543199999999
2025-12-25 12:00:00,Home & Kitchen,Debit Card,New,2,1624.72,0.14,3249.44,454.92160000000007,2794.5184
2025-12-25 18:00:00,Beauty,UPI,Regular,3,131.33,0.21,393.99,82.7379,311.25210000000004
2025-12-26 00:00:00,Beauty,Cash,New,4,2492.07,0.28,9968.28,2791.1184000000003,7177.1616
2025-12-26 06:00:00,Electronics,Credit Card,New,1,292.43,0.27,292.43,78.9561,213.47390000000001
2025-12-26 12:00:00,Groceries,Credit Card,New,4,1722.47,0.02,6889.88,137.79760000000002,6752.0824
2025-12-26 18:00:00,Beauty,Cash,Regular,5,669.45,0.05,3347.25,167.3625,3179.8875
2025-12-27 00:00:00,Beauty,UPI,New,5,1010.35,0.23,5051.75,1161.9025000000001,3889.8475
2025-12-27 06:00:00,Clothing,Debit Card,New,2,1632.54,0.21,3265.08,685.6668,2579.4132
2025-12-27 12:00:00,Groceries,UPI,Regular,6,1119.39,0.04,6716.34,268.6536,6447.6864000000005
2025-12-27 18:00:00,Clothing,Cash,Regular,2,663.84,0.15,1327.68,199.15200000000002,1128.528
2025-12-28 00:00:00,Groceries,Credit Card,Regular,7,869.39,0.23,6085.73,1399.7178999999999,4686.0121
2025-12-28 06:00:00,Clothing,Debit Card,Regular,6,886.79,0.07,5320.74,372.45180000000005,4948.2882
2025-12-28 12:00:00,Beauty,Credit Card,Regular,6,2400.34,0.26,14402.04,3744.5304000000006,10657.509600000001
2025-12-28 18:00:00,Beauty,Cash,Regular,6,2006.6,0.02,12039.599999999999,240.79199999999997,11798.807999999999
2025-12-29 00:00:00,Electronics,UPI,Regular,6,1173.44,0.23,7040.64,1619.3472000000002,5421.2928
2025-12-29 06:00:00,Clothing,Debit Card,Regular,5,539.56,0.18,2697.7999999999997,485.6039999999999,2212.196
2025-12-29 12:00:00,Home & Kitchen,Credit Card,Regular,7,2036.99,0.09,14258.93,1283.3037,12975.6263
2025-12-29 18:00:00,Electronics,Credit Card,Regular,5,435.1,0.22,2175.5,478.61,1696.8899999999999
2025-12-30 00:00:00,Clothing,Credit Card,New,3,565.63,0.23,1696.8899999999999,390.2847,1306.6053
2025-12-30 06:00:00,Clothing,UPI,Regular,7,946.73,0.28,6627.110000000001,1855.5908000000004,4771.519200000001
2025-12-30 12:00:00,Electronics,Debit Card,Regular,5,2206.85,0.11,11034.25,1213.7675,9820.4825
2025-12-30 18:00:00,Beauty,UPI,Regular,2,372.88,0.21,745.76,156.6096,589.1504
2025-12-31 00:00:00,Clothing,UPI,Regular,5,349.47,0.18,1747.3500000000001,314.523,1432.8270000000002
2025-12-31 06:00:00,Beauty,UPI,New,7,1260.24,0.16,8821.68,1411.4688,7410.2112
2025-12-31 12:00:00,Electronics,Cash,New,7,727.21,0.27,5090.47,1374.4269000000002,3716.0431
2025-12-31 18:00:00,Beauty,Cash,Regular,2,1443.38,0.0,2886.76,0.0,2886.76
2026-01-01 00:00:00,Groceries,Cash,New,1,1156.51,0.08,1156.51,92.5208,1063.9892
2026-01-01 06:00:00,Home & Kitchen,Debit Card,Regular,7,1115.65,0.16,7809.550000000001,1249.5280000000002,6560.022000000001
2026-01-01 12:00:00,Clothing,UPI,Regular,5,324.33,0.05,1621.6499999999999,81.0825,1540.5674999999999
2026-01-01 18:00:00,Home & Kitchen,UPI,Regular,2,395.57,0.27,791.14,213.6078,577.5322
2026-01-02 00:00:00,Beauty,Cash,New,6,2061.64,0.19,12369.84,2350.2696,10019.5704
2026-01-02 06:00:00,Clothing,UPI,Regular,7,2220.41,0.14,15542.869999999999,2176.0018,13366.868199999999
2026-01-02 12:00:00,Beauty,UPI,New,4,624.97,0.24,2499.88,599.9712,1899.9088000000002
2026-01-02 18:00:00,Groceries,Credit Card,New,6,327.98,0.14,1967.88,275.50320000000005,1692.3768
2026-01-03 00:00:00,Electronics,UPI,Regular,3,180.87,0.17,542.61,92.2437,450.3663
2026-01-03 06:00:00,Clothing,Credit Card,Regular,7,1540.33,0.0,10782.31,0.0,10782.31
2026-01-03 12:00:00,Groceries,UPI,New,2,1802.62,0.11,3605.24,396.5764,3208.6636
2026-01-03 18:00:00,Groceries,Debit Card,Regular,6,963.38,0.04,5780.28,231.2112,5549.0688
2026-01-04 00:00:00,Clothing,Cash,Regular,5,1715.21,0.21,8576.05,1800.9704999999997,6775.0795
2026-01-04 06:00:00,Beauty,Credit Card,Regular,5,1796.75,0.14,8983.75,1257.7250000000001,7726.025
2026-01-04 12:00:00,Groceries,Cash,Regular,7,2341.59,0.09,16391.13,1475.2017,14915.928300000001
2026-01-04 18:00:00,Home & Kitchen,Credit Card,Regular,1,208.94,0.14,208.94,29.251600000000003,179.6884
2026-01-05 00:00:00,Groceries,Credit Card,Regular,4,521.11,0.06,2084.44,125.0664,1959.3736000000001
2026-01-05 06:00:00,Beauty,Credit Card,Regular,7,217.89,0.28,1525.23,427.06440000000003,1098.1656
2026-01-05 12:00:00,Beauty,Debit Card,Regular,2,2176.59,0.02,4353.18,87.06360000000001,4266.1164
2026-01-05 18:00:00,Home & Kitchen,UPI,New,6,1991.84,0.26,11951.039999999999,3107.2704,8843.7696
2026-01-06 00:00:00,Groceries,Credit Card,New,4,1457.87,0.15,5831.48,874.7219999999999,4956.758
2026-01-06 06:00:00,Beauty,Debit Card,Regular,1,254.98,0.19,254.98,48.4462,206.53379999999999
2026-01-06 12:00:00,Clothing,Credit Card,Regular,7,719.62,0.09,5037.34,453.3606,4583.9794
2026-01-06 18:00:00,Electronics,UPI,New,3,779.41,0.29,2338.23,678.0867,1660.1433000000002
2026-01-07 00:00:00,Electronics,Credit Card,Regular,4,1423.82,0.08,5695.28,455.62239999999997,5239.6576
2026-01-07 06:00:00,Electronics,Debit Card,Regular,1,682.21,0.18,682.21,122.7978,559.4122
2026-01-07 12:00:00,Groceries,UPI,New,7,228.75,0.3,1601.25,480.375,1120.875
2026-01-07 18:00:00,Home & Kitchen,Debit Card,New,7,1840.37,0.26,12882.59,3349.4734000000003,9533.1166
2026-01-08 00:00:00,Beauty,UPI,New,2,782.75,0.16,1565.5,250.48000000000002,1315.02
2026-01-08 06:00:00,Clothing,UPI,New,7,1158.32,0.3,8108.24,2432.4719999999998,5675.768
2026-01-08 12:00:00,Clothing,Cash,Regular,3,362.78,0.21,1088.34,228.55139999999997,859.7886
2026-01-08 18:00:00,Groceries,Cash,Regular,7,2016.24,0.06,14113.68,846.8208,13266.8592
2026-01-09 00:00:00,Electronics,Cash,New,5,1435.55,0.12,7177.75,861.3299999999999,6316.42
2026-01-09 06:00:00,Groceries,UPI,Regular,1,2258.88,0.1,2258.88,225.88800000000003,2032.9920000000002
2026-01-09 12:00:00,Home & Kitchen,Credit Card,Regular,5,1263.91,0.1,6319.55,631.955,5687.595
2026-01-09 18:00:00,Home & Kitchen,Debit Card,New,7,2356.49,0.23,16495.43,3793.9489000000003,12701.4811
2026-01-10 00:00:00,Beauty,Debit Card,New,3,2235.08,0.18,6705.24,1206.9432,5498.2968
2026-01-10 06:00:00,Beauty,Debit Card,Regular,1,1462.33,0.01,1462.33,14.6233,1447.7067
2026-01-10 12:00:00,Home & Kitchen,Cash,New,1,2338.04,0.26,2338.04,607.8904,1730.1496
2026-01-10 18:00:00,Home & Kitchen,UPI,New,7,841.57,0.09,5890.990000000001,530.1891,5360.8009
2026-01-11 00:00:00,Home & Kitchen,Cash,New,3,945.82,0.3,2837.46,851.2379999999999,1986.2220000000002
2026-01-11 06:00:00,Groceries,Credit Card,Regular,2,161.42,0.29,322.84,93.62359999999998,229.2164
2026-01-11 12:00:00,Home & Kitchen,UPI,Regular,1,1493.54,0.28,1493.54,418.19120000000004,1075.3488
2026-01-11 18:00:00,Clothing,Debit Card,Regular,3,1818.71,0.24,5456.13,1309.4712,4146.6588
2026-01-12 00:00:00,Electronics,Cash,Regular,4,1945.12,0.07,7780.48,544.6336,7235.846399999999
2026-01-12 06:00:00,Home & Kitchen,Cash,Regular,5,417.05,0.16,2085.25,333.64,1751.6100000000001
2026-01-12 12:00:00,Electronics,Credit Card,Regular,1,1138.19,0.07,1138.19,79.67330000000001,1058.5167000000001
2026-01-12 18:00:00,Groceries,Credit Card,Regular,4,483.31,0.08,1933.24,154.6592,1778.5808
2026-01-13 00:00:00,Electronics,Cash,New,1,1672.21,0.18,1672.21,300.9978,1371.2122
2026-01-13 06:00:00,Groceries,Credit Card,Regular,2,436.97,0.01,873.94,8.739400000000002,865.2006
2026-01-13 12:00:00,Clothing,Debit Card,New,7,2265.2,0.29,15856.399999999998,4598.355999999999,11258.043999999998
2026-01-13 18:00:00,Groceries,Credit Card,New,3,615.05,0.28,1845.1499999999999,516.642,1328.5079999999998
2026-01-14 00:00:00,Groceries,Credit Card,Regular,1,763.94,0.11,763.94,84.0334,679.9066
2026-01-14 06:00:00,Beauty,Cash,New,3,2134.72,0.15,6404.16,960.6239999999999,5443.536
2026-01-14 12:00:00,Home & Kitchen,Cash,Regular,6,1173.25,0.14,7039.5,985.5300000000001,6053.97
2026-01-14 18:00:00,Home & Kitchen,UPI,Regular,1,108.79,0.26,108.79,28.285400000000003,80.50460000000001
2026-01-15 00:00:00,Clothing,UPI,New,2,1261.74,0.21,2523.48,529.9308,1993.5492
2026-01-15 06:00:00,Clothing,Cash,Regular,2,257.13,0.08,514.26,41.1408,473.1192
2026-01-15 12:00:00,Home & Kitchen,Credit Card,New,7,2464.09,0.13,17248.63,2242.3219000000004,15006.3081
2026-01-15 18:00:00,Beauty,Credit Card,Regular,7,1490.87,0.13,10436.09,1356.6917,9079.3983
2026-01-16 00:00:00,Home & Kitchen,UPI,New,4,678.5,0.29,2714.0,787.06,1926.94
2026-01-16 06:00:00,Beauty,UPI,Regular,2,1431.11,0.05,2862.22,143.111,2719.109
2026-01-16 12:00:00,Clothing,UPI,Regular,3,238.32,0.03,714.96,21.4488,693.5112
2026-01-16 18:00:00,Electronics,Debit Card,Regular,6,2009.73,0.26,12058.380000000001,3135.1788000000006,8923.2012
2026-01-17 00:00:00,Clothing,Debit Card,New,2,2317.05,0.27,4634.1,1251.207,3382.893
2026-01-17 06:00:00,Clothing,UPI,New,1,2192.39,0.26,2192.39,570.0214,1622.3685999999998
2026-01-17 12:00:00,Groceries,Credit Card,Regular,2,887.31,0.15,1774.62,266.193,1508.427
2026-01-17 18:00:00,Groceries,UPI,Regular,6,848.13,0.2,5088.78,1017.756,4071.024
2026-01-18 00:00:00,Groceries,Debit Card,Regular,3,135.96,0.17,407.88,69.3396,338.5404
2026-01-18 06:00:00,Groceries,Credit Card,New,1,1645.93,0.02,1645.93,32.918600000000005,1613.0114
2026-01-18 12:00:00,Beauty,Debit Card,Regular,4,1360.52,0.18,5442.08,979.5744,4462.5056
2026-01-18 18:00:00,Home & Kitchen,Credit Card,New,4,1175.4,0.0,4701.6,0.0,4701.6
2026-01-19 00:00:00,Electronics,Debit Card,New,4,2273.7,0.1,9094.8,909.48,8185.32
2026-01-19 06:00:00,Clothing,Credit Card,Regular,7,461.3,0.28,3229.1,904.148,2324.9519999999998
2026-01-19 12:00:00,Beauty,Credit Card,Regular,1,73.68,0.09,73.68,6.631200000000001,67.0488
2026-01-19 18:00:00,Electronics,Credit Card,Regular,4,229.63,0.28,918.52,257.1856,661.3344
2026-01-20 00:00:00,Beauty,Credit Card,New,7,597.26,0.08,4180.82,334.4656,3846.3543999999997
2026-01-20 06:00:00,Beauty,Cash,Regular,2,131.55,0.09,263.1,23.679000000000002,239.42100000000002
2026-01-20 12:00:00,Clothing,Debit Card,Regular,1,1281.97,0.19,1281.97,243.57430000000002,1038.3957
2026-01-20 18:00:00,Home & Kitchen,Debit Card,New,1,819.52,0.23,819.52,188.4896,631.0304
2026-01-21 00:00:00,Groceries,Cash,Regular,1,492.18,0.15,492.18,73.827,418.353
2026-01-21 06:00:00,Home & Kitchen,Credit Card,Regular,5,1887.71,0.26,9438.55,2454.0229999999997,6984.527
2026-01-21 12:00:00,Clothing,Credit Card,Regular,7,550.91,0.01,3856.37,38.5637,3817.8062999999997
2026-01-21 18:00:00,Clothing,Debit Card,Regular,3,1734.63,0.28,5203.89,1457.0892000000001,3746.8008
2026-01-22 00:00:00,Clothing,Cash,New,5,905.7,0.06,4528.5,271.71,4256.79
2026-01-22 06:00:00,Electronics,Credit Card,Regular,5,1303.98,0.27,6519.9,1760.373,4759.527
2026-01-22 12:00:00,Home & Kitchen,Credit Card,Regular,5,2337.97,0.12,11689.849999999999,1402.7819999999997,10287.068
2026-01-22 18:00:00,Home & Kitchen,Credit Card,New,3,141.51,0.25,424.53,106.1325,318.3975
2026-01-23 00:00:00,Beauty,UPI,Regular,5,1275.65,0.2,6378.25,1275.65,5102.6
2026-01-23 06:00:00,Beauty,Cash,New,4,2143.34,0.05,8573.36,428.66800000000006,8144.692000000001
2026-01-23 12:00:00,Beauty,Credit Card,New,1,1490.54,0.28,1490.54,417.3512,1073.1888
2026-01-23 18:00:00,Clothing,UPI,Regular,1,728.33,0.07,728.33,50.98310000000001,677.3469
2026-01-24 00:00:00,Home & Kitchen,Cash,Regular,7,1024.32,0.07,7170.24,501.9168,6668.3232
2026-01-24 06:00:00,Clothing,Credit Card,New,2,1716.65,0.24,3433.3,823.992,2609.308
2026-01-24 12:00:00,Electronics,Debit Card,Regular,6,2232.49,0.03,13394.939999999999,401.84819999999996,12993.091799999998
2026-01-24 18:00:00,Beauty,UPI,Regular,4,150.61,0.07,602.44,42.17080000000001,560.2692000000001
2026-01-25 00:00:00,Clothing,UPI,New,3,225.27,0.15,675.8100000000001,101.37150000000001,574.4385000000001
2026-01-25 06:00:00,Clothing,Credit Card,Regular,6,846.38,0.25,5078.28,1269.57,3808.71
2026-01-25 12:00:00,Electronics,Credit Card,New,1,620.31,0.04,620.31,24.812399999999997,595.4975999999999
2026-01-25 18:00:00,Groceries,UPI,Regular,5,699.08,0.16,3495.4,559.264,2936.136
2026-01-26 00:00:00,Home & Kitchen,Debit Card,Regular,7,592.11,0.21,4144.77,870.4017,3274.3683000000005
2026-01-26 06:00:00,Groceries,Debit Card,Regular,7,529.77,0.26,3708.39,964.1814,2744.2086
2026-01-26 12:00:00,Beauty,Cash,New,2,370.03,0.28,740.06,207.2168,532.8431999999999
2026-01-26 18:00:00,Clothing,Credit Card,New,2,2338.19,0.24,4676.38,1122.3312,3554.0488
2026-01-27 00:00:00,Electronics,Debit Card,New,1,403.26,0.2,403.26,80.652,322.608
2026-01-27 06:00:00,Electronics,Cash,Regular,4,550.79,0.13,2203.16,286.4108,1916.7491999999997
2026-01-27 12:00:00,Home & Kitchen,Debit Card,Regular,7,653.35,0.03,4573.45,137.2035,4436.2465
2026-01-27 18:00:00,Groceries,Credit Card,Regular,6,2335.89,0.21,14015.34,2943.2214,11072.1186
2026-01-28 00:00:00,Home & Kitchen,Cash,Regular,2,1901.5,0.3,3803.0,1140.8999999999999,2662.1000000000004
2026-01-28 06:00:00,Clothing,Cash,Regular,1,1984.76,0.22,1984.76,436.6472,1548.1127999999999
2026-01-28 12:00:00,Home & Kitchen,Cash,Regular,4,306.66,0.01,1226.64,12.2664,1214.3736000000001
2026-01-28 18:00:00,Electronics,Debit Card,Regular,1,2098.96,0.15,2098.96,314.844,1784.116
2026-01-29 00:00:00,Electronics,Credit Card,New,1,1050.07,0.18,1050.07,189.0126,861.0573999999999
2026-01-29 06:00:00,Beauty,Cash,Regular,4,693.92,0.21,2775.68,582.8928,2192.7871999999998
2026-01-29 12:00:00,Beauty,UPI,New,4,1460.59,0.22,5842.36,1285.3192,4557.0408
2026-01-29 18:00:00,Clothing,Credit Card,Regular,4,2064.35,0.17,8257.4,1403.758,6853.642
2026-01-30 00:00:00,Groceries,UPI,Regular,1,1957.7,0.07,1957.7,137.03900000000002,1820.661
2026-01-30 06:00:00,Home & Kitchen,UPI,Regular,2,2230.49,0.28,4460.98,1249.0744,3211.9055999999996
2026-01-30 12:00:00,Clothing,Cash,Regular,3,2323.92,0.21,6971.76,1464.0696,5507.6904
2026-01-30 18:00:00,Beauty,Cash,Regular,3,633.4,0.07,1900.1999999999998,133.014,1767.1859999999997
2026-01-31 00:00:00,Home & Kitchen,Debit Card,Regular,1,1088.45,0.1,1088.45,108.84500000000001,979.605
2026-01-31 06:00:00,Beauty,Debit Card,Regular,1,85.84,0.28,85.84,24.035200000000003,61.8048
2026-01-31 12:00:00,Home & Kitchen,Debit Card,New,2,2204.34,0.27,4408.68,1190.3436000000002,3218.3364
2026-01-31 18:00:00,Groceries,Credit Card,New,4,428.7,0.12,1714.8,205.77599999999998,1509.024
2026-02-01 00:00:00,Clothing,Debit Card,New,1,2160.61,0.01,2160.61,21.6061,2139.0039
2026-02-01 06:00:00,Home & Kitchen,UPI,Regular,7,857.0,0.01,5999.0,59.99,5939.01
2026-02-01 12:00:00,Electronics,Debit Card,Regular,5,951.93,0.09,4759.65,428.3684999999999,4331.2815
2026-02-01 18:00:00,Electronics,Cash,Regular,4,145.87,0.19,583.48,110.86120000000001,472.6188
2026-02-02 00:00:00,Home & Kitchen,Debit Card,Regular,7,850.85,0.18,5955.95,1072.071,4883.879
2026-02-02 06:00:00,Home & Kitchen,Credit Card,Regular,1,2226.49,0.19,2226.49,423.0331,1803.4568999999997
2026-02-02 12:00:00,Home & Kitchen,Credit Card,Regular,5,112.59,0.22,562.95,123.849,439.10100000000006
2026-02-02 18:00:00,Electronics,UPI,Regular,7,1045.5,0.01,7318.5,73.185,7245.315
2026-02-03 00:00:00,Electronics,Credit Card,Regular,6,126.93,0.03,761.58,22.8474,738.7326
2026-02-03 06:00:00,Home & Kitchen,Debit Card,Regular,2,958.76,0.11,1917.52,210.9272,1706.5928
2026-02-03 12:00:00,Beauty,Cash,New,5,472.97,0.05,2364.8500000000004,118.24250000000002,2246.6075000000005
2026-02-03 18:00:00,Beauty,Credit Card,New,1,667.94,0.02,667.94,13.358800000000002,654.5812000000001
2026-02-04 00:00:00,Groceries,UPI,New,3,2200.12,0.19,6600.36,1254.0683999999999,5346.2916
2026-02-04 06:00:00,Clothing,Debit Card,New,7,1118.32,0.24,7828.24,1878.7776,5949.4624
2026-02-04 12:00:00,Beauty,UPI,Regular,1,720.81,0.23,720.81,165.78629999999998,555.0237
2026-02-04 18:00:00,Electronics,Credit Card,New,3,1493.88,0.25,4481.64,1120.41,3361.2300000000005
2026-02-05 00:00:00,Beauty,Credit Card,New,2,398.16,0.2,796.32,159.264,637.056
2026-02-05 06:00:00,Groceries,UPI,Regular,2,685.51,0.22,1371.02,301.6244,1069.3956
2026-02-05 12:00:00,Groceries,Debit Card,Regular,4,1388.31,0.08,5553.24,444.25919999999996,5108.980799999999
2026-02-05 18:00:00,Clothing,Credit Card,New,7,631.93,0.3,4423.509999999999,1327.0529999999997,3096.4569999999994
2026-02-06 00:00:00,Beauty,Cash,Regular,4,1713.86,0.05,6855.44,342.772,6512.668
2026-02-06 06:00:00,Electronics,Credit Card,New,3,1254.15,0.06,3762.4500000000003,225.747,3536.7030000000004
2026-02-06 12:00:00,Electronics,Debit Card,Regular,3,1941.37,0.09,5824.11,524.1699,5299.9401
2026-02-06 18:00:00,Home & Kitchen,Credit Card,Regular,2,2373.2,0.29,4746.4,1376.456,3369.9439999999995
2026-02-07 00:00:00,Electronics,UPI,Regular,5,333.72,0.3,1668.6000000000001,500.58000000000004,1168.02
2026-02-07 06:00:00,Clothing,Credit Card,Regular,3,869.93,0.24,2609.79,626.3496,1983.4404
2026-02-07 12:00:00,Clothing,Credit Card,New,3,832.9,0.19,2498.7,474.753,2023.947
2026-02-07 18:00:00,Electronics,Debit Card,New,7,420.4,0.16,2942.7999999999997,470.84799999999996,2471.9519999999998
2026-02-08 00:00:00,Electronics,UPI,Regular,5,2035.24,0.29,10176.2,2951.098,7225.102000000001
2026-02-08 06:00:00,Home & Kitchen,Debit Card,Regular,4,1911.7,0.21,7646.8,1605.828,6040.972
2026-02-08 12:00:00,Electronics,Credit Card,New,4,1236.84,0.28,4947.36,1385.2608,3562.0991999999997
2026-02-08 18:00:00,Home & Kitchen,Cash,Regular,3,1367.54,0.09,4102.62,369.2358,3733.3842
2026-02-09 00:00:00,Home & Kitchen,Credit Card,Regular,7,195.88,0.1,1371.1599999999999,137.11599999999999,1234.0439999999999
2026-02-09 06:00:00,Electronics,Debit Card,Regular,4,1410.99,0.26,5643.96,1467.4296000000002,4176.5304
2026-02-09 12:00:00,Groceries,Cash,New,4,1988.79,0.04,7955.16,318.2064,7636.9536
2026-02-09 18:00:00,Groceries,Debit Card,New,6,1455.88,0.28,8735.28,2445.8784000000005,6289.4016
2026-02-10 00:00:00,Home & Kitchen,Debit Card,Regular,7,700.0,0.15,4900.0,735.0,4165.0
2026-02-10 06:00:00,Electronics,UPI,Regular,4,1685.49,0.28,6741.96,1887.7488000000003,4854.2112
2026-02-10 12:00:00,Groceries,Cash,New,2,935.65,0.1,1871.3,187.13,1684.17
2026-02-10 18:00:00,Electronics,Credit Card,New,1,1384.94,0.21,1384.94,290.8374,1094.1026000000002
2026-02-11 00:00:00,Electronics,Debit Card,Regular,3,1244.54,0.14,3733.62,522.7068,3210.9132
2026-02-11 06:00:00,Electronics,Credit Card,Regular,3,983.88,0.19,2951.64,560.8116,2390.8284
2026-02-11 12:00:00,Beauty,UPI,New,2,1811.25,0.15,3622.5,543.375,3079.125
2026-02-11 18:00:00,Electronics,UPI,Regular,1,2215.5,0.29,2215.5,642.495,1573.005
2026-02-12 00:00:00,Beauty,Cash,Regular,1,62.77,0.21,62.77,13.1817,49.588300000000004
2026-02-12 06:00:00,Home & Kitchen,UPI,Regular,2,2337.36,0.08,4674.72,373.97760000000005,4300.7424
2026-02-12 12:00:00,Groceries,UPI,Regular,5,1303.21,0.27,6516.05,1759.3335000000002,4756.7165
2026-02-12 18:00:00,Groceries,Credit Card,Regular,5,1766.79,0.09,8833.95,795.0555,8038.8945
2026-02-13 00:00:00,Groceries,UPI,Regular,1,2146.28,0.11,2146.28,236.09080000000003,1910.1892000000003
2026-02-13 06:00:00,Groceries,UPI,New,5,1194.4,0.03,5972.0,179.16,5792.84
2026-02-13 12:00:00,Groceries,Debit Card,Regular,5,2095.69,0.27,10478.45,2829.1815000000006,7649.2685
2026-02-13 18:00:00,Groceries,UPI,Regular,5,485.17,0.09,2425.85,218.32649999999998,2207.5235
2026-02-14 00:00:00,Groceries,Debit Card,Regular,1,439.96,0.08,439.96,35.196799999999996,404.7632
2026-02-14 06:00:00,Home & Kitchen,UPI,New,5,1660.8,0.28,8304.0,2325.1200000000003,5978.879999999999
2026-02-14 12:00:00,Electronics,UPI,New,3,2181.85,0.24,6545.549999999999,1570.9319999999998,4974.6179999999995
2026-02-14 18:00:00,Clothing,Cash,Regular,6,2236.44,0.04,13418.64,536.7456,12881.8944
2026-02-15 00:00:00,Beauty,Cash,New,1,1627.16,0.23,1627.16,374.2468,1252.9132
2026-02-15 06:00:00,Clothing,Debit Card,Regular,2,1337.45,0.27,2674.9,722.2230000000001,1952.6770000000001
2026-02-15 12:00:00,Clothing,UPI,New,5,861.91,0.02,4309.55,86.191,4223.359
2026-02-15 18:00:00,Electronics,Credit Card,Regular,4,2451.0,0.25,9804.0,2451.0,7353.0
2026-02-16 00:00:00,Electronics,Cash,New,1,833.25,0.16,833.25,133.32,699.9300000000001
2026-02-16 06:00:00,Electronics,Credit Card,Regular,7,1873.26,0.2,13112.82,2622.5640000000003,10490.256
2026-02-16 12:00:00,Groceries,Cash,Regular,2,1353.36,0.15,2706.72,406.008,2300.712
2026-02-16 18:00:00,Home & Kitchen,Cash,New,6,1540.86,0.21,9245.16,1941.4835999999998,7303.6764
2026-02-17 00:00:00,Groceries,UPI,Regular,3,1014.03,0.01,3042.09,30.420900000000003,3011.6691
2026-02-17 06:00:00,Home & Kitchen,Cash,Regular,7,2413.82,0.23,16896.74,3886.2502000000004,13010.489800000001
2026-02-17 12:00:00,Home & Kitchen,Credit Card,Regular,2,1450.62,0.01,2901.24,29.0124,2872.2275999999997
2026-02-17 18:00:00,Clothing,Cash,New,5,2347.58,0.14,11737.9,1643.306,10094.594
2026-02-18 00:00:00,Clothing,Debit Card,Regular,4,68.6,0.05,274.4,13.719999999999999,260.67999999999995
2026-02-18 06:00:00,Home & Kitchen,UPI,Regular,5,1453.04,0.25,7265.2,1816.3,5448.9
2026-02-18 12:00:00,Home & Kitchen,UPI,New,2,1807.11,0.09,3614.22,325.27979999999997,3288.9402
2026-02-18 18:00:00,Groceries,Debit Card,Regular,1,1875.45,0.14,1875.45,262.56300000000005,1612.887
2026-02-19 00:00:00,Groceries,Debit Card,Regular,7,2267.19,0.13,15870.33,2063.1429000000003,13807.1871
2026-02-19 06:00:00,Clothing,Debit Card,New,4,60.78,0.23,243.12,55.9176,187.2024
2026-02-19 12:00:00,Electronics,Cash,Regular,7,50.81,0.14,355.67,49.793800000000005,305.87620000000004
2026-02-19 18:00:00,Home & Kitchen,UPI,Regular,7,1207.05,0.24,8449.35,2027.844,6421.506
2026-02-20 00:00:00,Groceries,Debit Card,Regular,4,121.77,0.02,487.08,9.7416,477.3384
2026-02-20 06:00:00,Clothing,Cash,New,2,2437.6,0.06,4875.2,292.512,4582.688
2026-02-20 12:00:00,Groceries,Debit Card,Regular,6,594.06,0.17,3564.3599999999997,605.9412,2958.4187999999995
2026-02-20 18:00:00,Home & Kitchen,Credit Card,New,6,1208.03,0.28,7248.18,2029.4904000000004,5218.6896
2026-02-21 00:00:00,Home & Kitchen,Credit Card,New,5,199.79,0.02,998.9499999999999,19.979,978.9709999999999
2026-02-21 06:00:00,Beauty,UPI,Regular,2,1329.02,0.01,2658.04,26.5804,2631.4596
2026-02-21 12:00:00,Electronics,Cash,New,4,980.89,0.05,3923.56,196.178,3727.382
2026-02-21 18:00:00,Beauty,Credit Card,Regular,2,159.42,0.19,318.84,60.5796,258.2604
2026-02-22 00:00:00,Clothing,Credit Card,Regular,4,871.05,0.12,3484.2,418.104,3066.096
2026-02-22 06:00:00,Groceries,Cash,New,7,1009.02,0.25,7063.139999999999,1765.7849999999999,5297.355
2026-02-22 12:00:00,Clothing,Debit Card,New,5,2475.31,0.02,12376.55,247.53099999999998,12129.018999999998
2026-02-22 18:00:00,Home & Kitchen,Cash,Regular,1,559.32,0.06,559.32,33.559200000000004,525.7608
2026-02-23 00:00:00,Beauty,Debit Card,Regular,7,1384.71,0.09,9692.970000000001,872.3673000000001,8820.602700000001
2026-02-23 06:00:00,Beauty,Credit Card,Regular,1,2468.92,0.19,2468.92,469.0948,1999.8252
2026-02-23 12:00:00,Beauty,Credit Card,Regular,2,1990.45,0.21,3980.9,835.989,3144.911
2026-02-23 18:00:00,Clothing,Credit Card,Regular,4,2483.75,0.04,9935.0,397.40000000000003,9537.6
2026-02-24 00:00:00,Home & Kitchen,UPI,Regular,1,2422.33,0.28,2422.33,678.2524000000001,1744.0775999999998
2026-02-24 06:00:00,Groceries,UPI,New,7,1249.37,0.1,8745.59,874.5590000000001,7871.031
2026-02-24 12:00:00,Groceries,UPI,Regular,4,1756.12,0.21,7024.48,1475.1408,5549.339199999999
2026-02-24 18:00:00,Clothing,Cash,Regular,5,320.59,0.16,1602.9499999999998,256.472,1346.4779999999998
2026-02-25 00:00:00,Beauty,Credit Card,New,7,1130.81,0.07,7915.67,554.0969,7361.5731
2026-02-25 06:00:00,Electronics,Credit Card,New,2,2032.1,0.25,4064.2,1016.05,3048.1499999999996
2026-02-25 12:00:00,Clothing,Cash,Regular,4,1288.07,0.25,5152.28,1288.07,3864.21
2026-02-25 18:00:00,Clothing,UPI,Regular,2,1771.61,0.12,3543.22,425.18639999999994,3118.0335999999998
2026-02-26 00:00:00,Home & Kitchen,Cash,Regular,4,1877.09,0.18,7508.36,1351.5048,6156.8552
2026-02-26 06:00:00,Groceries,UPI,Regular,7,671.0,0.08,4697.0,375.76,4321.24
2026-02-26 12:00:00,Clothing,Credit Card,Regular,6,2195.46,0.21,13172.76,2766.2796,10406.4804
2026-02-26 18:00:00,Clothing,Debit Card,New,6,1176.56,0.09,7059.36,635.3424,6424.017599999999
2026-02-27 00:00:00,Beauty,UPI,Regular,4,564.95,0.25,2259.8,564.95,1694.8500000000001
2026-02-27 06:00:00,Beauty,Credit Card,Regular,5,2170.27,0.07,10851.35,759.5945000000002,10091.7555
2026-02-27 12:00:00,Electronics,Credit Card,Regular,2,1073.66,0.0,2147.32,0.0,2147.32
2026-02-27 18:00:00,Home & Kitchen,Debit Card,Regular,3,1888.27,0.08,5664.8099999999995,453.1848,5211.6251999999995
2026-02-28 00:00:00,Electronics,Credit Card,Regular,4,1392.68,0.06,5570.72,334.2432,5236.4768
2026-02-28 06:00:00,Beauty,Credit Card,New,4,985.59,0.15,3942.36,591.354,3351.0060000000003
2026-02-28 12:00:00,Groceries,UPI,Regular,6,2034.2,0.06,12205.2,732.312,11472.888
2026-02-28 18:00:00,Beauty,UPI,Regular,1,1481.95,0.23,1481.95,340.8485,1141.1015
2026-03-01 00:00:00,Home & Kitchen,Debit Card,Regular,7,1006.88,0.07,7048.16,493.37120000000004,6554.7888
2026-03-01 06:00:00,Beauty,Debit Card,New,6,318.51,0.21,1911.06,401.32259999999997,1509.7374
2026-03-01 12:00:00,Home & Kitchen,Credit Card,Regular,2,2243.84,0.17,4487.68,762.9056,3724.7744000000002
2026-03-01 18:00:00,Home & Kitchen,UPI,Regular,6,136.9,0.3,821.4000000000001,246.42000000000002,574.98
2026-03-02 00:00:00,Home & Kitchen,Debit Card,New,3,2164.81,0.3,6494.43,1948.329,4546.101000000001
2026-03-02 06:00:00,Home & Kitchen,Debit Card,Regular,5,931.91,0.26,4659.55,1211.4830000000002,3448.067
2026-03-02 12:00:00,Home & Kitchen,Cash,Regular,7,1616.38,0.23,11314.66,2602.3718,8712.288199999999
2026-03-02 18:00:00,Groceries,Debit Card,Regular,3,2309.39,0.12,6928.17,831.3804,6096.7896
2026-03-03 00:00:00,Electronics,Credit Card,Regular,5,421.68,0.23,2108.4,484.932,1623.468
2026-03-03 06:00:00,Clothing,UPI,Regular,3,1439.03,0.29,4317.09,1251.9560999999999,3065.1339000000003
2026-03-03 12:00:00,Electronics,Debit Card,New,7,1922.86,0.01,13460.019999999999,134.6002,13325.419799999998
2026-03-03 18:00:00,Home & Kitchen,Cash,Regular,6,1906.08,0.16,11436.48,1829.8368,9606.643199999999
2026-03-04 00:00:00,Groceries,UPI,Regular,3,1337.8,0.07,4013.3999999999996,280.938,3732.4619999999995
2026-03-04 06:00:00,Beauty,Debit Card,Regular,6,1580.61,0.17,9483.66,1612.2222000000002,7871.4378
2026-03-04 12:00:00,Groceries,Cash,Regular,7,1905.94,0.14,13341.58,1867.8212,11473.7588
2026-03-04 18:00:00,Home & Kitchen,Debit Card,Regular,6,2110.52,0.17,12663.119999999999,2152.7304,10510.389599999999
2026-03-05 00:00:00,Groceries,UPI,New,2,1916.44,0.17,3832.88,651.5896,3181.2904
2026-03-05 06:00:00,Groceries,UPI,Regular,6,917.31,0.29,5503.86,1596.1193999999998,3907.7406
2026-03-05 12:00:00,Home & Kitchen,UPI,New,1,2491.98,0.17,2491.98,423.63660000000004,2068.3433999999997
2026-03-05 18:00:00,Groceries,Credit Card,Regular,3,1114.53,0.25,3343.59,835.8975,2507.6925
2026-03-06 00:00:00,Clothing,Debit Card,Regular,7,109.94,0.1,769.5799999999999,76.958,692.622
2026-03-06 06:00:00,Clothing,Credit Card,Regular,4,938.41,0.13,3753.64,487.9732,3265.6668
2026-03-06 12:00:00,Groceries,UPI,Regular,4,363.07,0.14,1452.28,203.31920000000002,1248.9607999999998
2026-03-06 18:00:00,Beauty,Cash,Regular,4,347.53,0.08,1390.12,111.2096,1278.9104
2026-03-07 00:00:00,Home & Kitchen,Debit Card,Regular,7,739.76,0.11,5178.32,569.6152,4608.7047999999995
2026-03-07 06:00:00,Clothing,Credit Card,New,1,180.77,0.18,180.77,32.5386,148.2314
2026-03-07 12:00:00,Beauty,Debit Card,Regular,6,1736.85,0.17,10421.099999999999,1771.587,8649.512999999999
2026-03-07 18:00:00,Groceries,Cash,Regular,3,231.27,0.19,693.8100000000001,131.8239,561.9861000000001
2026-03-08 00:00:00,Beauty,Credit Card,Regular,5,548.06,0.11,2740.2999999999997,301.433,2438.8669999999997
2026-03-08 06:00:00,Electronics,UPI,Regular,5,277.6,0.09,1388.0,124.92,1263.08
2026-03-08 12:00:00,Clothing,Credit Card,Regular,7,204.76,0.18,1433.32,257.9976,1175.3224
2026-03-08 18:00:00,Groceries,Debit Card,Regular,2,705.99,0.04,1411.98,56.4792,1355.5008
2026-03-09 00:00:00,Home & Kitchen,Debit Card,Regular,1,1451.15,0.08,1451.15,116.09200000000001,1335.058
2026-03-09 06:00:00,Groceries,Debit Card,New,3,2413.48,0.01,7240.4400000000005,72.40440000000001,7168.0356
2026-03-09 12:00:00,Home & Kitchen,Debit Card,New,6,2195.11,0.02,13170.66,263.4132,12907.246799999999
2026-03-09 18:00:00,Groceries,UPI,Regular,4,2196.04,0.07,8784.16,614.8912,8169.2688
2026-03-10 00:00:00,Beauty,Credit Card,Regular,1,481.36,0.01,481.36,4.8136,476.5464
2026-03-10 06:00:00,Beauty,UPI,New,1,699.02,0.07,699.02,48.931400000000004,650.0885999999999
2026-03-10 12:00:00,Beauty,UPI,Regular,3,237.16,0.2,711.48,142.29600000000002,569.184
2026-03-10 18:00:00,Electronics,UPI,Regular,7,1957.25,0.02,13700.75,274.015,13426.735
2026-03-11 00:00:00,Home & Kitchen,Debit Card,Regular,6,221.05,0.13,1326.3000000000002,172.41900000000004,1153.881
2026-03-11 06:00:00,Beauty,Debit Card,Regular,7,1413.9,0.27,9897.300000000001,2672.2710000000006,7225.029
2026-03-11 12:00:00,Electronics,Debit Card,Regular,7,657.3,0.24,4601.099999999999,1104.264,3496.8359999999993
2026-03-11 18:00:00,Home & Kitchen,Credit Card,Regular,2,646.44,0.09,1292.88,116.3592,1176.5208
2026-03-12 00:00:00,Groceries,Cash,Regular,7,2477.28,0.28,17340.960000000003,4855.4688000000015,12485.4912
2026-03-12 06:00:00,Electronics,Debit Card,Regular,6,1904.11,0.1,11424.66,1142.4660000000001,10282.194
2026-03-12 12:00:00,Clothing,Credit Card,New,2,2100.5,0.02,4201.0,84.02,4116.98
2026-03-12 18:00:00,Electronics,Debit Card,Regular,2,1451.36,0.3,2902.72,870.8159999999999,2031.904
2026-03-13 00:00:00,Electronics,Debit Card,Regular,4,2183.99,0.26,8735.96,2271.3496,6464.6104
2026-03-13 06:00:00,Home & Kitchen,UPI,Regular,4,1631.45,0.14,6525.8,913.6120000000001,5612.188
2026-03-13 12:00:00,Groceries,UPI,New,3,2368.13,0.2,7104.39,1420.8780000000002,5683.512000000001
2026-03-13 18:00:00,Clothing,UPI,New,6,739.28,0.2,4435.68,887.1360000000001,3548.5440000000003
2026-03-14 00:00:00,Beauty,Credit Card,Regular,7,1508.53,0.06,10559.71,633.5826,9926.1274
2026-03-14 06:00:00,Beauty,Cash,Regular,2,1740.82,0.06,3481.64,208.89839999999998,3272.7416
2026-03-14 12:00:00,Electronics,Cash,New,3,1012.7,0.14,3038.1000000000004,425.3340000000001,2612.766
2026-03-14 18:00:00,Home & Kitchen,Credit Card,New,2,2205.28,0.27,4410.56,1190.8512000000003,3219.7088000000003
2026-03-15 00:00:00,Home & Kitchen,Debit Card,Regular,1,2450.52,0.0,2450.52,0.0,2450.52
2026-03-15 06:00:00,Beauty,Credit Card,Regular,5,1259.74,0.23,6298.7,1448.701,4849.999
2026-03-15 12:00:00,Clothing,Debit Card,Regular,5,1007.07,0.02,5035.35,100.70700000000001,4934.643
2026-03-15 18:00:00,Groceries,Credit Card,New,2,1206.25,0.14,2412.5,337.75000000000006,2074.75
2026-03-16 00:00:00,Clothing,Credit Card,Regular,3,2139.21,0.19,6417.63,1219.3497,5198.2803
2026-03-16 06:00:00,Groceries,Credit Card,Regular,4,1631.4,0.21,6525.6,1370.376,5155.224
2026-03-16 12:00:00,Beauty,Cash,New,6,159.69,0.02,958.14,19.1628,938.9772
2026-03-16 18:00:00,Groceries,UPI,New,2,1378.32,0.13,2756.64,358.3632,2398.2767999999996
2026-03-17 00:00:00,Home & Kitchen,Credit Card,New,2,92.39,0.18,184.78,33.2604,151.5196
2026-03-17 06:00:00,Electronics,Cash,New,6,1957.41,0.02,11744.460000000001,234.88920000000002,11509.570800000001
2026-03-17 12:00:00,Electronics,UPI,Regular,7,854.37,0.04,5980.59,239.2236,5741.3664
2026-03-17 18:00:00,Beauty,UPI,Regular,4,1206.42,0.2,4825.68,965.1360000000001,3860.5440000000003
2026-03-18 00:00:00,Home & Kitchen,Credit Card,Regular,2,2006.76,0.16,4013.52,642.1632,3371.3568
2026-03-18 06:00:00,Clothing,Debit Card,New,1,163.8,0.05,163.8,8.190000000000001,155.61
2026-03-18 12:00:00,Home & Kitchen,Debit Card,Regular,4,438.43,0.16,1753.72,280.59520000000003,1473.1248
2026-03-18 18:00:00,Electronics,Debit Card,New,1,1025.0,0.27,1025.0,276.75,748.25
2026-03-19 00:00:00,Electronics,Credit Card,Regular,5,613.32,0.0,3066.6000000000004,0.0,3066.6000000000004
2026-03-19 06:00:00,Home & Kitchen,Debit Card,New,6,877.86,0.19,5267.16,1000.7604,4266.3996
2026-03-19 12:00:00,Home & Kitchen,Cash,Regular,4,2495.53,0.02,9982.12,199.6424,9782.4776
2026-03-19 18:00:00,Electronics,Cash,Regular,7,2072.27,0.0,14505.89,0.0,14505.89
2026-03-20 00:00:00,Clothing,Cash,New,4,2215.56,0.05,8862.24,443.112,8419.128
2026-03-20 06:00:00,Beauty,Cash,Regular,3,2345.78,0.13,7037.34,914.8542000000001,6122.4858
2026-03-20 12:00:00,Beauty,UPI,New,3,885.29,0.24,2655.87,637.4087999999999,2018.4612
2026-03-20 18:00:00,Home & Kitchen,Cash,Regular,6,777.84,0.08,4667.04,373.3632,4293.6768
2026-03-21 00:00:00,Beauty,Debit Card,New,7,623.45,0.19,4364.150000000001,829.1885000000001,3534.9615000000003
2026-03-21 06:00:00,Electronics,Credit Card,Regular,4,2083.79,0.12,8335.16,1000.2192,7334.9408
2026-03-21 12:00:00,Electronics,Debit Card,Regular,5,1714.9,0.07,8574.5,600.215,7974.285
2026-03-21 18:00:00,Home & Kitchen,Cash,New,7,628.62,0.15,4400.34,660.051,3740.289
2026-03-22 00:00:00,Home & Kitchen,UPI,Regular,2,973.63,0.24,1947.26,467.3424,1479.9176
2026-03-22 06:00:00,Home & Kitchen,Cash,Regular,6,1291.44,0.25,7748.64,1937.16,5811.4800000000005
2026-03-22 12:00:00,Clothing,Credit Card,Regular,7,1343.94,0.25,9407.58,2351.895,7055.6849999999995
2026-03-22 18:00:00,Beauty,Debit Card,Regular,6,2227.38,0.1,13364.28,1336.428,12027.852
2026-03-23 00:00:00,Home & Kitchen,Credit Card,Regular,7,982.39,0.24,6876.73,1650.4152,5226.3148
2026-03-23 06:00:00,Groceries,Credit Card,New,3,2275.88,0.06,6827.64,409.65840000000003,6417.9816
2026-03-23 12:00:00,Groceries,Credit Card,Regular,5,1131.35,0.22,5656.75,1244.485,4412.265
2026-03-23 18:00:00,Electronics,Debit Card,Regular,6,1878.61,0.28,11271.66,3156.0648,8115.5952
2026-03-24 00:00:00,Beauty,Cash,Regular,5,2329.12,0.0,11645.599999999999,0.0,11645.599999999999
2026-03-24 06:00:00,Home & Kitchen,Credit Card,Regular,6,2273.56,0.13,13641.36,1773.3768000000002,11867.9832
2026-03-24 12:00:00,Groceries,Debit Card,Regular,3,189.53,0.19,568.59,108.03210000000001,460.5579
2026-03-24 18:00:00,Beauty,UPI,New,2,553.98,0.21,1107.96,232.6716,875.2884
2026-03-25 00:00:00,Electronics,Debit Card,New,3,1218.42,0.05,3655.26,182.76300000000003,3472.4970000000003
2026-03-25 06:00:00,Clothing,UPI,Regular,6,1107.31,0.29,6643.86,1926.7193999999997,4717.1406
2026-03-25 12:00:00,Beauty,Debit Card,Regular,5,1620.18,0.18,8100.900000000001,1458.162,6642.738
2026-03-25 18:00:00,Beauty,Cash,New,1,2364.54,0.05,2364.54,118.227,2246.313
2026-03-26 00:00:00,Clothing,Credit Card,Regular,3,325.39,0.01,976.17,9.7617,966.4082999999999
2026-03-26 06:00:00,Beauty,Cash,Regular,5,1157.05,0.23,5785.25,1330.6075,4454.6425
2026-03-26 12:00:00,Electronics,Debit Card,Regular,7,521.41,0.02,3649.87,72.9974,3576.8725999999997
2026-03-26 18:00:00,Electronics,Credit Card,Regular,7,2240.56,0.04,15683.92,627.3568,15056.5632
2026-03-27 00:00:00,Clothing,UPI,New,3,2413.22,0.17,7239.66,1230.7422000000001,6008.917799999999
2026-03-27 06:00:00,Home & Kitchen,Debit Card,New,6,1222.82,0.18,7336.92,1320.6456,6016.2744
2026-03-27 12:00:00,Groceries,Credit Card,Regular,7,304.83,0.21,2133.81,448.1001,1685.7098999999998
2026-03-27 18:00:00,Home & Kitchen,UPI,Regular,5,1973.97,0.12,9869.85,1184.382,8685.468
2026-03-28 00:00:00,Beauty,UPI,New,2,1758.0,0.23,3516.0,808.6800000000001,2707.3199999999997
2026-03-28 06:00:00,Groceries,Cash,New,5,918.94,0.29,4594.700000000001,1332.4630000000002,3262.2370000000005
2026-03-28 12:00:00,Clothing,Debit Card,Regular,7,2224.15,0.08,15569.050000000001,1245.5240000000001,14323.526000000002
2026-03-28 18:00:00,Clothing,UPI,Regular,7,2440.79,0.21,17085.53,3587.9612999999995,13497.5687
2026-03-29 00:00:00,Groceries,Credit Card,Regular,4,1416.74,0.28,5666.96,1586.7488,4080.2111999999997
2026-03-29 06:00:00,Electronics,UPI,New,1,1436.03,0.21,1436.03,301.56629999999996,1134.4637
2026-03-29 12:00:00,Groceries,UPI,New,6,778.91,0.2,4673.46,934.692,3738.768
2026-03-29 18:00:00,Beauty,Cash,Regular,5,1482.04,0.07,7410.2,518.714,6891.486
2026-03-30 00:00:00,Electronics,Cash,New,7,1127.12,0.16,7889.839999999999,1262.3744,6627.4655999999995
2026-03-30 06:00:00,Clothing,Credit Card,Regular,6,790.37,0.17,4742.22,806.1774000000001,3936.0426
2026-03-30 12:00:00,Groceries,Cash,Regular,3,214.6,0.21,643.8,135.19799999999998,508.602
2026-03-30 18:00:00,Home & Kitchen,UPI,Regular,3,669.13,0.3,2007.3899999999999,602.217,1405.1729999999998
2026-03-31 00:00:00,Home & Kitchen,UPI,Regular,5,534.74,0.01,2673.7,26.737,2646.9629999999997
2026-03-31 06:00:00,Beauty,Cash,Regular,4,1378.0,0.02,5512.0,110.24000000000001,5401.76
2026-03-31 12:00:00,Home & Kitchen,UPI,Regular,7,1524.09,0.02,10668.63,213.37259999999998,10455.257399999999
2026-03-31 18:00:00,Groceries,UPI,Regular,5,1541.0,0.22,7705.0,1695.1,6009.9
2026-04-01 00:00:00,Groceries,Credit Card,Regular,2,1001.04,0.04,2002.08,80.0832,1921.9968
2026-04-01 06:00:00,Home & Kitchen,Cash,Regular,4,1082.01,0.19,4328.04,822.3276,3505.7124
2026-04-01 12:00:00,Groceries,UPI,Regular,7,2093.88,0.1,14657.16,1465.7160000000001,13191.444
2026-04-01 18:00:00,Beauty,Cash,Regular,7,1216.77,0.14,8517.39,1192.4346,7324.955399999999
2026-04-02 00:00:00,Electronics,Credit Card,Regular,6,2470.04,0.06,14820.24,889.2144,13931.025599999999
2026-04-02 06:00:00,Beauty,Cash,Regular,5,1127.06,0.26,5635.299999999999,1465.1779999999999,4170.121999999999
2026-04-02 12:00:00,Beauty,UPI,New,7,1641.47,0.18,11490.29,2068.2522,9422.037800000002
2026-04-02 18:00:00,Groceries,Cash,New,6,173.39,0.28,1040.34,291.2952,749.0447999999999
2026-04-03 00:00:00,Electronics,UPI,New,7,1650.68,0.17,11554.76,1964.3092000000001,9590.4508
2026-04-03 06:00:00,Groceries,UPI,Regular,1,2135.99,0.04,2135.99,85.4396,2050.5503999999996
2026-04-03 12:00:00,Clothing,UPI,Regular,4,2359.02,0.05,9436.08,471.80400000000003,8964.276
2026-04-03 18:00:00,Groceries,Credit Card,New,5,2493.44,0.3,12467.2,3740.16,8727.04
2026-04-04 00:00:00,Groceries,Cash,Regular,1,741.34,0.22,741.34,163.09480000000002,578.2452000000001
2026-04-04 06:00:00,Groceries,Credit Card,Regular,5,1459.66,0.01,7298.3,72.983,7225.317
2026-04-04 12:00:00,Electronics,Cash,Regular,2,1154.26,0.21,2308.52,484.7892,1823.7308
2026-04-04 18:00:00,Groceries,Credit Card,New,3,1431.35,0.12,4294.049999999999,515.286,3778.763999999999
2026-04-05 00:00:00,Electronics,Debit Card,Regular,6,435.76,0.09,2614.56,235.3104,2379.2496
2026-04-05 06:00:00,Home & Kitchen,UPI,New,5,2147.57,0.05,10737.85,536.8925,10200.9575
2026-04-05 12:00:00,Clothing,UPI,New,4,2278.44,0.25,9113.76,2278.44,6835.32
2026-04-05 18:00:00,Electronics,Credit Card,Regular,5,1151.67,0.02,5758.35,115.16700000000002,5643.183
2026-04-06 00:00:00,Home & Kitchen,Debit Card,New,5,737.05,0.09,3685.25,331.6725,3353.5775
2026-04-06 06:00:00,Electronics,UPI,Regular,5,395.04,0.09,1975.2,177.768,1797.432
2026-04-06 12:00:00,Electronics,Cash,New,7,1725.22,0.05,12076.54,603.8270000000001,11472.713000000002
2026-04-06 18:00:00,Clothing,Credit Card,Regular,5,814.97,0.15,4074.8500000000004,611.2275000000001,3463.6225000000004
2026-04-07 00:00:00,Beauty,UPI,New,7,2278.37,0.0,15948.59,0.0,15948.59
2026-04-07 06:00:00,Beauty,UPI,Regular,4,1693.98,0.09,6775.92,609.8328,6166.0872
2026-04-07 12:00:00,Electronics,Credit Card,New,4,1631.93,0.28,6527.72,1827.7616000000003,4699.9583999999995
2026-04-07 18:00:00,Groceries,Credit Card,Regular,5,1420.54,0.09,7102.7,639.2429999999999,6463.457
2026-04-08 00:00:00,Home & Kitchen,Cash,Regular,7,162.15,0.11,1135.05,124.85549999999999,1010.1945
2026-04-08 06:00:00,Groceries,Cash,New,3,2333.21,0.14,6999.63,979.9482000000002,6019.6818
2026-04-08 12:00:00,Groceries,UPI,New,5,1588.45,0.17,7942.25,1350.1825000000001,6592.0675
2026-04-08 18:00:00,Electronics,UPI,Regular,6,2485.45,0.24,14912.699999999999,3579.048,11333.651999999998
2026-04-09 00:00:00,Electronics,Credit Card,Regular,6,1366.52,0.06,8199.119999999999,491.9471999999999,7707.172799999999
2026-04-09 06:00:00,Electronics,UPI,Regular,4,1789.77,0.26,7159.08,1861.3608000000002,5297.7192
2026-04-09 12:00:00,Electronics,UPI,New,6,187.71,0.23,1126.26,259.0398,867.2202
2026-04-09 18:00:00,Beauty,Credit Card,New,6,1597.75,0.22,9586.5,2109.03,7477.469999999999
2026-04-10 00:00:00,Electronics,UPI,New,2,1923.39,0.03,3846.78,115.4034,3731.3766
2026-04-10 06:00:00,Beauty,UPI,Regular,5,1957.36,0.01,9786.8,97.868,9688.931999999999
2026-04-10 12:00:00,Beauty,Debit Card,Regular,5,1936.77,0.18,9683.85,1743.093,7940.7570000000005
2026-04-10 18:00:00,Electronics,Cash,Regular,5,604.39,0.26,3021.95,785.707,2236.243
2026-04-11 00:00:00,Clothing,Credit Card,New,5,2439.73,0.18,12198.65,2195.757,10002.893
2026-04-11 06:00:00,Home & Kitchen,Debit Card,Regular,1,2488.2,0.06,2488.2,149.29199999999997,2338.908
2026-04-11 12:00:00,Groceries,Cash,New,5,235.21,0.03,1176.05,35.281499999999994,1140.7685
2026-04-11 18:00:00,Beauty,Cash,Regular,7,2344.29,0.21,16410.03,3446.1062999999995,12963.9237
2026-04-12 00:00:00,Home & Kitchen,Cash,Regular,4,759.15,0.22,3036.6,668.052,2368.548
2026-04-12 06:00:00,Clothing,Debit Card,Regular,7,1738.75,0.05,12171.25,608.5625,11562.6875
2026-04-12 12:00:00,Groceries,Debit Card,Regular,4,878.37,0.01,3513.48,35.1348,3478.3452
2026-04-12 18:00:00,Groceries,Cash,Regular,1,2421.0,0.12,2421.0,290.52,2130.48
2026-04-13 00:00:00,Beauty,UPI,Regular,5,298.68,0.17,1493.4,253.87800000000004,1239.522
2026-04-13 06:00:00,Electronics,UPI,Regular,3,1269.48,0.21,3808.44,799.7724,3008.6676
2026-04-13 12:00:00,Clothing,Debit Card,New,7,1098.72,0.24,7691.04,1845.8496,5845.1903999999995
2026-04-13 18:00:00,Beauty,Debit Card,Regular,5,848.76,0.18,4243.8,763.884,3479.916
2026-04-14 00:00:00,Clothing,Debit Card,Regular,4,1631.56,0.03,6526.24,195.78719999999998,6330.4528
2026-04-14 06:00:00,Electronics,Cash,Regular,7,371.09,0.2,2597.6299999999997,519.526,2078.104
2026-04-14 12:00:00,Electronics,UPI,Regular,2,1805.82,0.3,3611.64,1083.492,2528.148
2026-04-14 18:00:00,Beauty,Debit Card,New,6,2452.45,0.27,14714.699999999999,3972.969,10741.731
2026-04-15 00:00:00,Electronics,Debit Card,Regular,2,2021.17,0.26,4042.34,1051.0084000000002,2991.3316
2026-04-15 06:00:00,Home & Kitchen,Credit Card,New,3,2157.04,0.09,6471.12,582.4008,5888.7192
2026-04-15 12:00:00,Groceries,Cash,Regular,5,931.11,0.23,4655.55,1070.7765000000002,3584.7735000000002
2026-04-15 18:00:00,Beauty,Credit Card,Regular,1,845.97,0.26,845.97,219.9522,626.0178000000001
2026-04-16 00:00:00,Clothing,UPI,Regular,5,1316.77,0.2,6583.85,1316.7700000000002,5267.08
2026-04-16 06:00:00,Home & Kitchen,Credit Card,Regular,3,162.03,0.08,486.09000000000003,38.8872,447.2028
2026-04-16 12:00:00,Beauty,Credit Card,Regular,3,2366.13,0.29,7098.39,2058.5331,5039.856900000001
2026-04-16 18:00:00,Electronics,Credit Card,New,6,402.27,0.14,2413.62,337.90680000000003,2075.7131999999997
2026-04-17 00:00:00,Electronics,Cash,Regular,3,2262.38,0.04,6787.14,271.48560000000003,6515.6544
2026-04-17 06:00:00,Electronics,UPI,Regular,2,254.78,0.03,509.56,15.2868,494.2732
2026-04-17 12:00:00,Electronics,Credit Card,Regular,6,2065.43,0.19,12392.579999999998,2354.5901999999996,10037.9898
2026-04-17 18:00:00,Clothing,Cash,Regular,5,422.31,0.13,2111.55,274.5015,1837.0485
2026-04-18 00:00:00,Home & Kitchen,UPI,Regular,7,143.42,0.03,1003.9399999999999,30.118199999999998,973.8217999999999
2026-04-18 06:00:00,Groceries,Debit Card,Regular,5,1812.75,0.22,9063.75,1994.025,7069.725
2026-04-18 12:00:00,Clothing,Credit Card,Regular,1,736.65,0.24,736.65,176.796,559.854
2026-04-18 18:00:00,Clothing,UPI,Regular,3,1800.52,0.22,5401.5599999999995,1188.3431999999998,4213.2168
2026-04-19 00:00:00,Groceries,Credit Card,New,3,1409.96,0.06,4229.88,253.7928,3976.0872
2026-04-19 06:00:00,Groceries,Debit Card,New,4,316.58,0.21,1266.32,265.92719999999997,1000.3928
2026-04-19 12:00:00,Electronics,UPI,Regular,6,2333.72,0.0,14002.32,0.0,14002.32
2026-04-19 18:00:00,Clothing,Cash,Regular,4,1158.17,0.09,4632.68,416.94120000000004,4215.7388
2026-04-20 00:00:00,Beauty,UPI,New,6,1849.4,0.12,11096.400000000001,1331.5680000000002,9764.832000000002
2026-04-20 06:00:00,Groceries,Cash,Regular,2,1277.5,0.25,2555.0,638.75,1916.25
2026-04-20 12:00:00,Groceries,UPI,Regular,6,1530.69,0.12,9184.14,1102.0967999999998,8082.0432
2026-04-20 18:00:00,Home & Kitchen,Cash,Regular,5,791.8,0.0,3959.0,0.0,3959.0
2026-04-21 00:00:00,Beauty,Debit Card,Regular,1,540.88,0.11,540.88,59.4968,481.3832
2026-04-21 06:00:00,Beauty,Debit Card,Regular,7,1379.3,0.15,9655.1,1448.265,8206.835000000001
2026-04-21 12:00:00,Groceries,Debit Card,New,6,1128.54,0.28,6771.24,1895.9472,4875.292799999999
2026-04-21 18:00:00,Electronics,UPI,New,6,1005.78,0.28,6034.68,1689.7104000000002,4344.9696
2026-04-22 00:00:00,Home & Kitchen,Debit Card,New,6,1697.79,0.05,10186.74,509.337,9677.403
2026-04-22 06:00:00,Beauty,Credit Card,New,1,1741.74,0.06,1741.74,104.50439999999999,1637.2356
2026-04-22 12:00:00,Groceries,Debit Card,Regular,3,162.5,0.05,487.5,24.375,463.125
2026-04-22 18:00:00,Beauty,Cash,Regular,1,879.92,0.24,879.92,211.18079999999998,668.7392
2026-04-23 00:00:00,Home & Kitchen,Cash,New,3,1058.82,0.0,3176.46,0.0,3176.46
2026-04-23 06:00:00,Home & Kitchen,Cash,New,7,287.39,0.04,2011.73,80.4692,1931.2608
2026-04-23 12:00:00,Clothing,UPI,Regular,5,627.96,0.16,3139.8,502.36800000000005,2637.4320000000002
2026-04-23 18:00:00,Groceries,Credit Card,New,1,176.52,0.07,176.52,12.356400000000002,164.1636
2026-04-24 00:00:00,Home & Kitchen,Debit Card,Regular,3,2490.79,0.03,7472.37,224.1711,7248.1989
2026-04-24 06:00:00,Clothing,Credit Card,Regular,5,1854.57,0.11,9272.85,1020.0135,8252.836500000001
2026-04-24 12:00:00,Clothing,Credit Card,Regular,5,264.25,0.08,1321.25,105.7,1215.55
2026-04-24 18:00:00,Beauty,Cash,Regular,3,99.61,0.15,298.83,44.82449999999999,254.00549999999998
2026-04-25 00:00:00,Beauty,Cash,Regular,3,1812.26,0.29,5436.78,1576.6662,3860.1138
2026-04-25 06:00:00,Clothing,Cash,Regular,2,1126.02,0.04,2252.04,90.0816,2161.9584
2026-04-25 12:00:00,Beauty,UPI,Regular,5,1977.65,0.11,9888.25,1087.7075,8800.5425
2026-04-25 18:00:00,Home & Kitchen,Credit Card,Regular,3,2312.52,0.28,6937.5599999999995,1942.5168,4995.043199999999
2026-04-26 00:00:00,Electronics,Credit Card,Regular,5,1518.29,0.26,7591.45,1973.777,5617.673
2026-04-26 06:00:00,Home & Kitchen,UPI,New,1,508.42,0.12,508.42,61.0104,447.4096
2026-04-26 12:00:00,Clothing,UPI,Regular,7,1966.38,0.21,13764.66,2890.5786,10874.0814
2026-04-26 18:00:00,Clothing,UPI,Regular,4,2391.74,0.03,9566.96,287.00879999999995,9279.9512
2026-04-27 00:00:00,Home & Kitchen,Credit Card,Regular,4,1471.57,0.21,5886.28,1236.1188,4650.1612
2026-04-27 06:00:00,Beauty,Credit Card,Regular,6,1720.89,0.29,10325.34,2994.3486,7330.991400000001
2026-04-27 12:00:00,Beauty,Cash,New,3,876.81,0.16,2630.43,420.86879999999996,2209.5612
2026-04-27 18:00:00,Clothing,Cash,Regular,3,984.74,0.15,2954.2200000000003,443.13300000000004,2511.0870000000004
2026-04-28 00:00:00,Groceries,Credit Card,New,5,1849.9,0.06,9249.5,554.97,8694.53
2026-04-28 06:00:00,Beauty,Cash,Regular,6,2323.04,0.19,13938.24,2648.2656,11289.9744
2026-04-28 12:00:00,Home & Kitchen,UPI,Regular,3,1591.02,0.18,4773.0599999999995,859.1507999999999,3913.9091999999996
2026-04-28 18:00:00,Beauty,Debit Card,Regular,5,1985.13,0.2,9925.650000000001,1985.1300000000003,7940.520000000001
2026-04-29 00:00:00,Home & Kitchen,Cash,Regular,3,470.51,0.01,1411.53,14.1153,1397.4147
2026-04-29 06:00:00,Clothing,Credit Card,Regular,5,569.3,0.16,2846.5,455.44,2391.06
2026-04-29 12:00:00,Beauty,Cash,Regular,3,1353.48,0.18,4060.44,730.8792,3329.5608
2026-04-29 18:00:00,Home & Kitchen,Cash,Regular,2,482.56,0.06,965.12,57.907199999999996,907.2128
2026-04-30 00:00:00,Clothing,Cash,Regular,7,1605.74,0.06,11240.18,674.4108,10565.7692
2026-04-30 06:00:00,Groceries,Debit Card,New,5,764.55,0.08,3822.75,305.82,3516.93
2026-04-30 12:00:00,Home & Kitchen,UPI,Regular,7,1989.25,0.21,13924.75,2924.1974999999998,11000.5525
2026-04-30 18:00:00,Groceries,Credit Card,Regular,2,2029.87,0.18,4059.74,730.7531999999999,3328.9867999999997
2026-05-01 00:00:00,Groceries,Debit Card,Regular,2,1186.28,0.25,2372.56,593.14,1779.42
2026-05-01 06:00:00,Electronics,Credit Card,Regular,2,492.99,0.09,985.98,88.73819999999999,897.2418
2026-05-01 12:00:00,Beauty,Credit Card,Regular,2,1634.6,0.27,3269.2,882.684,2386.5159999999996
2026-05-01 18:00:00,Home & Kitchen,Credit Card,New,1,2482.33,0.22,2482.33,546.1126,1936.2174
2026-05-02 00:00:00,Groceries,Debit Card,New,7,1575.35,0.12,11027.449999999999,1323.2939999999999,9704.155999999999
2026-05-02 06:00:00,Electronics,UPI,Regular,6,137.65,0.03,825.9000000000001,24.777,801.123
2026-05-02 12:00:00,Clothing,Credit Card,Regular,7,92.37,0.08,646.59,51.7272,594.8628
2026-05-02 18:00:00,Home & Kitchen,UPI,Regular,4,834.89,0.29,3339.56,968.4723999999999,2371.0876
2026-05-03 00:00:00,Groceries,UPI,Regular,1,529.67,0.09,529.67,47.6703,481.99969999999996
2026-05-03 06:00:00,Beauty,Cash,Regular,3,2041.98,0.1,6125.9400000000005,612.594,5513.3460000000005
2026-05-03 12:00:00,Electronics,Debit Card,Regular,3,2119.77,0.06,6359.3099999999995,381.55859999999996,5977.751399999999
2026-05-03 18:00:00,Groceries,Debit Card,Regular,6,683.62,0.24,4101.72,984.4128000000001,3117.3072
2026-05-04 00:00:00,Beauty,Cash,New,4,847.83,0.08,3391.32,271.3056,3120.0144
2026-05-04 06:00:00,Groceries,Cash,Regular,4,628.81,0.1,2515.24,251.524,2263.716
2026-05-04 12:00:00,Home & Kitchen,UPI,Regular,4,2275.54,0.12,9102.16,1092.2592,8009.900799999999
2026-05-04 18:00:00,Home & Kitchen,Credit Card,New,2,1281.49,0.13,2562.98,333.1874,2229.7925999999998
2026-05-05 00:00:00,Home & Kitchen,Debit Card,Regular,1,1657.54,0.12,1657.54,198.9048,1458.6352
2026-05-05 06:00:00,Electronics,Credit Card,New,3,1067.93,0.15,3203.79,480.5685,2723.2215
2026-05-05 12:00:00,Home & Kitchen,Credit Card,Regular,1,1595.98,0.24,1595.98,383.0352,1212.9448
2026-05-05 18:00:00,Beauty,Cash,New,1,995.35,0.25,995.35,248.8375,746.5125
2026-05-06 00:00:00,Groceries,Credit Card,New,1,882.21,0.24,882.21,211.7304,670.4796
2026-05-06 06:00:00,Clothing,UPI,Regular,4,1604.48,0.03,6417.92,192.5376,6225.3824
2026-05-06 12:00:00,Beauty,Cash,New,6,1498.1,0.24,8988.599999999999,2157.2639999999997,6831.335999999999
2026-05-06 18:00:00,Beauty,Credit Card,Regular,6,769.14,0.04,4614.84,184.5936,4430.2464
2026-05-07 00:00:00,Home & Kitchen,Cash,New,4,415.9,0.04,1663.6,66.544,1597.0559999999998
2026-05-07 06:00:00,Electronics,UPI,Regular,3,953.01,0.28,2859.0299999999997,800.5284,2058.5015999999996
2026-05-07 12:00:00,Groceries,UPI,Regular,3,1067.23,0.25,3201.69,800.4225,2401.2675
2026-05-07 18:00:00,Electronics,Credit Card,Regular,3,1590.28,0.17,4770.84,811.0428,3959.7972
2026-05-08 00:00:00,Groceries,Cash,New,6,2290.6,0.26,13743.599999999999,3573.336,10170.264
2026-05-08 06:00:00,Groceries,Credit Card,Regular,6,138.65,0.3,831.9000000000001,249.57000000000002,582.33
2026-05-08 12:00:00,Electronics,Credit Card,New,1,646.97,0.18,646.97,116.4546,530.5154
2026-05-08 18:00:00,Beauty,Cash,New,4,524.6,0.18,2098.4,377.712,1720.688
2026-05-09 00:00:00,Groceries,Credit Card,Regular,2,1280.62,0.23,2561.24,589.0852,1972.1547999999998
2026-05-09 06:00:00,Electronics,UPI,New,1,1102.77,0.07,1102.77,77.1939,1025.5761
2026-05-09 12:00:00,Groceries,Cash,New,5,1836.14,0.05,9180.7,459.0350000000001,8721.665
2026-05-09 18:00:00,Clothing,Cash,Regular,6,643.92,0.23,3863.5199999999995,888.6095999999999,2974.9103999999998
2026-05-10 00:00:00,Beauty,Cash,Regular,1,1506.52,0.1,1506.52,150.65200000000002,1355.868
2026-05-10 06:00:00,Home & Kitchen,Cash,Regular,4,2215.45,0.04,8861.8,354.472,8507.328
2026-05-10 12:00:00,Groceries,Credit Card,Regular,5,2281.16,0.09,11405.8,1026.522,10379.277999999998
2026-05-10 18:00:00,Clothing,Credit Card,Regular,7,2399.02,0.11,16793.14,1847.2454,14945.8946
2026-05-11 00:00:00,Home & Kitchen,UPI,Regular,1,1944.49,0.29,1944.49,563.9021,1380.5879
2026-05-11 06:00:00,Home & Kitchen,Debit Card,Regular,4,2269.67,0.21,9078.68,1906.5228,7172.157200000001
2026-05-11 12:00:00,Groceries,Debit Card,Regular,4,624.6,0.16,2498.4,399.744,2098.656
2026-05-11 18:00:00,Electronics,UPI,Regular,6,534.07,0.29,3204.42,929.2818,2275.1382000000003
2026-05-12 00:00:00,Groceries,Debit Card,New,2,65.9,0.27,131.8,35.586000000000006,96.214
2026-05-12 06:00:00,Clothing,UPI,New,1,1781.77,0.15,1781.77,267.2655,1514.5045
2026-05-12 12:00:00,Home & Kitchen,Credit Card,Regular,4,2346.79,0.27,9387.16,2534.5332000000003,6852.6268
2026-05-12 18:00:00,Groceries,Cash,New,3,507.99,0.12,1523.97,182.8764,1341.0936000000002
2026-05-13 00:00:00,Electronics,Cash,New,4,1610.51,0.07,6442.04,450.94280000000003,5991.0972
2026-05-13 06:00:00,Groceries,Credit Card,New,2,1878.83,0.07,3757.66,263.0362,3494.6238
2026-05-13 12:00:00,Beauty,Cash,Regular,4,2322.65,0.2,9290.6,1858.1200000000001,7432.4800000000005
2026-05-13 18:00:00,Electronics,Cash,Regular,6,1634.81,0.15,9808.86,1471.329,8337.531
2026-05-14 00:00:00,Clothing,Debit Card,New,7,2427.22,0.2,16990.539999999997,3398.1079999999997,13592.431999999997
2026-05-14 06:00:00,Home & Kitchen,Credit Card,New,1,894.45,0.21,894.45,187.8345,706.6155000000001
2026-05-14 12:00:00,Groceries,Debit Card,New,6,907.32,0.01,5443.92,54.4392,5389.4808
2026-05-14 18:00:00,Electronics,Debit Card,New,1,1380.38,0.02,1380.38,27.6076,1352.7724
2026-05-15 00:00:00,Beauty,Cash,Regular,5,989.58,0.16,4947.900000000001,791.6640000000001,4156.236000000001
2026-05-15 06:00:00,Electronics,Cash,Regular,1,53.49,0.06,53.49,3.2094,50.2806
2026-05-15 12:00:00,Beauty,Credit Card,Regular,5,1842.84,0.19,9214.199999999999,1750.6979999999999,7463.501999999999
2026-05-15 18:00:00,Clothing,Cash,Regular,6,1891.71,0.17,11350.26,1929.5442000000003,9420.7158
2026-05-16 00:00:00,Home & Kitchen,Cash,New,3,1880.09,0.18,5640.2699999999995,1015.2485999999999,4625.0214
2026-05-16 06:00:00,Clothing,Credit Card,Regular,2,895.3,0.09,1790.6,161.154,1629.446
2026-05-16 12:00:00,Groceries,Cash,Regular,3,1329.61,0.19,3988.83,757.8777,3230.9523
2026-05-16 18:00:00,Electronics,Debit Card,New,5,931.94,0.25,4659.700000000001,1164.9250000000002,3494.7750000000005
2026-05-17 00:00:00,Beauty,Credit Card,Regular,4,89.29,0.3,357.16,107.14800000000001,250.012
2026-05-17 06:00:00,Beauty,Cash,New,4,1428.0,0.25,5712.0,1428.0,4284.0
2026-05-17 12:00:00,Electronics,UPI,New,3,353.21,0.17,1059.6299999999999,180.1371,879.4928999999998
2026-05-17 18:00:00,Electronics,Credit Card,Regular,4,246.1,0.06,984.4,59.06399999999999,925.336
2026-05-18 00:00:00,Groceries,Credit Card,Regular,5,1900.97,0.2,9504.85,1900.9700000000003,7603.88
2026-05-18 06:00:00,Clothing,UPI,Regular,6,73.29,0.28,439.74,123.12720000000002,316.6128
2026-05-18 12:00:00,Beauty,Cash,Regular,2,2399.57,0.06,4799.14,287.9484,4511.1916
2026-05-18 18:00:00,Groceries,Cash,Regular,7,1312.38,0.08,9186.66,734.9328,8451.7272
2026-05-19 00:00:00,Clothing,Credit Card,Regular,1,2458.39,0.04,2458.39,98.3356,2360.0544
2026-05-19 06:00:00,Groceries,Credit Card,New,5,192.09,0.22,960.45,211.299,749.1510000000001
2026-05-19 12:00:00,Beauty,Cash,Regular,7,1479.65,0.12,10357.550000000001,1242.9060000000002,9114.644
2026-05-19 18:00:00,Electronics,Cash,New,5,905.85,0.02,4529.25,90.58500000000001,4438.665
2026-05-20 00:00:00,Electronics,Debit Card,Regular,1,2116.53,0.26,2116.53,550.2978,1566.2322000000001
2026-05-20 06:00:00,Clothing,Credit Card,Regular,1,935.0,0.17,935.0,158.95000000000002,776.05
2026-05-20 12:00:00,Home & Kitchen,Credit Card,New,2,688.19,0.1,1376.38,137.638,1238.7420000000002
2026-05-20 18:00:00,Clothing,UPI,Regular,2,2151.01,0.1,4302.02,430.20200000000006,3871.818
2026-05-21 00:00:00,Home & Kitchen,Debit Card,Regular,2,967.9,0.09,1935.8,174.22199999999998,1761.578
2026-05-21 06:00:00,Groceries,Cash,New,4,91.24,0.14,364.96,51.0944,313.8656
2026-05-21 12:00:00,Groceries,Debit Card,New,5,1006.21,0.1,5031.05,503.105,4527.945
2026-05-21 18:00:00,Beauty,Cash,New,6,1653.58,0.16,9921.48,1587.4368,8334.0432
2026-05-22 00:00:00,Home & Kitchen,Cash,Regular,1,673.18,0.23,673.18,154.8314,518.3485999999999
2026-05-22 06:00:00,Beauty,Debit Card,Regular,5,1108.37,0.2,5541.849999999999,1108.37,4433.48
2026-05-22 12:00:00,Electronics,Credit Card,New,7,188.95,0.09,1322.6499999999999,119.03849999999998,1203.6115
2026-05-22 18:00:00,Home & Kitchen,Cash,New,5,1490.83,0.16,7454.15,1192.664,6261.486
2026-05-23 00:00:00,Clothing,Debit Card,Regular,2,1902.92,0.25,3805.84,951.46,2854.38
2026-05-23 06:00:00,Electronics,UPI,New,2,1062.62,0.02,2125.24,42.504799999999996,2082.7351999999996
2026-05-23 12:00:00,Electronics,Debit Card,Regular,5,1079.57,0.02,5397.849999999999,107.957,5289.892999999999
2026-05-23 18:00:00,Clothing,UPI,Regular,2,266.29,0.17,532.58,90.53860000000002,442.0414
2026-05-24 00:00:00,Electronics,Cash,Regular,4,544.76,0.19,2179.04,414.0176,1765.0223999999998
2026-05-24 06:00:00,Home & Kitchen,Debit Card,Regular,1,428.95,0.06,428.95,25.737,403.21299999999997
2026-05-24 12:00:00,Beauty,Debit Card,Regular,7,1230.14,0.22,8610.980000000001,1894.4156000000003,6716.564400000001
2026-05-24 18:00:00,Electronics,UPI,Regular,5,1346.68,0.19,6733.400000000001,1279.3460000000002,5454.054
2026-05-25 00:00:00,Home & Kitchen,Debit Card,Regular,1,2374.9,0.28,2374.9,664.9720000000001,1709.9279999999999
2026-05-25 06:00:00,Groceries,Debit Card,New,4,229.42,0.05,917.68,45.884,871.7959999999999
2026-05-25 12:00:00,Home & Kitchen,Cash,New,7,1519.68,0.23,10637.76,2446.6848,8191.0752
2026-05-25 18:00:00,Beauty,Debit Card,Regular,2,1339.92,0.03,2679.84,80.3952,2599.4448
2026-05-26 00:00:00,Home & Kitchen,Credit Card,New,3,1314.77,0.17,3944.31,670.5327000000001,3273.7772999999997
2026-05-26 06:00:00,Clothing,UPI,Regular,4,2189.24,0.17,8756.96,1488.6832,7268.2768
2026-05-26 12:00:00,Beauty,Debit Card,Regular,3,553.57,0.12,1660.71,199.2852,1461.4248
2026-05-26 18:00:00,Groceries,UPI,New,1,149.89,0.25,149.89,37.4725,112.41749999999999
2026-05-27 00:00:00,Clothing,UPI,Regular,5,1697.07,0.0,8485.35,0.0,8485.35
2026-05-27 06:00:00,Home & Kitchen,UPI,Regular,7,895.64,0.16,6269.48,1003.1167999999999,5266.3632
2026-05-27 12:00:00,Beauty,Debit Card,Regular,2,93.1,0.07,186.2,13.034,173.166
2026-05-27 18:00:00,Groceries,Debit Card,New,7,665.87,0.22,4661.09,1025.4398,3635.6502
2026-05-28 00:00:00,Clothing,UPI,Regular,4,807.85,0.01,3231.4,32.314,3199.0860000000002
2026-05-28 06:00:00,Groceries,Credit Card,New,2,1561.25,0.25,3122.5,780.625,2341.875
2026-05-28 12:00:00,Home & Kitchen,UPI,Regular,3,472.84,0.25,1418.52,354.63,1063.8899999999999
2026-05-28 18:00:00,Groceries,Credit Card,New,3,1061.98,0.25,3185.94,796.485,2389.455
2026-05-29 00:00:00,Electronics,UPI,New,6,1232.06,0.05,7392.36,369.618,7022.741999999999
2026-05-29 06:00:00,Clothing,Cash,New,7,1175.13,0.19,8225.91,1562.9229,6662.9871
2026-05-29 12:00:00,Groceries,UPI,Regular,5,2436.15,0.0,12180.75,0.0,12180.75
2026-05-29 18:00:00,Home & Kitchen,UPI,Regular,3,161.49,0.25,484.47,121.1175,363.3525
2026-05-30 00:00:00,Home & Kitchen,Debit Card,New,5,2379.87,0.22,11899.349999999999,2617.8569999999995,9281.492999999999
2026-05-30 06:00:00,Groceries,Credit Card,Regular,6,1475.75,0.16,8854.5,1416.72,7437.78
2026-05-30 12:00:00,Home & Kitchen,Cash,Regular,4,1999.53,0.22,7998.12,1759.5864,6238.5336
2026-05-30 18:00:00,Beauty,Credit Card,Regular,6,1104.46,0.03,6626.76,198.8028,6427.9572
2026-05-31 00:00:00,Beauty,Cash,New,5,1161.9,0.16,5809.5,929.52,4879.98
2026-05-31 06:00:00,Beauty,UPI,Regular,3,2204.35,0.09,6613.049999999999,595.1745,6017.875499999999
2026-05-31 12:00:00,Electronics,Debit Card,Regular,1,2245.04,0.29,2245.04,651.0616,1593.9784
2026-05-31 18:00:00,Groceries,Debit Card,Regular,5,634.79,0.26,3173.95,825.227,2348.723
2026-06-01 00:00:00,Electronics,Credit Card,Regular,2,538.14,0.22,1076.28,236.7816,839.4984
2026-06-01 06:00:00,Home & Kitchen,Debit Card,New,1,1265.78,0.28,1265.78,354.4184,911.3616
2026-06-01 12:00:00,Electronics,Credit Card,Regular,7,2255.68,0.1,15789.759999999998,1578.9759999999999,14210.783999999998
2026-06-01 18:00:00,Home & Kitchen,Credit Card,Regular,5,839.77,0.27,4198.85,1133.6895000000002,3065.1605
2026-06-02 00:00:00,Home & Kitchen,Cash,New,2,1647.44,0.1,3294.88,329.48800000000006,2965.392
2026-06-02 06:00:00,Clothing,Credit Card,New,7,1784.97,0.22,12494.79,2748.8538000000003,9745.9362
2026-06-02 12:00:00,Beauty,Cash,Regular,6,1957.75,0.22,11746.5,2584.23,9162.27
2026-06-02 18:00:00,Home & Kitchen,Debit Card,New,1,1431.61,0.01,1431.61,14.316099999999999,1417.2939
2026-06-03 00:00:00,Clothing,Credit Card,New,5,1036.02,0.11,5180.1,569.811,4610.289000000001
2026-06-03 06:00:00,Beauty,Credit Card,New,4,2419.19,0.01,9676.76,96.7676,9579.992400000001
2026-06-03 12:00:00,Home & Kitchen,UPI,Regular,6,1547.76,0.3,9286.56,2785.968,6500.592
2026-06-03 18:00:00,Home & Kitchen,Credit Card,Regular,2,1834.98,0.04,3669.96,146.79840000000002,3523.1616
2026-06-04 00:00:00,Electronics,Credit Card,New,4,895.21,0.16,3580.84,572.9344,3007.9056
2026-06-04 06:00:00,Electronics,UPI,New,3,1691.38,0.24,5074.14,1217.7936,3856.3464000000004
2026-06-04 12:00:00,Beauty,UPI,Regular,6,681.6,0.06,4089.6000000000004,245.376,3844.224
2026-06-04 18:00:00,Home & Kitchen,Debit Card,Regular,6,650.49,0.15,3902.94,585.441,3317.499
2026-06-05 00:00:00,Groceries,Credit Card,Regular,5,1801.07,0.18,9005.35,1620.963,7384.387000000001
2026-06-05 06:00:00,Electronics,Debit Card,Regular,5,1327.42,0.05,6637.1,331.855,6305.245000000001
2026-06-05 12:00:00,Beauty,Debit Card,Regular,2,1724.03,0.23,3448.06,793.0538,2655.0062
2026-06-05 18:00:00,Home & Kitchen,UPI,Regular,6,710.12,0.09,4260.72,383.4648,3877.2552
2026-06-06 00:00:00,Home & Kitchen,Cash,New,5,1516.87,0.06,7584.349999999999,455.061,7129.289
2026-06-06 06:00:00,Groceries,Debit Card,Regular,3,1137.64,0.17,3412.92,580.1964,2832.7236000000003
2026-06-06 12:00:00,Beauty,Cash,New,7,1512.55,0.12,10587.85,1270.542,9317.308
2026-06-06 18:00:00,Home & Kitchen,Credit Card,Regular,7,762.66,0.28,5338.62,1494.8136000000002,3843.8063999999995
2026-06-07 00:00:00,Electronics,UPI,Regular,7,1802.85,0.26,12619.949999999999,3281.187,9338.762999999999
2026-06-07 06:00:00,Groceries,Credit Card,Regular,5,2024.53,0.15,10122.65,1518.3974999999998,8604.2525
2026-06-07 12:00:00,Beauty,Credit Card,Regular,6,686.8,0.11,4120.799999999999,453.2879999999999,3667.5119999999993
2026-06-07 18:00:00,Groceries,UPI,New,7,786.52,0.1,5505.639999999999,550.564,4955.075999999999
2026-06-08 00:00:00,Electronics,Credit Card,New,1,1669.83,0.08,1669.83,133.5864,1536.2436
2026-06-08 06:00:00,Beauty,UPI,Regular,4,1754.18,0.16,7016.72,1122.6752000000001,5894.0448
2026-06-08 12:00:00,Groceries,Cash,Regular,6,1775.04,0.24,10650.24,2556.0575999999996,8094.1824
2026-06-08 18:00:00,Clothing,Credit Card,Regular,3,1722.61,0.09,5167.83,465.1047,4702.7253
2026-06-09 00:00:00,Electronics,UPI,New,6,1012.38,0.06,6074.28,364.4568,5709.8232
2026-06-09 06:00:00,Electronics,Debit Card,New,3,1017.39,0.14,3052.17,427.3038,2624.8662
2026-06-09 12:00:00,Electronics,Credit Card,Regular,6,674.3,0.02,4045.7999999999997,80.916,3964.8839999999996
2026-06-09 18:00:00,Clothing,Cash,New,7,434.24,0.21,3039.6800000000003,638.3328,2401.3472
2026-06-10 00:00:00,Clothing,UPI,New,4,1746.81,0.16,6987.24,1117.9584,5869.2816
2026-06-10 06:00:00,Home & Kitchen,Credit Card,Regular,4,278.31,0.15,1113.24,166.986,946.254
2026-06-10 12:00:00,Groceries,Credit Card,Regular,3,2347.59,0.09,7042.77,633.8493,6408.920700000001
2026-06-10 18:00:00,Home & Kitchen,Credit Card,New,6,2075.38,0.27,12452.28,3362.1156000000005,9090.1644
2026-06-11 00:00:00,Groceries,Cash,New,4,2150.89,0.03,8603.56,258.10679999999996,8345.4532
2026-06-11 06:00:00,Clothing,UPI,Regular,2,2271.34,0.26,4542.68,1181.0968,3361.5832
2026-06-11 12:00:00,Clothing,Debit Card,Regular,6,1051.08,0.11,6306.48,693.7127999999999,5612.767199999999
2026-06-11 18:00:00,Home & Kitchen,Debit Card,Regular,4,2124.42,0.26,8497.68,2209.3968,6288.2832
2026-06-12 00:00:00,Beauty,Debit Card,Regular,1,437.25,0.22,437.25,96.19500000000001,341.055
2026-06-12 06:00:00,Home & Kitchen,UPI,New,1,103.02,0.03,103.02,3.0906,99.9294
2026-06-12 12:00:00,Groceries,Debit Card,Regular,2,1972.98,0.25,3945.96,986.49,2959.4700000000003
2026-06-12 18:00:00,Home & Kitchen,Cash,New,4,233.25,0.2,933.0,186.60000000000002,746.4
2026-06-13 00:00:00,Electronics,UPI,New,1,2471.89,0.01,2471.89,24.718899999999998,2447.1711
2026-06-13 06:00:00,Groceries,Credit Card,Regular,7,1703.25,0.04,11922.75,476.91,11445.84
2026-06-13 12:00:00,Groceries,Cash,Regular,6,1895.95,0.19,11375.7,2161.3830000000003,9214.317000000001
2026-06-13 18:00:00,Beauty,Credit Card,Regular,5,652.22,0.2,3261.1000000000004,652.2200000000001,2608.88
2026-06-14 00:00:00,Clothing,Debit Card,New,4,1700.97,0.22,6803.88,1496.8536000000001,5307.0264
2026-06-14 06:00:00,Groceries,Cash,Regular,2,155.89,0.22,311.78,68.5916,243.18839999999997
2026-06-14 12:00:00,Clothing,UPI,Regular,4,2102.67,0.2,8410.68,1682.1360000000002,6728.544
2026-06-14 18:00:00,Home & Kitchen,Cash,New,3,465.58,0.23,1396.74,321.2502,1075.4898
2026-06-15 00:00:00,Electronics,Credit Card,Regular,3,1758.53,0.17,5275.59,896.8503000000001,4378.7397
2026-06-15 06:00:00,Beauty,UPI,New,1,599.98,0.08,599.98,47.998400000000004,551.9816000000001
2026-06-15 12:00:00,Clothing,Cash,New,3,217.71,0.27,653.13,176.3451,476.7849
2026-06-15 18:00:00,Groceries,Cash,Regular,2,1229.66,0.01,2459.32,24.593200000000003,2434.7268000000004
2026-06-16 00:00:00,Clothing,Cash,Regular,1,464.75,0.11,464.75,51.1225,413.6275
2026-06-16 06:00:00,Groceries,Cash,New,2,1837.14,0.22,3674.28,808.3416000000001,2865.9384
2026-06-16 12:00:00,Clothing,UPI,New,6,632.04,0.13,3792.24,492.9912,3299.2488
2026-06-16 18:00:00,Groceries,Credit Card,Regular,2,889.06,0.01,1778.12,17.7812,1760.3388
2026-06-17 00:00:00,Home & Kitchen,Cash,Regular,3,1440.23,0.02,4320.6900000000005,86.41380000000001,4234.2762
2026-06-17 06:00:00,Groceries,UPI,Regular,6,748.17,0.19,4489.0199999999995,852.9137999999999,3636.1061999999997
2026-06-17 12:00:00,Groceries,Credit Card,New,3,976.07,0.29,2928.21,849.1809,2079.0291
2026-06-17 18:00:00,Electronics,Cash,Regular,2,2048.27,0.17,4096.54,696.4118000000001,3400.1282
2026-06-18 00:00:00,Groceries,Credit Card,Regular,3,489.06,0.15,1467.18,220.077,1247.103
2026-06-18 06:00:00,Electronics,Credit Card,New,3,251.39,0.1,754.17,75.417,678.7529999999999
2026-06-18 12:00:00,Beauty,UPI,Regular,3,854.48,0.08,2563.44,205.0752,2358.3648000000003
2026-06-18 18:00:00,Electronics,Credit Card,Regular,4,1089.72,0.01,4358.88,43.5888,4315.2912
2026-06-19 00:00:00,Home & Kitchen,UPI,Regular,6,1379.52,0.08,8277.119999999999,662.1696,7614.950399999999
2026-06-19 06:00:00,Electronics,Cash,New,6,962.44,0.13,5774.64,750.7032,5023.9368
2026-06-19 12:00:00,Beauty,Credit Card,Regular,7,1985.28,0.06,13896.96,833.8176,13063.142399999999
2026-06-19 18:00:00,Home & Kitchen,Credit Card,New,6,146.33,0.03,877.98,26.3394,851.6406000000001
2026-06-20 00:00:00,Clothing,Debit Card,New,7,1107.83,0.22,7754.8099999999995,1706.0582,6048.7518
2026-06-20 06:00:00,Clothing,Cash,Regular,2,986.53,0.27,1973.06,532.7262000000001,1440.3337999999999
2026-06-20 12:00:00,Electronics,Cash,Regular,7,1636.57,0.28,11455.99,3207.6772,8248.3128
2026-06-20 18:00:00,Electronics,Debit Card,Regular,7,2417.38,0.19,16921.66,3215.1154,13706.5446
2026-06-21 00:00:00,Beauty,Debit Card,Regular,5,1300.42,0.02,6502.1,130.042,6372.058
2026-06-21 06:00:00,Beauty,UPI,New,2,2467.85,0.22,4935.7,1085.854,3849.8459999999995
2026-06-21 12:00:00,Groceries,UPI,New,6,790.51,0.03,4743.0599999999995,142.29179999999997,4600.7681999999995
2026-06-21 18:00:00,Beauty,Credit Card,Regular,1,125.63,0.2,125.63,25.126,100.50399999999999
2026-06-22 00:00:00,Groceries,Credit Card,Regular,3,455.87,0.23,1367.6100000000001,314.55030000000005,1053.0597
2026-06-22 06:00:00,Home & Kitchen,Credit Card,Regular,3,1018.06,0.22,3054.18,671.9196,2382.2604
2026-06-22 12:00:00,Electronics,Credit Card,New,5,825.02,0.29,4125.1,1196.279,2928.8210000000004
2026-06-22 18:00:00,Home & Kitchen,UPI,Regular,1,287.78,0.22,287.78,63.31159999999999,224.46839999999997
2026-06-23 00:00:00,Beauty,Cash,Regular,4,1110.02,0.21,4440.08,932.4168,3507.6632
2026-06-23 06:00:00,Home & Kitchen,Credit Card,Regular,7,878.38,0.08,6148.66,491.8928,5656.7672
2026-06-23 12:00:00,Home & Kitchen,Cash,Regular,2,350.42,0.28,700.84,196.23520000000002,504.6048
2026-06-23 18:00:00,Home & Kitchen,Credit Card,Regular,4,775.49,0.05,3101.96,155.098,2946.862
2026-06-24 00:00:00,Beauty,Debit Card,Regular,1,2221.77,0.27,2221.77,599.8779000000001,1621.8921
2026-06-24 06:00:00,Home & Kitchen,Credit Card,Regular,5,790.02,0.09,3950.1,355.50899999999996,3594.591
2026-06-24 12:00:00,Groceries,Credit Card,New,1,1799.19,0.04,1799.19,71.9676,1727.2224
2026-06-24 18:00:00,Beauty,Credit Card,Regular,5,1549.52,0.25,7747.6,1936.9,5810.700000000001
2026-06-25 00:00:00,Home & Kitchen,UPI,Regular,4,1096.59,0.0,4386.36,0.0,4386.36
2026-06-25 06:00:00,Beauty,Debit Card,Regular,4,635.61,0.25,2542.44,635.61,1906.83
2026-06-25 12:00:00,Clothing,Credit Card,Regular,1,954.09,0.08,954.09,76.3272,877.7628
2026-06-25 18:00:00,Groceries,Credit Card,Regular,1,1500.66,0.27,1500.66,405.17820000000006,1095.4818
2026-06-26 00:00:00,Home & Kitchen,Cash,Regular,7,909.35,0.21,6365.45,1336.7445,5028.7055
2026-06-26 06:00:00,Clothing,Debit Card,Regular,3,576.5,0.2,1729.5,345.90000000000003,1383.6
2026-06-26 12:00:00,Clothing,Credit Card,Regular,5,335.33,0.11,1676.6499999999999,184.4315,1492.2185
2026-06-26 18:00:00,Beauty,Cash,Regular,3,2205.43,0.02,6616.289999999999,132.3258,6483.964199999999
2026-06-27 00:00:00,Clothing,Cash,Regular,2,1128.77,0.25,2257.54,564.385,1693.155
2026-06-27 06:00:00,Groceries,UPI,New,2,1581.76,0.05,3163.52,158.17600000000002,3005.344
2026-06-27 12:00:00,Groceries,Cash,Regular,1,1251.51,0.11,1251.51,137.6661,1113.8439
2026-06-27 18:00:00,Electronics,Credit Card,Regular,4,2187.79,0.18,8751.16,1575.2087999999999,7175.9511999999995
2026-06-28 00:00:00,Groceries,UPI,Regular,2,1389.99,0.14,2779.98,389.19720000000007,2390.7828
2026-06-28 06:00:00,Clothing,UPI,Regular,2,1227.91,0.06,2455.82,147.3492,2308.4708
2026-06-28 12:00:00,Groceries,Credit Card,Regular,3,2315.27,0.04,6945.8099999999995,277.8324,6667.977599999999
2026-06-28 18:00:00,Beauty,Debit Card,Regular,3,1813.24,0.04,5439.72,217.58880000000002,5222.1312
2026-06-29 00:00:00,Electronics,Cash,New,7,323.3,0.26,2263.1,588.406,1674.694
2026-06-29 06:00:00,Clothing,UPI,Regular,7,485.38,0.01,3397.66,33.9766,3363.6834
2026-06-29 12:00:00,Electronics,Debit Card,Regular,2,1978.45,0.29,3956.9,1147.501,2809.3990000000003
2026-06-29 18:00:00,Clothing,Credit Card,New,1,2097.84,0.06,2097.84,125.8704,1971.9696000000001
2026-06-30 00:00:00,Beauty,Cash,New,3,1385.72,0.03,4157.16,124.7148,4032.4451999999997
2026-06-30 06:00:00,Electronics,Cash,Regular,2,1408.42,0.17,2816.84,478.86280000000005,2337.9772000000003
2026-06-30 12:00:00,Home & Kitchen,UPI,Regular,4,1598.24,0.02,6392.96,127.8592,6265.1008
2026-06-30 18:00:00,Clothing,Cash,Regular,3,1125.83,0.18,3377.49,607.9481999999999,2769.5418
2026-07-01 00:00:00,Home & Kitchen,Cash,Regular,2,1716.49,0.26,3432.98,892.5748,2540.4052
2026-07-01 06:00:00,Electronics,Cash,Regular,7,315.78,0.01,2210.46,22.1046,2188.3554
2026-07-01 12:00:00,Home & Kitchen,Cash,Regular,5,2405.13,0.24,12025.650000000001,2886.1560000000004,9139.494
2026-07-01 18:00:00,Home & Kitchen,Credit Card,New,3,1887.88,0.12,5663.64,679.6368,4984.0032
2026-07-02 00:00:00,Electronics,Debit Card,Regular,5,1596.38,0.05,7981.900000000001,399.095,7582.805
2026-07-02 06:00:00,Beauty,Credit Card,Regular,3,824.99,0.05,2474.9700000000003,123.74850000000002,2351.2215
2026-07-02 12:00:00,Home & Kitchen,Credit Card,Regular,3,444.34,0.28,1333.02,373.2456,959.7744
2026-07-02 18:00:00,Home & Kitchen,UPI,New,7,1052.89,0.03,7370.2300000000005,221.1069,7149.123100000001
2026-07-03 00:00:00,Beauty,Cash,Regular,6,1670.86,0.26,10025.16,2606.5416,7418.618399999999
2026-07-03 06:00:00,Home & Kitchen,Credit Card,Regular,6,1602.59,0.16,9615.539999999999,1538.4863999999998,8077.053599999999
2026-07-03 12:00:00,Home & Kitchen,Cash,Regular,5,987.47,0.01,4937.35,49.37350000000001,4887.976500000001
2026-07-03 18:00:00,Home & Kitchen,Credit Card,Regular,1,1552.55,0.14,1552.55,217.35700000000003,1335.193
2026-07-04 00:00:00,Groceries,Credit Card,Regular,2,2043.68,0.25,4087.36,1021.84,3065.52
2026-07-04 06:00:00,Beauty,UPI,Regular,1,114.4,0.22,114.4,25.168000000000003,89.232
2026-07-04 12:00:00,Home & Kitchen,Debit Card,Regular,1,1154.02,0.15,1154.02,173.10299999999998,980.917
2026-07-04 18:00:00,Beauty,Debit Card,Regular,6,1908.46,0.26,11450.76,2977.1976,8473.5624
2026-07-05 00:00:00,Clothing,Credit Card,Regular,2,1388.05,0.04,2776.1,111.044,2665.056
2026-07-05 06:00:00,Clothing,UPI,New,6,1646.12,0.27,9876.72,2666.7144,7210.0055999999995
2026-07-05 12:00:00,Home & Kitchen,Cash,Regular,6,1315.86,0.25,7895.16,1973.79,5921.37
2026-07-05 18:00:00,Beauty,Cash,Regular,7,2480.09,0.21,17360.63,3645.7323,13714.897700000001
2026-07-06 00:00:00,Beauty,Credit Card,Regular,6,183.82,0.25,1102.92,275.73,827.19
2026-07-06 06:00:00,Beauty,Debit Card,Regular,4,1253.06,0.16,5012.24,801.9584,4210.2816
2026-07-06 12:00:00,Groceries,UPI,New,1,273.97,0.2,273.97,54.79400000000001,219.17600000000002
2026-07-06 18:00:00,Clothing,Debit Card,Regular,7,441.47,0.17,3090.29,525.3493000000001,2564.9407
2026-07-07 00:00:00,Beauty,Cash,Regular,7,988.44,0.11,6919.08,761.0988,6157.9812
2026-07-07 06:00:00,Beauty,Debit Card,Regular,1,431.07,0.17,431.07,73.28190000000001,357.7881
2026-07-07 12:00:00,Groceries,Cash,New,7,2411.03,0.08,16877.210000000003,1350.1768000000002,15527.033200000002
2026-07-07 18:00:00,Groceries,UPI,New,1,2369.63,0.13,2369.63,308.05190000000005,2061.5781
2026-07-08 00:00:00,Beauty,UPI,Regular,4,873.47,0.08,3493.88,279.5104,3214.3696
2026-07-08 06:00:00,Electronics,Credit Card,Regular,3,1617.38,0.04,4852.14,194.08560000000003,4658.0544
2026-07-08 12:00:00,Beauty,Credit Card,Regular,7,1357.7,0.1,9503.9,950.39,8553.51
2026-07-08 18:00:00,Beauty,Debit Card,Regular,5,2048.19,0.26,10240.95,2662.6470000000004,7578.303
2026-07-09 00:00:00,Groceries,UPI,New,5,1587.24,0.11,7936.2,872.982,7063.218
2026-07-09 06:00:00,Groceries,UPI,Regular,4,50.62,0.22,202.48,44.5456,157.93439999999998
2026-07-09 12:00:00,Beauty,Credit Card,Regular,1,1919.78,0.05,1919.78,95.989,1823.791
2026-07-09 18:00:00,Beauty,Cash,New,5,1879.78,0.13,9398.9,1221.857,8177.043
2026-07-10 00:00:00,Beauty,Debit Card,New,4,1298.82,0.03,5195.28,155.8584,5039.4216
2026-07-10 06:00:00,Groceries,Debit Card,Regular,6,2262.15,0.04,13572.900000000001,542.916,13029.984000000002
2026-07-10 12:00:00,Beauty,Credit Card,New,2,2275.69,0.19,4551.38,864.7622,3686.6178
2026-07-10 18:00:00,Beauty,UPI,Regular,5,1333.58,0.18,6667.9,1200.222,5467.678
2026-07-11 00:00:00,Home & Kitchen,Credit Card,New,2,1539.57,0.06,3079.14,184.74839999999998,2894.3916
2026-07-11 06:00:00,Electronics,Credit Card,New,1,2491.48,0.14,2491.48,348.8072,2142.6728
2026-07-11 12:00:00,Clothing,Credit Card,Regular,5,782.11,0.26,3910.55,1016.743,2893.8070000000002
2026-07-11 18:00:00,Electronics,Credit Card,New,4,845.31,0.05,3381.24,169.062,3212.178
2026-07-12 00:00:00,Home & Kitchen,Cash,New,3,497.8,0.01,1493.4,14.934000000000001,1478.4660000000001
2026-07-12 06:00:00,Clothing,Cash,Regular,5,2244.87,0.2,11224.349999999999,2244.87,8979.48
2026-07-12 12:00:00,Beauty,UPI,Regular,5,1874.0,0.02,9370.0,187.4,9182.6
2026-07-12 18:00:00,Home & Kitchen,Credit Card,New,5,308.82,0.29,1544.1,447.78899999999993,1096.311
2026-07-13 00:00:00,Beauty,Cash,Regular,5,2455.33,0.18,12276.65,2209.797,10066.853
2026-07-13 06:00:00,Groceries,UPI,Regular,4,1840.86,0.14,7363.44,1030.8816,6332.5584
2026-07-13 12:00:00,Home & Kitchen,Credit Card,New,4,2133.78,0.13,8535.12,1109.5656000000001,7425.554400000001
2026-07-13 18:00:00,Groceries,Debit Card,New,3,167.97,0.17,503.90999999999997,85.6647,418.2453
2026-07-14 00:00:00,Home & Kitchen,Cash,Regular,4,1287.15,0.03,5148.6,154.458,4994.142000000001
2026-07-14 06:00:00,Home & Kitchen,UPI,Regular,4,1761.57,0.28,7046.28,1972.9584000000002,5073.321599999999
2026-07-14 12:00:00,Groceries,Debit Card,Regular,1,1380.22,0.19,1380.22,262.2418,1117.9782
2026-07-14 18:00:00,Clothing,Credit Card,Regular,7,1683.29,0.06,11783.029999999999,706.9817999999999,11076.0482
2026-07-15 00:00:00,Electronics,Credit Card,Regular,1,2053.79,0.17,2053.79,349.14430000000004,1704.6457
2026-07-15 06:00:00,Beauty,Credit Card,New,7,967.13,0.04,6769.91,270.7964,6499.1136
2026-07-15 12:00:00,Home & Kitchen,Cash,Regular,2,2129.24,0.01,4258.48,42.584799999999994,4215.8952
2026-07-15 18:00:00,Beauty,UPI,Regular,3,449.14,0.19,1347.42,256.00980000000004,1091.4102
2026-07-16 00:00:00,Groceries,Debit Card,Regular,7,713.67,0.19,4995.69,949.1810999999999,4046.5089
2026-07-16 06:00:00,Beauty,UPI,New,1,156.2,0.18,156.2,28.115999999999996,128.084
2026-07-16 12:00:00,Groceries,Cash,Regular,3,942.85,0.06,2828.55,169.713,2658.837
2026-07-16 18:00:00,Beauty,UPI,Regular,3,980.78,0.18,2942.34,529.6212,2412.7188
2026-07-17 00:00:00,Electronics,Cash,Regular,5,2022.91,0.02,10114.550000000001,202.29100000000003,9912.259000000002
2026-07-17 06:00:00,Electronics,Credit Card,Regular,6,1650.17,0.18,9901.02,1782.1836,8118.8364
2026-07-17 12:00:00,Electronics,Debit Card,Regular,6,1119.97,0.17,6719.82,1142.3694,5577.4506
2026-07-17 18:00:00,Electronics,Credit Card,Regular,6,1647.68,0.2,9886.08,1977.2160000000001,7908.864
2026-07-18 00:00:00,Electronics,UPI,Regular,3,179.32,0.27,537.96,145.24920000000003,392.7108
2026-07-18 06:00:00,Electronics,Credit Card,Regular,5,491.67,0.26,2458.35,639.171,1819.1789999999999
2026-07-18 12:00:00,Groceries,Debit Card,Regular,2,1586.02,0.29,3172.04,919.8915999999999,2252.1484
2026-07-18 18:00:00,Home & Kitchen,Credit Card,Regular,2,1621.35,0.29,3242.7,940.3829999999999,2302.317
2026-07-19 00:00:00,Beauty,Debit Card,Regular,6,1946.63,0.23,11679.78,2686.3494,8993.4306
2026-07-19 06:00:00,Electronics,Debit Card,Regular,2,1037.35,0.29,2074.7,601.6629999999999,1473.0369999999998
2026-07-19 12:00:00,Groceries,Credit Card,Regular,5,1820.26,0.26,9101.3,2366.3379999999997,6734.9619999999995
2026-07-19 18:00:00,Groceries,Cash,Regular,6,1725.75,0.22,10354.5,2277.9900000000002,8076.51
2026-07-20 00:00:00,Groceries,UPI,Regular,7,2410.31,0.02,16872.17,337.4434,16534.726599999998
2026-07-20 06:00:00,Home & Kitchen,Cash,Regular,7,577.07,0.01,4039.4900000000002,40.3949,3999.0951000000005
2026-07-20 12:00:00,Beauty,Cash,Regular,5,1401.61,0.25,7008.049999999999,1752.0124999999998,5256.037499999999
2026-07-20 18:00:00,Home & Kitchen,Credit Card,Regular,2,1524.32,0.15,3048.64,457.296,2591.344
2026-07-21 00:00:00,Clothing,UPI,New,6,2496.69,0.24,14980.14,3595.2335999999996,11384.9064
2026-07-21 06:00:00,Groceries,UPI,New,7,542.9,0.09,3800.2999999999997,342.027,3458.2729999999997
2026-07-21 12:00:00,Clothing,Cash,Regular,5,1331.88,0.12,6659.400000000001,799.128,5860.272000000001
2026-07-21 18:00:00,Electronics,Credit Card,Regular,4,898.15,0.21,3592.6,754.4459999999999,2838.154
2026-07-22 00:00:00,Electronics,UPI,Regular,7,1338.44,0.27,9369.08,2529.6516,6839.4284
2026-07-22 06:00:00,Home & Kitchen,Cash,Regular,4,618.72,0.03,2474.88,74.2464,2400.6336
2026-07-22 12:00:00,Beauty,UPI,Regular,5,166.65,0.26,833.25,216.645,616.605
2026-07-22 18:00:00,Clothing,Credit Card,New,5,1452.79,0.24,7263.95,1743.348,5520.602
2026-07-23 00:00:00,Beauty,Credit Card,Regular,1,872.84,0.09,872.84,78.5556,794.2844
2026-07-23 06:00:00,Home & Kitchen,Credit Card,New,7,495.76,0.11,3470.3199999999997,381.73519999999996,3088.5847999999996
2026-07-23 12:00:00,Electronics,UPI,Regular,1,843.64,0.01,843.64,8.4364,835.2035999999999
2026-07-23 18:00:00,Beauty,Debit Card,New,3,170.74,0.0,512.22,0.0,512.22
2026-07-24 00:00:00,Beauty,UPI,New,7,2378.58,0.14,16650.059999999998,2331.0083999999997,14319.051599999999
2026-07-24 06:00:00,Electronics,Debit Card,Regular,6,1473.81,0.03,8842.86,265.2858,8577.574200000001
2026-07-24 12:00:00,Clothing,Credit Card,Regular,3,2046.18,0.06,6138.54,368.31239999999997,5770.2276
2026-07-24 18:00:00,Electronics,Cash,Regular,3,1086.64,0.25,3259.92,814.98,2444.94
2026-07-25 00:00:00,Beauty,Debit Card,Regular,2,2263.12,0.17,4526.24,769.4608000000001,3756.7792
2026-07-25 06:00:00,Clothing,Credit Card,Regular,4,1234.13,0.19,4936.52,937.9388000000001,3998.5812000000005
2026-07-25 12:00:00,Clothing,Credit Card,Regular,2,1456.17,0.06,2912.34,174.7404,2737.5996
2026-07-25 18:00:00,Electronics,Debit Card,Regular,6,1254.9,0.25,7529.400000000001,1882.3500000000001,5647.05
2026-07-26 00:00:00,Beauty,Cash,New,5,1846.53,0.26,9232.65,2400.489,6832.161
2026-07-26 06:00:00,Home & Kitchen,Credit Card,Regular,1,1438.31,0.16,1438.31,230.12959999999998,1208.1804
2026-07-26 12:00:00,Beauty,Debit Card,New,6,715.42,0.27,4292.5199999999995,1158.9804,3133.5395999999996
2026-07-26 18:00:00,Groceries,Cash,Regular,5,406.57,0.25,2032.85,508.2125,1524.6374999999998
2026-07-27 00:00:00,Home & Kitchen,Cash,New,6,1535.0,0.22,9210.0,2026.2,7183.8
2026-07-27 06:00:00,Clothing,Credit Card,Regular,5,1248.49,0.22,6242.45,1373.339,4869.111
2026-07-27 12:00:00,Home & Kitchen,UPI,Regular,7,285.14,0.03,1995.98,59.8794,1936.1006
2026-07-27 18:00:00,Clothing,UPI,New,1,1019.26,0.08,1019.26,81.5408,937.7192
2026-07-28 00:00:00,Clothing,Credit Card,Regular,5,1311.2,0.02,6556.0,131.12,6424.88
2026-07-28 06:00:00,Home & Kitchen,Cash,New,3,2075.89,0.0,6227.67,0.0,6227.67
2026-07-28 12:00:00,Clothing,Credit Card,Regular,6,236.45,0.05,1418.6999999999998,70.93499999999999,1347.7649999999999
2026-07-28 18:00:00,Clothing,Debit Card,Regular,1,903.81,0.26,903.81,234.9906,668.8194
2026-07-29 00:00:00,Groceries,UPI,Regular,5,2065.51,0.07,10327.550000000001,722.9285000000001,9604.621500000001
2026-07-29 06:00:00,Beauty,Debit Card,New,3,1638.64,0.29,4915.92,1425.6168,3490.3032000000003
2026-07-29 12:00:00,Beauty,Credit Card,Regular,3,760.4,0.18,2281.2,410.61599999999993,1870.5839999999998
2026-07-29 18:00:00,Groceries,Credit Card,New,7,2121.07,0.07,14847.490000000002,1039.3243000000002,13808.165700000001
2026-07-30 00:00:00,Home & Kitchen,Cash,New,4,1258.57,0.15,5034.28,755.1419999999999,4279.138
2026-07-30 06:00:00,Electronics,Cash,Regular,3,1270.96,0.07,3812.88,266.90160000000003,3545.9784
2026-07-30 12:00:00,Electronics,Cash,Regular,2,2442.64,0.3,4885.28,1465.5839999999998,3419.696
2026-07-30 18:00:00,Electronics,Debit Card,New,1,2370.44,0.25,2370.44,592.61,1777.83
2026-07-31 00:00:00,Groceries,Cash,Regular,1,928.41,0.01,928.41,9.2841,919.1259
2026-07-31 06:00:00,Groceries,Credit Card,Regular,1,394.42,0.28,394.42,110.43760000000002,283.9824
2026-07-31 12:00:00,Clothing,Cash,Regular,5,847.88,0.22,4239.4,932.6679999999999,3306.732
2026-07-31 18:00:00,Electronics,UPI,Regular,6,124.68,0.02,748.08,14.9616,733.1184000000001
2026-08-01 00:00:00,Home & Kitchen,Cash,Regular,5,100.88,0.2,504.4,100.88,403.52
2026-08-01 06:00:00,Home & Kitchen,Debit Card,Regular,2,1019.03,0.19,2038.06,387.2314,1650.8285999999998
2026-08-01 12:00:00,Electronics,UPI,New,6,2355.5,0.07,14133.0,989.3100000000001,13143.69
2026-08-01 18:00:00,Electronics,UPI,Regular,7,2184.83,0.23,15293.81,3517.5763,11776.233699999999
2026-08-02 00:00:00,Electronics,UPI,Regular,3,1303.03,0.03,3909.09,117.2727,3791.8173
2026-08-02 06:00:00,Groceries,Debit Card,New,5,1434.8,0.15,7174.0,1076.1,6097.9
2026-08-02 12:00:00,Groceries,Credit Card,New,6,64.54,0.0,387.24,0.0,387.24
2026-08-02 18:00:00,Groceries,Cash,New,3,577.98,0.29,1733.94,502.8426,1231.0974
2026-08-03 00:00:00,Beauty,UPI,Regular,6,110.7,0.23,664.2,152.76600000000002,511.434
2026-08-03 06:00:00,Home & Kitchen,UPI,New,3,1898.62,0.05,5695.86,284.793,5411.067
2026-08-03 12:00:00,Home & Kitchen,UPI,Regular,6,406.83,0.1,2440.98,244.098,2196.882
2026-08-03 18:00:00,Clothing,Credit Card,Regular,5,2179.17,0.05,10895.85,544.7925,10351.0575
2026-08-04 00:00:00,Groceries,Credit Card,Regular,5,1626.14,0.23,8130.700000000001,1870.0610000000001,6260.639000000001
2026-08-04 06:00:00,Beauty,Debit Card,Regular,2,612.08,0.02,1224.16,24.483200000000004,1199.6768000000002
2026-08-04 12:00:00,Beauty,Credit Card,New,7,436.41,0.25,3054.8700000000003,763.7175000000001,2291.1525
2026-08-04 18:00:00,Home & Kitchen,Cash,Regular,7,1587.68,0.28,11113.76,3111.8528000000006,8001.9072
2026-08-05 00:00:00,Groceries,Debit Card,New,4,2257.05,0.2,9028.2,1805.6400000000003,7222.56
2026-08-05 06:00:00,Clothing,Debit Card,New,1,1809.98,0.06,1809.98,108.5988,1701.3812
2026-08-05 12:00:00,Groceries,Cash,Regular,5,903.94,0.11,4519.700000000001,497.1670000000001,4022.533000000001
2026-08-05 18:00:00,Electronics,Cash,Regular,5,1489.09,0.14,7445.45,1042.363,6403.0869999999995
2026-08-06 00:00:00,Groceries,Cash,Regular,3,811.37,0.18,2434.11,438.1398,1995.9702000000002
2026-08-06 06:00:00,Electronics,Debit Card,Regular,4,2497.92,0.2,9991.68,1998.3360000000002,7993.344
2026-08-06 12:00:00,Electronics,Debit Card,Regular,7,1884.66,0.17,13192.62,2242.7454000000002,10949.874600000001
2026-08-06 18:00:00,Clothing,Debit Card,New,5,1555.24,0.11,7776.2,855.382,6920.818
2026-08-07 00:00:00,Home & Kitchen,Cash,Regular,6,1086.98,0.27,6521.88,1760.9076000000002,4760.9724
2026-08-07 06:00:00,Groceries,Cash,Regular,7,1564.47,0.02,10951.29,219.02580000000003,10732.264200000001
2026-08-07 12:00:00,Electronics,UPI,New,4,886.96,0.14,3547.84,496.6976000000001,3051.1424
2026-08-07 18:00:00,Groceries,Credit Card,Regular,1,120.72,0.23,120.72,27.7656,92.95439999999999
2026-08-08 00:00:00,Home & Kitchen,UPI,New,6,1017.97,0.02,6107.82,122.15639999999999,5985.6636
2026-08-08 06:00:00,Home & Kitchen,Cash,Regular,3,2329.68,0.21,6989.039999999999,1467.6983999999998,5521.3416
2026-08-08 12:00:00,Beauty,Debit Card,Regular,2,1584.44,0.25,3168.88,792.22,2376.66
2026-08-08 18:00:00,Home & Kitchen,Cash,Regular,6,255.69,0.2,1534.1399999999999,306.828,1227.312
2026-08-09 00:00:00,Clothing,Credit Card,Regular,7,2218.23,0.0,15527.61,0.0,15527.61
2026-08-09 06:00:00,Electronics,UPI,Regular,1,708.74,0.05,708.74,35.437000000000005,673.303
2026-08-09 12:00:00,Beauty,UPI,New,6,647.24,0.1,3883.44,388.34400000000005,3495.096
2026-08-09 18:00:00,Clothing,Debit Card,Regular,4,777.87,0.07,3111.48,217.80360000000002,2893.6764
2026-08-10 00:00:00,Groceries,UPI,New,4,1464.15,0.29,5856.6,1698.414,4158.186000000001
2026-08-10 06:00:00,Electronics,UPI,Regular,1,1384.49,0.2,1384.49,276.898,1107.592
2026-08-10 12:00:00,Home & Kitchen,Cash,Regular,7,1253.96,0.09,8777.720000000001,789.9948,7987.725200000001
2026-08-10 18:00:00,Electronics,UPI,Regular,4,1807.97,0.28,7231.88,2024.9264000000003,5206.9536
2026-08-11 00:00:00,Groceries,UPI,New,6,825.52,0.22,4953.12,1089.6864,3863.4336
2026-08-11 06:00:00,Beauty,UPI,Regular,2,1966.06,0.09,3932.12,353.89079999999996,3578.2291999999998
2026-08-11 12:00:00,Beauty,Debit Card,Regular,6,479.54,0.11,2877.2400000000002,316.49640000000005,2560.7436000000002
2026-08-11 18:00:00,Beauty,Debit Card,New,2,1967.42,0.06,3934.84,236.0904,3698.7496
2026-08-12 00:00:00,Home & Kitchen,Cash,Regular,4,1676.33,0.29,6705.32,1944.5427999999997,4760.7772
2026-08-12 06:00:00,Clothing,UPI,New,6,1723.86,0.16,10343.16,1654.9056,8688.2544
2026-08-12 12:00:00,Clothing,Debit Card,Regular,4,1229.81,0.27,4919.24,1328.1948,3591.0451999999996
2026-08-12 18:00:00,Electronics,Debit Card,New,7,1684.15,0.1,11789.050000000001,1178.9050000000002,10610.145
2026-08-13 00:00:00,Home & Kitchen,Cash,New,2,245.5,0.26,491.0,127.66000000000001,363.34
2026-08-13 06:00:00,Beauty,Credit Card,New,7,2136.3,0.02,14954.100000000002,299.08200000000005,14655.018000000002
2026-08-13 12:00:00,Beauty,UPI,Regular,4,186.09,0.29,744.36,215.8644,528.4956
2026-08-13 18:00:00,Groceries,Debit Card,Regular,5,414.42,0.27,2072.1,559.467,1512.6329999999998
2026-08-14 00:00:00,Groceries,Cash,New,3,1463.13,0.11,4389.39,482.83290000000005,3906.5571000000004
2026-08-14 06:00:00,Beauty,Cash,Regular,6,1861.56,0.23,11169.36,2568.9528,8600.407200000001
2026-08-14 12:00:00,Beauty,Cash,Regular,5,236.82,0.23,1184.1,272.343,911.7569999999998
2026-08-14 18:00:00,Home & Kitchen,Debit Card,New,7,2305.87,0.27,16141.09,4358.094300000001,11782.9957
2026-08-15 00:00:00,Clothing,UPI,Regular,4,2435.34,0.09,9741.36,876.7224,8864.6376
2026-08-15 06:00:00,Groceries,Credit Card,Regular,4,1534.58,0.14,6138.32,859.3648000000001,5278.955199999999
2026-08-15 12:00:00,Clothing,UPI,Regular,3,1229.05,0.26,3687.1499999999996,958.659,2728.4909999999995
2026-08-15 18:00:00,Home & Kitchen,Cash,Regular,4,1866.42,0.23,7465.68,1717.1064000000001,5748.5736
2026-08-16 00:00:00,Beauty,Cash,Regular,3,854.48,0.12,2563.44,307.6128,2255.8272
2026-08-16 06:00:00,Clothing,Credit Card,Regular,6,1258.5,0.25,7551.0,1887.75,5663.25
2026-08-16 12:00:00,Beauty,UPI,Regular,2,2294.57,0.01,4589.14,45.891400000000004,4543.2486
2026-08-16 18:00:00,Beauty,Cash,New,3,2391.36,0.23,7174.08,1650.0384000000001,5524.0416
2026-08-17 00:00:00,Electronics,Cash,New,3,2321.32,0.06,6963.960000000001,417.83760000000007,6546.122400000001
2026-08-17 06:00:00,Clothing,UPI,Regular,5,693.0,0.09,3465.0,311.84999999999997,3153.15
2026-08-17 12:00:00,Clothing,Cash,Regular,4,619.55,0.15,2478.2,371.72999999999996,2106.47
2026-08-17 18:00:00,Beauty,UPI,New,6,779.28,0.13,4675.68,607.8384000000001,4067.8416
2026-08-18 00:00:00,Home & Kitchen,Cash,Regular,2,1131.21,0.16,2262.42,361.98720000000003,1900.4328
2026-08-18 06:00:00,Electronics,UPI,Regular,1,819.71,0.16,819.71,131.1536,688.5564
2026-08-18 12:00:00,Beauty,Credit Card,Regular,7,966.82,0.1,6767.740000000001,676.7740000000001,6090.966
2026-08-18 18:00:00,Groceries,Cash,Regular,3,1570.56,0.05,4711.68,235.58400000000003,4476.0960000000005
2026-08-19 00:00:00,Groceries,Credit Card,New,1,1918.19,0.23,1918.19,441.18370000000004,1477.0063
2026-08-19 06:00:00,Electronics,Cash,Regular,4,1852.12,0.12,7408.48,889.0175999999999,6519.462399999999
2026-08-19 12:00:00,Home & Kitchen,Cash,New,7,2045.34,0.15,14317.38,2147.607,12169.773
2026-08-19 18:00:00,Beauty,Debit Card,Regular,3,128.85,0.19,386.54999999999995,73.44449999999999,313.10549999999995
2026-08-20 00:00:00,Clothing,UPI,New,1,166.95,0.27,166.95,45.0765,121.87349999999998
2026-08-20 06:00:00,Electronics,Credit Card,Regular,5,1983.99,0.21,9919.95,2083.1895,7836.7605
2026-08-20 12:00:00,Home & Kitchen,Credit Card,Regular,1,1356.04,0.01,1356.04,13.5604,1342.4796
2026-08-20 18:00:00,Clothing,Credit Card,Regular,7,1466.44,0.25,10265.08,2566.27,7698.8099999999995
2026-08-21 00:00:00,Groceries,UPI,Regular,5,178.84,0.3,894.2,268.26,625.94
2026-08-21 06:00:00,Groceries,Debit Card,Regular,7,675.52,0.14,4728.639999999999,662.0096,4066.6303999999996
2026-08-21 12:00:00,Clothing,Credit Card,Regular,2,1613.97,0.29,3227.94,936.1025999999999,2291.8374000000003
2026-08-21 18:00:00,Electronics,UPI,Regular,4,2155.0,0.16,8620.0,1379.2,7240.8
2026-08-22 00:00:00,Groceries,Cash,Regular,6,2296.61,0.14,13779.66,1929.1524000000002,11850.507599999999
2026-08-22 06:00:00,Beauty,Credit Card,Regular,1,1276.03,0.1,1276.03,127.60300000000001,1148.427
2026-08-22 12:00:00,Clothing,Credit Card,New,3,1386.41,0.2,4159.2300000000005,831.8460000000001,3327.3840000000005
2026-08-22 18:00:00,Clothing,Debit Card,New,7,2090.97,0.07,14636.789999999999,1024.5753,13612.214699999999
2026-08-23 00:00:00,Groceries,Credit Card,New,7,1367.18,0.03,9570.26,287.1078,9283.1522
2026-08-23 06:00:00,Electronics,Credit Card,New,4,1316.3,0.01,5265.2,52.652,5212.548
2026-08-23 12:00:00,Beauty,Cash,Regular,1,2267.46,0.09,2267.46,204.07139999999998,2063.3886
2026-08-23 18:00:00,Electronics,UPI,Regular,3,1985.34,0.12,5956.0199999999995,714.7223999999999,5241.2976
2026-08-24 00:00:00,Home & Kitchen,UPI,Regular,3,2277.23,0.17,6831.6900000000005,1161.3873,5670.3027
2026-08-24 06:00:00,Home & Kitchen,Debit Card,New,7,584.71,0.09,4092.9700000000003,368.3673,3724.6027000000004
2026-08-24 12:00:00,Groceries,Cash,New,6,1334.72,0.3,8008.32,2402.4959999999996,5605.8240000000005
2026-08-24 18:00:00,Groceries,UPI,Regular,7,2114.06,0.09,14798.42,1331.8578,13466.5622
2026-08-25 00:00:00,Groceries,Cash,Regular,6,322.31,0.13,1933.8600000000001,251.40180000000004,1682.4582
2026-08-25 06:00:00,Home & Kitchen,UPI,Regular,7,1996.92,0.03,13978.44,419.3532,13559.086800000001
2026-08-25 12:00:00,Electronics,Cash,Regular,7,498.28,0.08,3487.96,279.0368,3208.9232
2026-08-25 18:00:00,Electronics,Debit Card,Regular,3,2029.89,0.01,6089.67,60.8967,6028.7733
2026-08-26 00:00:00,Groceries,Credit Card,Regular,6,1549.4,0.17,9296.400000000001,1580.3880000000004,7716.012000000001
2026-08-26 06:00:00,Beauty,Debit Card,New,3,523.43,0.23,1570.29,361.1667,1209.1233
2026-08-26 12:00:00,Electronics,UPI,Regular,1,1209.72,0.06,1209.72,72.5832,1137.1368
2026-08-26 18:00:00,Home & Kitchen,Debit Card,New,7,1720.67,0.11,12044.69,1324.9159,10719.7741
2026-08-27 00:00:00,Clothing,Credit Card,New,2,1602.94,0.0,3205.88,0.0,3205.88
2026-08-27 06:00:00,Clothing,Debit Card,New,6,1096.76,0.25,6580.5599999999995,1645.1399999999999,4935.42
2026-08-27 12:00:00,Clothing,UPI,Regular,5,2253.45,0.23,11267.25,2591.4675,8675.7825
2026-08-27 18:00:00,Beauty,UPI,Regular,5,1322.2,0.02,6611.0,132.22,6478.78
2026-08-28 00:00:00,Groceries,Debit Card,Regular,5,1289.37,0.11,6446.849999999999,709.1534999999999,5737.6965
2026-08-28 06:00:00,Home & Kitchen,Credit Card,Regular,2,202.51,0.29,405.02,117.45579999999998,287.5642
2026-08-28 12:00:00,Beauty,Debit Card,Regular,3,2309.19,0.12,6927.57,831.3083999999999,6096.2616
2026-08-28 18:00:00,Home & Kitchen,Credit Card,New,3,483.94,0.16,1451.82,232.2912,1219.5288
2026-08-29 00:00:00,Home & Kitchen,Cash,New,4,1344.44,0.11,5377.76,591.5536000000001,4786.2064
2026-08-29 06:00:00,Groceries,Credit Card,New,5,2018.74,0.18,10093.7,1816.866,8276.834
2026-08-29 12:00:00,Clothing,Cash,New,5,577.86,0.29,2889.3,837.897,2051.4030000000002
2026-08-29 18:00:00,Groceries,Debit Card,Regular,3,1342.06,0.3,4026.18,1207.8539999999998,2818.326
2026-08-30 00:00:00,Beauty,Credit Card,Regular,5,639.68,0.23,3198.3999999999996,735.632,2462.7679999999996
2026-08-30 06:00:00,Beauty,Cash,Regular,3,1911.25,0.12,5733.75,688.05,5045.7
2026-08-30 12:00:00,Beauty,Cash,Regular,7,1432.64,0.15,10028.480000000001,1504.2720000000002,8524.208
2026-08-30 18:00:00,Groceries,Cash,New,7,2147.14,0.11,15029.98,1653.2978,13376.6822
2026-08-31 00:00:00,Home & Kitchen,UPI,Regular,3,2241.67,0.3,6725.01,2017.503,4707.5070000000005
2026-08-31 06:00:00,Home & Kitchen,Debit Card,Regular,6,1639.4,0.21,9836.400000000001,2065.6440000000002,7770.756000000001
2026-08-31 12:00:00,Electronics,Cash,Regular,3,1827.21,0.13,5481.63,712.6119,4769.0181
2026-08-31 18:00:00,Beauty,Credit Card,Regular,1,1395.59,0.0,1395.59,0.0,1395.59
2026-09-01 00:00:00,Home & Kitchen,Cash,Regular,1,991.85,0.16,991.85,158.696,833.154
2026-09-01 06:00:00,Electronics,UPI,New,1,1637.89,0.3,1637.89,491.367,1146.5230000000001
2026-09-01 12:00:00,Home & Kitchen,Debit Card,Regular,1,2275.31,0.16,2275.31,364.0496,1911.2604
2026-09-01 18:00:00,Beauty,UPI,Regular,2,1070.87,0.05,2141.74,107.08699999999999,2034.6529999999998
2026-09-02 00:00:00,Clothing,UPI,Regular,4,820.3,0.01,3281.2,32.812,3248.388
2026-09-02 06:00:00,Beauty,UPI,Regular,4,1001.67,0.11,4006.68,440.7348,3565.9451999999997
2026-09-02 12:00:00,Groceries,Credit Card,Regular,3,1116.72,0.28,3350.16,938.0448,2412.1151999999997
2026-09-02 18:00:00,Home & Kitchen,Debit Card,New,7,230.22,0.3,1611.54,483.462,1128.078
2026-09-03 00:00:00,Home & Kitchen,Debit Card,Regular,5,1271.18,0.28,6355.900000000001,1779.6520000000003,4576.2480000000005
2026-09-03 06:00:00,Groceries,Credit Card,Regular,1,1261.07,0.22,1261.07,277.4354,983.6345999999999
2026-09-03 12:00:00,Groceries,Debit Card,Regular,4,1491.69,0.17,5966.76,1014.3492000000001,4952.4108
2026-09-03 18:00:00,Clothing,UPI,New,4,938.91,0.18,3755.64,676.0151999999999,3079.6248
2026-09-04 00:00:00,Home & Kitchen,Debit Card,Regular,1,1552.11,0.16,1552.11,248.33759999999998,1303.7723999999998
2026-09-04 06:00:00,Home & Kitchen,Credit Card,Regular,7,2201.63,0.21,15411.41,3236.3961,12175.0139
2026-09-04 12:00:00,Clothing,UPI,Regular,2,2390.9,0.13,4781.8,621.634,4160.166
2026-09-04 18:00:00,Electronics,Credit Card,New,2,1479.85,0.2,2959.7,591.9399999999999,2367.7599999999998
2026-09-05 00:00:00,Clothing,Cash,Regular,4,154.35,0.04,617.4,24.695999999999998,592.704
2026-09-05 06:00:00,Beauty,UPI,Regular,2,2424.63,0.08,4849.26,387.9408,4461.3192
2026-09-05 12:00:00,Home & Kitchen,UPI,Regular,6,1779.36,0.25,10676.16,2669.04,8007.12
2026-09-05 18:00:00,Groceries,Debit Card,Regular,1,873.11,0.27,873.11,235.73970000000003,637.3703
2026-09-06 00:00:00,Beauty,UPI,New,7,410.54,0.16,2873.78,459.80480000000006,2413.9752000000003
2026-09-06 06:00:00,Home & Kitchen,Credit Card,New,4,401.38,0.01,1605.52,16.0552,1589.4648
2026-09-06 12:00:00,Clothing,Debit Card,Regular,1,460.97,0.28,460.97,129.07160000000002,331.89840000000004
2026-09-06 18:00:00,Beauty,Cash,New,2,161.65,0.21,323.3,67.893,255.407
2026-09-07 00:00:00,Home & Kitchen,Credit Card,New,1,2260.28,0.12,2260.28,271.2336,1989.0464000000002
2026-09-07 06:00:00,Electronics,Cash,New,2,1374.88,0.18,2749.76,494.95680000000004,2254.8032000000003
2026-09-07 12:00:00,Electronics,Cash,Regular,7,1764.9,0.13,12354.300000000001,1606.0590000000002,10748.241000000002
2026-09-07 18:00:00,Groceries,Cash,Regular,2,2078.87,0.14,4157.74,582.0836,3575.6564
2026-09-08 00:00:00,Home & Kitchen,UPI,Regular,1,1989.28,0.27,1989.28,537.1056,1452.1743999999999
2026-09-08 06:00:00,Electronics,Credit Card,New,7,2212.38,0.05,15486.66,774.3330000000001,14712.327
2026-09-08 12:00:00,Clothing,Credit Card,Regular,2,2419.77,0.03,4839.54,145.18619999999999,4694.3538
2026-09-08 18:00:00,Home & Kitchen,UPI,Regular,6,1125.72,0.0,6754.32,0.0,6754.32
2026-09-09 00:00:00,Clothing,Debit Card,Regular,3,2378.32,0.09,7134.960000000001,642.1464000000001,6492.813600000001
2026-09-09 06:00:00,Clothing,Cash,Regular,1,1822.06,0.04,1822.06,72.8824,1749.1776
2026-09-09 12:00:00,Electronics,Credit Card,Regular,3,223.14,0.07,669.42,46.8594,622.5605999999999
2026-09-09 18:00:00,Home & Kitchen,UPI,New,1,1720.37,0.0,1720.37,0.0,1720.37
2026-09-10 00:00:00,Beauty,Cash,Regular,2,1732.46,0.07,3464.92,242.54440000000002,3222.3756
2026-09-10 06:00:00,Electronics,Debit Card,New,2,2269.36,0.1,4538.72,453.87200000000007,4084.848
2026-09-10 12:00:00,Electronics,Debit Card,Regular,7,963.68,0.01,6745.759999999999,67.4576,6678.3024
2026-09-10 18:00:00,Home & Kitchen,Cash,Regular,4,1483.03,0.18,5932.12,1067.7816,4864.3384
2026-09-11 00:00:00,Home & Kitchen,Debit Card,Regular,6,79.86,0.17,479.15999999999997,81.4572,397.70279999999997
2026-09-11 06:00:00,Clothing,Credit Card,Regular,4,863.58,0.03,3454.32,103.6296,3350.6904
2026-09-11 12:00:00,Home & Kitchen,Credit Card,Regular,3,202.5,0.18,607.5,109.35,498.15
2026-09-11 18:00:00,Clothing,Credit Card,New,2,1328.59,0.3,2657.18,797.1539999999999,1860.0259999999998
2026-09-12 00:00:00,Electronics,Debit Card,Regular,4,2052.75,0.28,8211.0,2299.0800000000004,5911.92
2026-09-12 06:00:00,Groceries,Credit Card,New,2,555.78,0.0,1111.56,0.0,1111.56
2026-09-12 12:00:00,Beauty,UPI,Regular,1,1342.23,0.24,1342.23,322.1352,1020.0948000000001
2026-09-12 18:00:00,Electronics,Credit Card,Regular,4,549.82,0.11,2199.28,241.9208,1957.3592
2026-09-13 00:00:00,Home & Kitchen,Credit Card,Regular,3,345.69,0.02,1037.07,20.7414,1016.3285999999999
2026-09-13 06:00:00,Beauty,Debit Card,Regular,7,1301.94,0.09,9113.58,820.2221999999999,8293.3578
2026-09-13 12:00:00,Groceries,Credit Card,Regular,4,243.91,0.1,975.64,97.56400000000001,878.076
2026-09-13 18:00:00,Groceries,Cash,Regular,2,1489.02,0.16,2978.04,476.4864,2501.5536
2026-09-14 00:00:00,Clothing,UPI,Regular,5,126.78,0.2,633.9,126.78,507.12
2026-09-14 06:00:00,Beauty,Debit Card,Regular,5,311.45,0.22,1557.25,342.595,1214.655
2026-09-14 12:00:00,Clothing,UPI,Regular,7,1397.49,0.07,9782.43,684.7701000000001,9097.6599
2026-09-14 18:00:00,Electronics,Cash,New,7,1498.95,0.1,10492.65,1049.265,9443.385
2026-09-15 00:00:00,Beauty,Debit Card,Regular,6,121.02,0.09,726.12,65.35079999999999,660.7692
2026-09-15 06:00:00,Electronics,Debit Card,Regular,7,1454.77,0.11,10183.39,1120.1729,9063.2171
2026-09-15 12:00:00,Clothing,Credit Card,New,2,2104.33,0.3,4208.66,1262.598,2946.062
2026-09-15 18:00:00,Beauty,UPI,Regular,1,1819.67,0.23,1819.67,418.52410000000003,1401.1459
2026-09-16 00:00:00,Clothing,Cash,Regular,4,371.4,0.29,1485.6,430.82399999999996,1054.7759999999998
2026-09-16 06:00:00,Beauty,Cash,Regular,7,1501.56,0.21,10510.92,2207.2932,8303.6268
2026-09-16 12:00:00,Clothing,Debit Card,Regular,5,1697.02,0.12,8485.1,1018.212,7466.888000000001
2026-09-16 18:00:00,Groceries,Credit Card,New,1,141.22,0.12,141.22,16.9464,124.2736
2026-09-17 00:00:00,Clothing,Debit Card,Regular,2,2145.6,0.15,4291.2,643.68,3647.52
2026-09-17 06:00:00,Groceries,Debit Card,New,1,2270.36,0.13,2270.36,295.14680000000004,1975.2132000000001
2026-09-17 12:00:00,Clothing,Debit Card,New,2,2133.61,0.25,4267.22,1066.805,3200.415
2026-09-17 18:00:00,Beauty,Debit Card,Regular,6,2070.35,0.14,12422.099999999999,1739.094,10683.005999999998
2026-09-18 00:00:00,Beauty,Cash,Regular,4,1875.16,0.09,7500.64,675.0576,6825.5824
2026-09-18 06:00:00,Beauty,Cash,Regular,1,1601.91,0.23,1601.91,368.43930000000006,1233.4707
2026-09-18 12:00:00,Home & Kitchen,Debit Card,Regular,4,1712.64,0.26,6850.56,1781.1456,5069.414400000001
2026-09-18 18:00:00,Electronics,Debit Card,Regular,1,2025.67,0.13,2025.67,263.3371,1762.3329
2026-09-19 00:00:00,Beauty,Credit Card,Regular,2,1673.12,0.2,3346.24,669.248,2676.9919999999997
2026-09-19 06:00:00,Groceries,Debit Card,Regular,2,852.93,0.02,1705.86,34.1172,1671.7428
2026-09-19 12:00:00,Beauty,Cash,Regular,1,971.1,0.16,971.1,155.376,815.724
2026-09-19 18:00:00,Home & Kitchen,UPI,New,6,2247.79,0.01,13486.74,134.8674,13351.8726
2026-09-20 00:00:00,Groceries,Cash,Regular,2,91.95,0.01,183.9,1.8390000000000002,182.061
2026-09-20 06:00:00,Home & Kitchen,Credit Card,New,3,1762.11,0.18,5286.33,951.5394,4334.7906
2026-09-20 12:00:00,Groceries,Cash,New,3,2389.21,0.09,7167.63,645.0867,6522.5433
2026-09-20 18:00:00,Clothing,UPI,Regular,4,1780.26,0.22,7121.04,1566.6288,5554.4112000000005
2026-09-21 00:00:00,Electronics,Debit Card,New,7,2485.08,0.27,17395.559999999998,4696.8012,12698.758799999998
2026-09-21 06:00:00,Electronics,UPI,Regular,3,1734.49,0.04,5203.47,208.1388,4995.3312000000005
2026-09-21 12:00:00,Home & Kitchen,Debit Card,Regular,3,134.19,0.22,402.57,88.5654,314.0046
2026-09-21 18:00:00,Electronics,Debit Card,Regular,6,2076.17,0.15,12457.02,1868.5529999999999,10588.467
2026-09-22 00:00:00,Home & Kitchen,Cash,Regular,6,747.34,0.03,4484.04,134.5212,4349.5188
2026-09-22 06:00:00,Home & Kitchen,Cash,Regular,7,1142.84,0.2,7999.879999999999,1599.9759999999999,6399.9039999999995
2026-09-22 12:00:00,Home & Kitchen,Cash,Regular,5,814.63,0.18,4073.15,733.167,3339.983
2026-09-22 18:00:00,Electronics,Credit Card,Regular,7,707.96,0.15,4955.72,743.3580000000001,4212.362
2026-09-23 00:00:00,Home & Kitchen,Cash,Regular,5,1106.94,0.28,5534.700000000001,1549.7160000000003,3984.9840000000004
2026-09-23 06:00:00,Electronics,Credit Card,Regular,6,977.94,0.16,5867.64,938.8224,4928.8176
2026-09-23 12:00:00,Home & Kitchen,Cash,Regular,5,1601.68,0.3,8008.400000000001,2402.52,5605.880000000001
2026-09-23 18:00:00,Beauty,Debit Card,Regular,6,2042.22,0.15,12253.32,1837.9979999999998,10415.322
2026-09-24 00:00:00,Home & Kitchen,Credit Card,Regular,5,777.87,0.03,3889.35,116.6805,3772.6695
2026-09-24 06:00:00,Groceries,UPI,Regular,2,573.62,0.14,1147.24,160.61360000000002,986.6264
2026-09-24 12:00:00,Home & Kitchen,Credit Card,Regular,6,1683.89,0.05,10103.34,505.16700000000003,9598.173
2026-09-24 18:00:00,Clothing,Credit Card,New,7,1692.28,0.18,11845.96,2132.2727999999997,9713.6872
2026-09-25 00:00:00,Home & Kitchen,UPI,Regular,4,2257.77,0.21,9031.08,1896.5267999999999,7134.5532
2026-09-25 06:00:00,Groceries,Credit Card,New,4,89.07,0.14,356.28,49.879200000000004,306.40079999999995
2026-09-25 12:00:00,Groceries,Debit Card,Regular,6,2139.95,0.03,12839.699999999999,385.191,12454.508999999998
2026-09-25 18:00:00,Electronics,Cash,New,3,1326.46,0.14,3979.38,557.1132000000001,3422.2668
2026-09-26 00:00:00,Beauty,UPI,Regular,4,1572.19,0.02,6288.76,125.77520000000001,6162.9848
2026-09-26 06:00:00,Home & Kitchen,Cash,Regular,7,273.86,0.2,1917.02,383.404,1533.616
2026-09-26 12:00:00,Electronics,Debit Card,Regular,3,1109.91,0.24,3329.7300000000005,799.1352,2530.5948000000003
2026-09-26 18:00:00,Beauty,UPI,Regular,4,606.89,0.29,2427.56,703.9924,1723.5675999999999
2026-09-27 00:00:00,Home & Kitchen,Cash,Regular,1,672.85,0.04,672.85,26.914,645.936
2026-09-27 06:00:00,Clothing,Cash,Regular,1,1285.03,0.16,1285.03,205.6048,1079.4252
2026-09-27 12:00:00,Home & Kitchen,Debit Card,New,6,2040.52,0.17,12243.119999999999,2081.3304,10161.7896
2026-09-27 18:00:00,Groceries,Cash,Regular,7,1872.26,0.28,13105.82,3669.6296,9436.1904
2026-09-28 00:00:00,Groceries,Debit Card,Regular,7,1497.95,0.19,10485.65,1992.2735,8493.3765
2026-09-28 06:00:00,Clothing,Credit Card,New,4,1371.57,0.04,5486.28,219.4512,5266.828799999999
2026-09-28 12:00:00,Electronics,Debit Card,Regular,2,1096.9,0.13,2193.8,285.194,1908.6060000000002
2026-09-28 18:00:00,Beauty,Credit Card,New,3,2433.14,0.2,7299.42,1459.884,5839.536
2026-09-29 00:00:00,Home & Kitchen,UPI,Regular,4,1422.47,0.21,5689.88,1194.8748,4495.0052
2026-09-29 06:00:00,Groceries,Cash,New,6,672.22,0.26,4033.32,1048.6632000000002,2984.6567999999997
2026-09-29 12:00:00,Electronics,Debit Card,Regular,3,613.72,0.05,1841.16,92.058,1749.102
2026-09-29 18:00:00,Clothing,Debit Card,New,5,1547.81,0.29,7739.049999999999,2244.3244999999997,5494.7255
2026-09-30 00:00:00,Groceries,Cash,New,6,1330.93,0.02,7985.58,159.7116,7825.8684
2026-09-30 06:00:00,Clothing,Cash,Regular,4,68.86,0.3,275.44,82.63199999999999,192.808
2026-09-30 12:00:00,Home & Kitchen,UPI,Regular,2,2083.66,0.26,4167.32,1083.5031999999999,3083.8167999999996
2026-09-30 18:00:00,Beauty,UPI,Regular,5,1775.1,0.2,8875.5,1775.1000000000001,7100.4
2026-10-01 00:00:00,Groceries,Debit Card,New,6,1671.48,0.22,10028.880000000001,2206.3536000000004,7822.526400000001
2026-10-01 06:00:00,Groceries,UPI,Regular,4,218.51,0.02,874.04,17.4808,856.5591999999999
2026-10-01 12:00:00,Home & Kitchen,Credit Card,Regular,1,937.04,0.01,937.04,9.3704,927.6696
2026-10-01 18:00:00,Electronics,UPI,Regular,7,2341.69,0.03,16391.83,491.7549,15900.075100000002
2026-10-02 00:00:00,Beauty,UPI,Regular,4,2163.34,0.03,8653.36,259.6008,8393.7592
2026-10-02 06:00:00,Groceries,Debit Card,Regular,1,749.58,0.16,749.58,119.93280000000001,629.6472
2026-10-02 12:00:00,Beauty,Credit Card,New,1,434.79,0.06,434.79,26.0874,408.7026
2026-10-02 18:00:00,Groceries,UPI,Regular,6,1150.27,0.26,6901.62,1794.4212,5107.1988
2026-10-03 00:00:00,Beauty,Credit Card,New,4,921.78,0.13,3687.12,479.3256,3207.7943999999998
2026-10-03 06:00:00,Clothing,Credit Card,Regular,7,1721.45,0.21,12050.15,2530.5315,9519.6185
2026-10-03 12:00:00,Groceries,Credit Card,Regular,4,2417.77,0.2,9671.08,1934.2160000000001,7736.864
2026-10-03 18:00:00,Beauty,Cash,Regular,1,939.35,0.1,939.35,93.935,845.415
2026-10-04 00:00:00,Electronics,Cash,Regular,3,202.45,0.07,607.3499999999999,42.5145,564.8354999999999
2026-10-04 06:00:00,Clothing,Cash,New,5,2249.15,0.1,11245.75,1124.575,10121.175
2026-10-04 12:00:00,Clothing,Cash,New,2,142.98,0.24,285.96,68.6304,217.32959999999997
2026-10-04 18:00:00,Electronics,Debit Card,Regular,4,2384.28,0.18,9537.12,1716.6816000000001,7820.438400000001
2026-10-05 00:00:00,Beauty,UPI,Regular,5,1678.22,0.08,8391.1,671.288,7719.812
2026-10-05 06:00:00,Home & Kitchen,Cash,Regular,5,2357.14,0.25,11785.699999999999,2946.4249999999997,8839.275
2026-10-05 12:00:00,Electronics,Debit Card,New,3,539.17,0.02,1617.5099999999998,32.350199999999994,1585.1597999999997
2026-10-05 18:00:00,Beauty,UPI,New,5,149.71,0.21,748.5500000000001,157.1955,591.3545
2026-10-06 00:00:00,Electronics,Cash,New,4,1246.11,0.13,4984.44,647.9771999999999,4336.462799999999
2026-10-06 06:00:00,Electronics,UPI,Regular,6,1154.03,0.22,6924.18,1523.3196,5400.8604000000005
2026-10-06 12:00:00,Groceries,Cash,Regular,6,862.16,0.28,5172.96,1448.4288000000001,3724.5312
2026-10-06 18:00:00,Beauty,Debit Card,Regular,5,2396.26,0.23,11981.300000000001,2755.6990000000005,9225.601
2026-10-07 00:00:00,Home & Kitchen,Credit Card,Regular,4,2065.33,0.13,8261.32,1073.9716,7187.3484
2026-10-07 06:00:00,Groceries,Credit Card,Regular,4,1670.88,0.05,6683.52,334.17600000000004,6349.344
2026-10-07 12:00:00,Electronics,UPI,Regular,1,449.0,0.24,449.0,107.75999999999999,341.24
2026-10-07 18:00:00,Electronics,Debit Card,Regular,3,1849.09,0.14,5547.2699999999995,776.6178,4770.6521999999995
2026-10-08 00:00:00,Electronics,Credit Card,New,7,1831.18,0.02,12818.26,256.3652,12561.8948
2026-10-08 06:00:00,Beauty,Cash,New,2,1091.42,0.22,2182.84,480.2248,1702.6152000000002
2026-10-08 12:00:00,Beauty,Credit Card,Regular,7,2315.73,0.09,16210.11,1458.9099,14751.2001
2026-10-08 18:00:00,Groceries,UPI,Regular,1,459.1,0.01,459.1,4.591,454.509
2026-10-09 00:00:00,Home & Kitchen,UPI,Regular,2,704.98,0.27,1409.96,380.6892,1029.2708
2026-10-09 06:00:00,Groceries,Debit Card,New,7,204.9,0.14,1434.3,200.80200000000002,1233.498
2026-10-09 12:00:00,Clothing,UPI,New,4,1998.85,0.08,7995.4,639.632,7355.768
2026-10-09 18:00:00,Electronics,Credit Card,New,6,1573.31,0.21,9439.86,1982.3706,7457.4894
2026-10-10 00:00:00,Electronics,Credit Card,New,1,821.6,0.27,821.6,221.83200000000002,599.768
2026-10-10 06:00:00,Electronics,Credit Card,Regular,7,451.34,0.0,3159.3799999999997,0.0,3159.3799999999997
2026-10-10 12:00:00,Groceries,Credit Card,Regular,5,148.36,0.21,741.8000000000001,155.77800000000002,586.022
2026-10-10 18:00:00,Groceries,Debit Card,Regular,5,458.53,0.23,2292.6499999999996,527.3095,1765.3404999999998
2026-10-11 00:00:00,Electronics,Cash,Regular,2,1160.55,0.06,2321.1,139.266,2181.834
2026-10-11 06:00:00,Groceries,Cash,New,4,655.58,0.15,2622.32,393.348,2228.972
2026-10-11 12:00:00,Beauty,Debit Card,Regular,6,684.51,0.03,4107.0599999999995,123.21179999999998,3983.8481999999995
2026-10-11 18:00:00,Beauty,UPI,Regular,2,2195.16,0.22,4390.32,965.8703999999999,3424.4496
2026-10-12 00:00:00,Groceries,Cash,Regular,7,1312.09,0.25,9184.63,2296.1575,6888.4725
2026-10-12 06:00:00,Electronics,UPI,New,7,1836.67,0.03,12856.69,385.7007,12470.989300000001
2026-10-12 12:00:00,Groceries,Cash,Regular,6,137.49,0.24,824.94,197.9856,626.9544000000001
2026-10-12 18:00:00,Groceries,UPI,Regular,7,944.65,0.23,6612.55,1520.8865,5091.663500000001
2026-10-13 00:00:00,Groceries,Debit Card,Regular,3,1223.96,0.1,3671.88,367.18800000000005,3304.692
2026-10-13 06:00:00,Clothing,Credit Card,Regular,6,506.72,0.21,3040.32,638.4672,2401.8528
2026-10-13 12:00:00,Beauty,UPI,Regular,5,344.47,0.0,1722.3500000000001,0.0,1722.3500000000001
2026-10-13 18:00:00,Home & Kitchen,Credit Card,New,7,2182.24,0.28,15275.679999999998,4277.1904,10998.489599999997
2026-10-14 00:00:00,Home & Kitchen,UPI,Regular,7,2351.61,0.17,16461.27,2798.4159000000004,13662.8541
2026-10-14 06:00:00,Clothing,UPI,New,1,243.08,0.19,243.08,46.1852,196.8948
2026-10-14 12:00:00,Groceries,UPI,Regular,1,905.1,0.2,905.1,181.02,724.08
2026-10-14 18:00:00,Clothing,UPI,Regular,1,2397.8,0.17,2397.8,407.62600000000003,1990.1740000000002
2026-10-15 00:00:00,Clothing,UPI,New,6,253.75,0.26,1522.5,395.85,1126.65
2026-10-15 06:00:00,Electronics,Credit Card,Regular,5,1626.92,0.18,8134.6,1464.228,6670.372
2026-10-15 12:00:00,Beauty,UPI,Regular,6,2431.94,0.27,14591.64,3939.7428,10651.8972
2026-10-15 18:00:00,Home & Kitchen,Credit Card,New,4,2446.65,0.17,9786.6,1663.7220000000002,8122.878000000001
2026-10-16 00:00:00,Groceries,Debit Card,Regular,5,1204.5,0.05,6022.5,301.125,5721.375
2026-10-16 06:00:00,Home & Kitchen,Cash,New,5,448.74,0.27,2243.7,605.799,1637.9009999999998
2026-10-16 12:00:00,Home & Kitchen,UPI,Regular,6,545.11,0.2,3270.66,654.1320000000001,2616.528
2026-10-16 18:00:00,Beauty,Cash,Regular,6,2229.52,0.21,13377.119999999999,2809.1951999999997,10567.924799999999
2026-10-17 00:00:00,Home & Kitchen,Credit Card,Regular,1,2283.62,0.3,2283.62,685.0859999999999,1598.534
2026-10-17 06:00:00,Home & Kitchen,Debit Card,New,5,1539.31,0.02,7696.549999999999,153.93099999999998,7542.619
2026-10-17 12:00:00,Clothing,Debit Card,Regular,1,1927.13,0.13,1927.13,250.5269,1676.6031
2026-10-17 18:00:00,Beauty,Debit Card,New,4,1862.83,0.07,7451.32,521.5924,6929.7276
2026-10-18 00:00:00,Electronics,Cash,New,3,1671.46,0.19,5014.38,952.7322,4061.6478
2026-10-18 06:00:00,Groceries,Credit Card,Regular,1,2076.83,0.24,2076.83,498.43919999999997,1578.3908
2026-10-18 12:00:00,Home & Kitchen,UPI,Regular,6,1729.25,0.29,10375.5,3008.895,7366.605
2026-10-18 18:00:00,Groceries,UPI,Regular,7,1358.31,0.14,9508.17,1331.1438,8177.0262
2026-10-19 00:00:00,Electronics,Credit Card,Regular,2,630.54,0.24,1261.08,302.6592,958.4207999999999
2026-10-19 06:00:00,Groceries,Cash,Regular,3,1872.53,0.28,5617.59,1572.9252000000001,4044.6648
2026-10-19 12:00:00,Electronics,UPI,Regular,4,1209.92,0.2,4839.68,967.9360000000001,3871.744
2026-10-19 18:00:00,Clothing,Credit Card,New,7,772.24,0.07,5405.68,378.39760000000007,5027.2824
2026-10-20 00:00:00,Home & Kitchen,UPI,New,6,2014.77,0.18,12088.619999999999,2175.9516,9912.668399999999
2026-10-20 06:00:00,Electronics,Debit Card,New,3,1756.95,0.29,5270.85,1528.5465,3742.3035000000004
2026-10-20 12:00:00,Groceries,UPI,New,6,2346.48,0.3,14078.880000000001,4223.664,9855.216
2026-10-20 18:00:00,Home & Kitchen,Cash,Regular,1,455.33,0.19,455.33,86.5127,368.8173
2026-10-21 00:00:00,Clothing,Credit Card,New,7,1640.51,0.27,11483.57,3100.5639,8383.006099999999
2026-10-21 06:00:00,Home & Kitchen,Cash,New,6,648.39,0.06,3890.34,233.4204,3656.9196
2026-10-21 12:00:00,Electronics,Credit Card,Regular,7,2263.78,0.07,15846.460000000001,1109.2522000000001,14737.2078
2026-10-21 18:00:00,Clothing,Debit Card,New,4,293.77,0.29,1175.08,340.7732,834.3068
2026-10-22 00:00:00,Groceries,Credit Card,Regular,2,1657.6,0.04,3315.2,132.608,3182.5919999999996
2026-10-22 06:00:00,Clothing,UPI,Regular,1,1988.16,0.06,1988.16,119.28960000000001,1868.8704
2026-10-22 12:00:00,Clothing,UPI,New,1,919.55,0.13,919.55,119.5415,800.0084999999999
2026-10-22 18:00:00,Beauty,Debit Card,New,7,2387.64,0.18,16713.48,3008.4264,13705.0536
2026-10-23 00:00:00,Clothing,Credit Card,Regular,4,2134.29,0.18,8537.16,1536.6888,7000.4712
2026-10-23 06:00:00,Clothing,Debit Card,New,4,771.81,0.09,3087.24,277.85159999999996,2809.3884
2026-10-23 12:00:00,Home & Kitchen,UPI,Regular,3,68.48,0.28,205.44,57.5232,147.9168
2026-10-23 18:00:00,Groceries,Cash,Regular,2,776.81,0.27,1553.62,419.4774,1134.1426
2026-10-24 00:00:00,Home & Kitchen,Debit Card,New,6,739.21,0.12,4435.26,532.2312000000001,3903.0288
2026-10-24 06:00:00,Home & Kitchen,Cash,Regular,3,2230.41,0.13,6691.23,869.8598999999999,5821.3701
2026-10-24 12:00:00,Electronics,Cash,New,6,2419.45,0.21,14516.699999999999,3048.5069999999996,11468.193
2026-10-24 18:00:00,Home & Kitchen,Credit Card,Regular,6,222.58,0.2,1335.48,267.096,1068.384
2026-10-25 00:00:00,Beauty,Debit Card,Regular,6,1204.67,0.11,7228.02,795.0822000000001,6432.937800000001
2026-10-25 06:00:00,Beauty,Cash,Regular,3,1393.41,0.12,4180.2300000000005,501.62760000000003,3678.6024000000007
2026-10-25 12:00:00,Electronics,Cash,Regular,1,277.63,0.1,277.63,27.763,249.867
2026-10-25 18:00:00,Groceries,Credit Card,Regular,4,974.87,0.07,3899.48,272.96360000000004,3626.5164
2026-10-26 00:00:00,Groceries,Credit Card,New,1,826.85,0.14,826.85,115.75900000000001,711.091
2026-10-26 06:00:00,Home & Kitchen,UPI,Regular,2,1363.34,0.21,2726.68,572.6027999999999,2154.0771999999997
2026-10-26 12:00:00,Home & Kitchen,Cash,New,3,1669.92,0.22,5009.76,1102.1472,3907.6128
2026-10-26 18:00:00,Home & Kitchen,UPI,Regular,2,1773.54,0.23,3547.08,815.8284,2731.2516
2026-10-27 00:00:00,Groceries,Cash,Regular,4,385.05,0.11,1540.2,169.422,1370.778
2026-10-27 06:00:00,Clothing,UPI,Regular,4,2041.72,0.23,8166.88,1878.3824000000002,6288.4976
2026-10-27 12:00:00,Beauty,Credit Card,Regular,5,1712.43,0.0,8562.15,0.0,8562.15
2026-10-27 18:00:00,Clothing,Debit Card,Regular,2,2228.23,0.14,4456.46,623.9044,3832.5556
2026-10-28 00:00:00,Clothing,Credit Card,Regular,1,1150.87,0.24,1150.87,276.20879999999994,874.6612
2026-10-28 06:00:00,Groceries,UPI,Regular,7,2240.03,0.19,15680.210000000001,2979.2399,12700.9701
2026-10-28 12:00:00,Clothing,UPI,Regular,2,2171.15,0.14,4342.3,607.9220000000001,3734.378
2026-10-28 18:00:00,Electronics,Debit Card,Regular,3,1124.1,0.19,3372.2999999999997,640.737,2731.5629999999996
2026-10-29 00:00:00,Home & Kitchen,Cash,Regular,4,983.8,0.27,3935.2,1062.5040000000001,2872.696
2026-10-29 06:00:00,Electronics,UPI,Regular,4,2335.39,0.17,9341.56,1588.0652,7753.4947999999995
2026-10-29 12:00:00,Beauty,UPI,New,2,1802.15,0.24,3604.3,865.032,2739.268
2026-10-29 18:00:00,Home & Kitchen,UPI,Regular,2,2324.2,0.29,4648.4,1348.0359999999998,3300.3639999999996
2026-10-30 00:00:00,Clothing,Debit Card,New,6,2002.59,0.21,12015.539999999999,2523.2634,9492.2766
2026-10-30 06:00:00,Beauty,Credit Card,Regular,2,1542.78,0.17,3085.56,524.5452,2561.0148
2026-10-30 12:00:00,Home & Kitchen,UPI,New,6,333.84,0.01,2003.04,20.0304,1983.0095999999999
2026-10-30 18:00:00,Clothing,Debit Card,Regular,3,764.13,0.11,2292.39,252.16289999999998,2040.2270999999998
2026-10-31 00:00:00,Electronics,UPI,New,3,2423.66,0.17,7270.98,1236.0666,6034.9133999999995
2026-10-31 06:00:00,Home & Kitchen,Cash,Regular,1,832.58,0.24,832.58,199.8192,632.7608
2026-10-31 12:00:00,Clothing,Debit Card,New,2,278.47,0.13,556.94,72.40220000000001,484.53780000000006
2026-10-31 18:00:00,Electronics,UPI,New,1,1783.51,0.29,1783.51,517.2179,1266.2921000000001
2026-11-01 00:00:00,Beauty,Debit Card,New,7,1848.31,0.08,12938.17,1035.0536,11903.1164
2026-11-01 06:00:00,Beauty,UPI,Regular,5,749.37,0.22,3746.85,824.307,2922.5429999999997
2026-11-01 12:00:00,Beauty,Credit Card,Regular,3,779.3,0.13,2337.8999999999996,303.92699999999996,2033.9729999999997
2026-11-01 18:00:00,Beauty,UPI,Regular,4,1198.79,0.15,4795.16,719.274,4075.886
2026-11-02 00:00:00,Groceries,Debit Card,Regular,6,103.38,0.24,620.28,148.8672,471.41279999999995
2026-11-02 06:00:00,Home & Kitchen,Cash,New,5,1983.84,0.09,9919.199999999999,892.7279999999998,9026.472
2026-11-02 12:00:00,Home & Kitchen,Cash,Regular,4,826.87,0.03,3307.48,99.2244,3208.2556
2026-11-02 18:00:00,Groceries,Cash,Regular,5,2141.72,0.16,10708.599999999999,1713.3759999999997,8995.223999999998
2026-11-03 00:00:00,Clothing,UPI,Regular,1,2016.44,0.16,2016.44,322.6304,1693.8096
2026-11-03 06:00:00,Clothing,Credit Card,Regular,1,1670.43,0.24,1670.43,400.9032,1269.5268
2026-11-03 12:00:00,Beauty,UPI,Regular,6,845.94,0.29,5075.64,1471.9356,3603.7044000000005
2026-11-03 18:00:00,Electronics,Cash,New,3,1314.98,0.02,3944.94,78.89880000000001,3866.0412
2026-11-04 00:00:00,Clothing,Debit Card,Regular,7,1139.83,0.18,7978.8099999999995,1436.1857999999997,6542.6242
2026-11-04 06:00:00,Electronics,Cash,Regular,6,880.26,0.2,5281.5599999999995,1056.312,4225.248
2026-11-04 12:00:00,Home & Kitchen,Debit Card,Regular,7,2127.93,0.3,14895.509999999998,4468.652999999999,10426.857
2026-11-04 18:00:00,Electronics,Credit Card,Regular,4,1234.59,0.28,4938.36,1382.7408,3555.6191999999996
2026-11-05 00:00:00,Home & Kitchen,Debit Card,Regular,5,2090.17,0.21,10450.85,2194.6785,8256.1715
2026-11-05 06:00:00,Groceries,UPI,New,6,307.79,0.16,1846.7400000000002,295.4784,1551.2616000000003
2026-11-05 12:00:00,Groceries,UPI,New,7,395.51,0.05,2768.5699999999997,138.42849999999999,2630.1414999999997
2026-11-05 18:00:00,Beauty,UPI,New,2,2444.43,0.12,4888.86,586.6632,4302.1968
2026-11-06 00:00:00,Clothing,Debit Card,New,2,1490.03,0.18,2980.06,536.4108,2443.6492
2026-11-06 06:00:00,Beauty,UPI,Regular,3,1298.94,0.22,3896.82,857.3004000000001,3039.5196
2026-11-06 12:00:00,Home & Kitchen,UPI,New,7,1331.73,0.19,9322.11,1771.2009,7550.909100000001
2026-11-06 18:00:00,Beauty,UPI,New,6,577.41,0.21,3464.46,727.5366,2736.9234
2026-11-07 00:00:00,Electronics,Credit Card,New,4,1810.82,0.13,7243.28,941.6264,6301.6536
2026-11-07 06:00:00,Home & Kitchen,Debit Card,Regular,2,257.71,0.22,515.42,113.3924,402.02759999999995
2026-11-07 12:00:00,Groceries,Debit Card,New,3,1454.64,0.04,4363.92,174.5568,4189.3632
2026-11-07 18:00:00,Clothing,Cash,New,6,1448.38,0.05,8690.28,434.51400000000007,8255.766000000001
2026-11-08 00:00:00,Home & Kitchen,Debit Card,New,3,2289.76,0.05,6869.280000000001,343.46400000000006,6525.816000000001
2026-11-08 06:00:00,Home & Kitchen,Credit Card,Regular,4,1339.15,0.27,5356.6,1446.2820000000002,3910.318
2026-11-08 12:00:00,Electronics,Debit Card,New,2,385.8,0.02,771.6,15.432,756.168
2026-11-08 18:00:00,Clothing,Credit Card,New,2,1453.25,0.24,2906.5,697.56,2208.94
2026-11-09 00:00:00,Groceries,Credit Card,New,2,273.75,0.07,547.5,38.325,509.175
2026-11-09 06:00:00,Home & Kitchen,Debit Card,Regular,7,549.29,0.14,3845.0299999999997,538.3042,3306.7257999999997
2026-11-09 12:00:00,Home & Kitchen,Cash,New,1,126.22,0.27,126.22,34.0794,92.1406
2026-11-09 18:00:00,Electronics,UPI,Regular,7,1307.57,0.18,9152.99,1647.5382,7505.4518
2026-11-10 00:00:00,Beauty,UPI,Regular,2,257.1,0.06,514.2,30.852,483.34800000000007
2026-11-10 06:00:00,Groceries,Debit Card,Regular,5,1200.02,0.09,6000.1,540.009,5460.091
2026-11-10 12:00:00,Clothing,Debit Card,New,1,2335.72,0.28,2335.72,654.0016,1681.7183999999997
2026-11-10 18:00:00,Home & Kitchen,Credit Card,Regular,6,1813.42,0.13,10880.52,1414.4676000000002,9466.0524
2026-11-11 00:00:00,Home & Kitchen,Debit Card,Regular,7,239.66,0.18,1677.62,301.97159999999997,1375.6484
2026-11-11 06:00:00,Groceries,Credit Card,New,1,599.31,0.14,599.31,83.9034,515.4065999999999
2026-11-11 12:00:00,Beauty,Cash,New,1,1700.47,0.11,1700.47,187.0517,1513.4183
2026-11-11 18:00:00,Home & Kitchen,Debit Card,Regular,7,2242.02,0.07,15694.14,1098.5898,14595.5502
2026-11-12 00:00:00,Groceries,UPI,New,7,130.65,0.21,914.5500000000001,192.0555,722.4945
2026-11-12 06:00:00,Electronics,UPI,New,1,2040.51,0.22,2040.51,448.9122,1591.5978
2026-11-12 12:00:00,Beauty,Debit Card,Regular,3,1426.44,0.08,4279.32,342.3456,3936.9743999999996
2026-11-12 18:00:00,Clothing,Credit Card,Regular,5,1387.92,0.24,6939.6,1665.5040000000001,5274.0960000000005
2026-11-13 00:00:00,Home & Kitchen,UPI,Regular,4,2396.64,0.26,9586.56,2492.5056,7094.054399999999
2026-11-13 06:00:00,Groceries,Credit Card,Regular,2,1881.73,0.28,3763.46,1053.7688,2709.6912
2026-11-13 12:00:00,Electronics,Debit Card,Regular,7,2132.79,0.05,14929.529999999999,746.4765,14183.053499999998
2026-11-13 18:00:00,Clothing,Debit Card,New,1,917.29,0.09,917.29,82.5561,834.7339
2026-11-14 00:00:00,Groceries,UPI,New,4,1408.19,0.26,5632.76,1464.5176000000001,4168.2424
2026-11-14 06:00:00,Groceries,Debit Card,Regular,7,1557.74,0.06,10904.18,654.2508,10249.9292
2026-11-14 12:00:00,Clothing,Cash,Regular,3,837.88,0.0,2513.64,0.0,2513.64
2026-11-14 18:00:00,Electronics,Cash,Regular,4,1447.11,0.26,5788.44,1504.9944,4283.445599999999
2026-11-15 00:00:00,Electronics,UPI,Regular,1,629.81,0.1,629.81,62.980999999999995,566.829
2026-11-15 06:00:00,Beauty,Cash,Regular,6,401.27,0.12,2407.62,288.9144,2118.7056
2026-11-15 12:00:00,Home & Kitchen,Credit Card,New,5,966.23,0.13,4831.15,628.0495,4203.1005
2026-11-15 18:00:00,Clothing,UPI,New,4,1861.26,0.25,7445.04,1861.26,5583.78
2026-11-16 00:00:00,Clothing,UPI,Regular,7,2294.66,0.1,16062.619999999999,1606.262,14456.357999999998
2026-11-16 06:00:00,Clothing,Credit Card,New,1,1171.4,0.27,1171.4,316.278,855.1220000000001
2026-11-16 12:00:00,Electronics,Cash,Regular,7,1624.92,0.19,11374.44,2161.1436000000003,9213.2964
2026-11-16 18:00:00,Home & Kitchen,Cash,New,1,302.44,0.16,302.44,48.3904,254.0496
2026-11-17 00:00:00,Beauty,Cash,Regular,2,2265.94,0.1,4531.88,453.18800000000005,4078.692
2026-11-17 06:00:00,Groceries,UPI,Regular,6,1443.08,0.07,8658.48,606.0936,8052.386399999999
2026-11-17 12:00:00,Groceries,UPI,New,2,1961.83,0.19,3923.66,745.4954,3178.1646
2026-11-17 18:00:00,Clothing,Cash,Regular,6,1996.38,0.13,11978.28,1557.1764,10421.1036
2026-11-18 00:00:00,Home & Kitchen,Debit Card,New,5,678.38,0.27,3391.9,915.8130000000001,2476.087
2026-11-18 06:00:00,Electronics,Cash,Regular,2,1346.48,0.15,2692.96,403.944,2289.016
2026-11-18 12:00:00,Home & Kitchen,Credit Card,Regular,5,2403.18,0.15,12015.9,1802.385,10213.515
2026-11-18 18:00:00,Home & Kitchen,UPI,Regular,7,269.6,0.13,1887.2000000000003,245.33600000000004,1641.8640000000003
2026-11-19 00:00:00,Electronics,Credit Card,Regular,3,1723.47,0.24,5170.41,1240.8983999999998,3929.5116
2026-11-19 06:00:00,Clothing,Credit Card,New,3,2407.55,0.13,7222.650000000001,938.9445000000001,6283.7055
2026-11-19 12:00:00,Home & Kitchen,UPI,Regular,6,786.41,0.08,4718.46,377.4768,4340.9832
2026-11-19 18:00:00,Groceries,Debit Card,New,6,2160.55,0.26,12963.300000000001,3370.4580000000005,9592.842
2026-11-20 00:00:00,Electronics,Cash,New,2,2337.46,0.18,4674.92,841.4856,3833.4344
2026-11-20 06:00:00,Beauty,Credit Card,New,3,1880.36,0.18,5641.08,1015.3943999999999,4625.6856
2026-11-20 12:00:00,Clothing,UPI,Regular,4,616.75,0.18,2467.0,444.06,2022.94
2026-11-20 18:00:00,Electronics,Credit Card,New,4,868.3,0.22,3473.2,764.1039999999999,2709.096
2026-11-21 00:00:00,Beauty,Cash,Regular,7,137.73,0.09,964.1099999999999,86.76989999999999,877.3400999999999
2026-11-21 06:00:00,Beauty,Debit Card,Regular,4,2087.06,0.01,8348.24,83.4824,8264.757599999999
2026-11-21 12:00:00,Home & Kitchen,Debit Card,Regular,7,2131.55,0.24,14920.850000000002,3581.0040000000004,11339.846000000001
2026-11-21 18:00:00,Home & Kitchen,Debit Card,Regular,3,1600.14,0.04,4800.42,192.01680000000002,4608.4032
2026-11-22 00:00:00,Home & Kitchen,UPI,Regular,4,913.69,0.22,3654.76,804.0472000000001,2850.7128000000002
2026-11-22 06:00:00,Electronics,UPI,Regular,5,238.19,0.02,1190.95,23.819000000000003,1167.131
2026-11-22 12:00:00,Electronics,Debit Card,Regular,1,1894.99,0.11,1894.99,208.4489,1686.5411
2026-11-22 18:00:00,Clothing,Cash,Regular,6,1829.99,0.02,10979.94,219.5988,10760.3412
2026-11-23 00:00:00,Home & Kitchen,Cash,New,2,2285.88,0.16,4571.76,731.4816000000001,3840.2784
2026-11-23 06:00:00,Beauty,UPI,Regular,7,1839.8,0.2,12878.6,2575.7200000000003,10302.880000000001
2026-11-23 12:00:00,Groceries,Debit Card,Regular,5,2080.3,0.05,10401.5,520.075,9881.425
2026-11-23 18:00:00,Clothing,Cash,Regular,4,1877.59,0.11,7510.36,826.1396,6684.2204
2026-11-24 00:00:00,Electronics,Cash,New,1,1595.18,0.28,1595.18,446.65040000000005,1148.5296
2026-11-24 06:00:00,Clothing,Cash,Regular,2,1096.07,0.13,2192.14,284.9782,1907.1617999999999
2026-11-24 12:00:00,Clothing,UPI,Regular,5,2260.19,0.24,11300.95,2712.228,8588.722000000002
2026-11-24 18:00:00,Clothing,Debit Card,Regular,2,1644.87,0.28,3289.74,921.1272,2368.6128
2026-11-25 00:00:00,Clothing,Credit Card,New,7,1025.97,0.29,7181.79,2082.7191,5099.070900000001
2026-11-25 06:00:00,Groceries,Debit Card,Regular,7,254.5,0.27,1781.5,481.00500000000005,1300.495
2026-11-25 12:00:00,Home & Kitchen,Debit Card,New,6,762.23,0.1,4573.38,457.338,4116.042
2026-11-25 18:00:00,Beauty,UPI,Regular,3,1382.13,0.29,4146.39,1202.4531,2943.9369000000006
2026-11-26 00:00:00,Clothing,Cash,Regular,7,725.31,0.24,5077.17,1218.5208,3858.6492
2026-11-26 06:00:00,Clothing,Cash,Regular,4,592.03,0.25,2368.12,592.03,1776.09
2026-11-26 12:00:00,Clothing,UPI,Regular,5,1342.11,0.0,6710.549999999999,0.0,6710.549999999999
2026-11-26 18:00:00,Home & Kitchen,UPI,Regular,5,466.06,0.29,2330.3,675.787,1654.5130000000001
2026-11-27 00:00:00,Electronics,UPI,Regular,1,2011.0,0.23,2011.0,462.53000000000003,1548.47
2026-11-27 06:00:00,Electronics,UPI,Regular,1,1236.7,0.23,1236.7,284.44100000000003,952.259
2026-11-27 12:00:00,Groceries,UPI,New,1,1455.96,0.02,1455.96,29.119200000000003,1426.8408
2026-11-27 18:00:00,Electronics,Credit Card,Regular,2,411.09,0.07,822.18,57.552600000000005,764.6274
2026-11-28 00:00:00,Clothing,Debit Card,New,4,845.21,0.29,3380.84,980.4436,2400.3964
2026-11-28 06:00:00,Clothing,Debit Card,Regular,2,1054.72,0.15,2109.44,316.416,1793.0240000000001
2026-11-28 12:00:00,Clothing,Debit Card,Regular,4,2030.12,0.12,8120.48,974.4576,7146.0224
2026-11-28 18:00:00,Groceries,Cash,Regular,5,1936.89,0.25,9684.45,2421.1125,7263.337500000001
2026-11-29 00:00:00,Clothing,Credit Card,Regular,7,596.29,0.03,4174.03,125.22089999999999,4048.8091
2026-11-29 06:00:00,Electronics,Debit Card,Regular,7,1559.64,0.13,10917.480000000001,1419.2724000000003,9498.207600000002
2026-11-29 12:00:00,Home & Kitchen,Cash,Regular,2,646.47,0.11,1292.94,142.2234,1150.7166
2026-11-29 18:00:00,Home & Kitchen,Credit Card,New,2,2471.21,0.1,4942.42,494.242,4448.178
2026-11-30 00:00:00,Beauty,Credit Card,New,2,2382.7,0.09,4765.4,428.88599999999997,4336.513999999999
2026-11-30 06:00:00,Electronics,Cash,Regular,3,1430.0,0.06,4290.0,257.4,4032.6
2026-11-30 12:00:00,Clothing,Credit Card,New,6,1762.31,0.05,10573.86,528.6930000000001,10045.167000000001
2026-11-30 18:00:00,Home & Kitchen,Cash,New,4,2013.5,0.19,8054.0,1530.26,6523.74
2026-12-01 00:00:00,Electronics,Debit Card,Regular,7,1816.45,0.28,12715.15,3560.242,9154.908
2026-12-01 06:00:00,Home & Kitchen,Cash,New,4,1764.58,0.15,7058.32,1058.7479999999998,5999.572
2026-12-01 12:00:00,Clothing,Credit Card,Regular,2,2398.46,0.09,4796.92,431.7228,4365.1972000000005
2026-12-01 18:00:00,Home & Kitchen,Debit Card,Regular,3,1511.32,0.05,4533.96,226.698,4307.262
2026-12-02 00:00:00,Beauty,Debit Card,Regular,2,1608.94,0.25,3217.88,804.47,2413.41
2026-12-02 06:00:00,Beauty,UPI,Regular,4,2130.71,0.29,8522.84,2471.6236,6051.2164
2026-12-02 12:00:00,Home & Kitchen,UPI,Regular,6,1691.23,0.1,10147.380000000001,1014.7380000000002,9132.642000000002
2026-12-02 18:00:00,Electronics,Credit Card,Regular,7,1845.68,0.09,12919.76,1162.7784,11756.981600000001
2026-12-03 00:00:00,Electronics,Cash,New,6,623.71,0.18,3742.26,673.6068,3068.6532
2026-12-03 06:00:00,Electronics,Cash,New,5,959.6,0.23,4798.0,1103.54,3694.46
2026-12-03 12:00:00,Home & Kitchen,Credit Card,New,3,410.89,0.14,1232.67,172.57380000000003,1060.0962
2026-12-03 18:00:00,Electronics,Debit Card,New,6,1289.13,0.19,7734.780000000001,1469.6082000000001,6265.1718
2026-12-04 00:00:00,Clothing,Credit Card,New,3,1166.53,0.21,3499.59,734.9139,2764.6761
2026-12-04 06:00:00,Beauty,Credit Card,Regular,2,2493.05,0.29,4986.1,1445.969,3540.1310000000003
2026-12-04 12:00:00,Clothing,Debit Card,Regular,5,1547.46,0.05,7737.3,386.865,7350.435
2026-12-04 18:00:00,Electronics,Cash,Regular,4,1976.79,0.3,7907.16,2372.1479999999997,5535.012000000001
2026-12-05 00:00:00,Clothing,Credit Card,New,6,868.34,0.12,5210.04,625.2048,4584.8351999999995
2026-12-05 06:00:00,Electronics,Cash,Regular,6,2087.29,0.22,12523.74,2755.2228,9768.5172
2026-12-05 12:00:00,Home & Kitchen,Credit Card,New,1,1556.96,0.17,1556.96,264.6832,1292.2768
2026-12-05 18:00:00,Clothing,Debit Card,Regular,7,1757.63,0.15,12303.41,1845.5114999999998,10457.8985
2026-12-06 00:00:00,Home & Kitchen,Debit Card,Regular,4,771.36,0.21,3085.44,647.9424,2437.4976
2026-12-06 06:00:00,Home & Kitchen,UPI,New,6,1394.16,0.12,8364.960000000001,1003.7952,7361.1648000000005
2026-12-06 12:00:00,Groceries,Debit Card,Regular,6,1603.39,0.04,9620.34,384.8136,9235.5264
2026-12-06 18:00:00,Electronics,UPI,Regular,4,1493.28,0.15,5973.12,895.968,5077.152
2026-12-07 00:00:00,Beauty,Credit Card,Regular,5,2292.22,0.16,11461.099999999999,1833.7759999999998,9627.323999999999
2026-12-07 06:00:00,Electronics,Cash,Regular,3,2250.77,0.06,6752.3099999999995,405.13859999999994,6347.171399999999
2026-12-07 12:00:00,Beauty,Debit Card,New,4,2428.91,0.28,9715.64,2720.3792000000003,6995.260799999999
2026-12-07 18:00:00,Electronics,Debit Card,Regular,3,1685.2,0.07,5055.6,353.89200000000005,4701.7080000000005
2026-12-08 00:00:00,Home & Kitchen,Debit Card,Regular,5,2431.19,0.12,12155.95,1458.714,10697.236
2026-12-08 06:00:00,Clothing,Credit Card,Regular,5,2089.57,0.05,10447.85,522.3925,9925.4575
2026-12-08 12:00:00,Clothing,UPI,New,2,713.54,0.16,1427.08,228.3328,1198.7472
2026-12-08 18:00:00,Groceries,Credit Card,Regular,1,1097.22,0.09,1097.22,98.7498,998.4702
2026-12-09 00:00:00,Beauty,Cash,Regular,5,634.06,0.15,3170.2999999999997,475.54499999999996,2694.7549999999997
2026-12-09 06:00:00,Beauty,Credit Card,New,5,60.28,0.07,301.4,21.098,280.30199999999996
2026-12-09 12:00:00,Beauty,Cash,Regular,3,510.72,0.02,1532.16,30.643200000000004,1501.5168
2026-12-09 18:00:00,Home & Kitchen,Debit Card,New,5,59.95,0.23,299.75,68.94250000000001,230.8075
2026-12-10 00:00:00,Beauty,Cash,Regular,4,1813.6,0.19,7254.4,1378.336,5876.063999999999
2026-12-10 06:00:00,Clothing,Cash,Regular,2,1092.56,0.1,2185.12,218.512,1966.608
2026-12-10 12:00:00,Home & Kitchen,UPI,Regular,2,815.81,0.01,1631.62,16.3162,1615.3038
2026-12-10 18:00:00,Electronics,Cash,New,4,1916.22,0.26,7664.88,1992.8688000000002,5672.0112
2026-12-11 00:00:00,Beauty,Cash,New,6,2089.59,0.05,12537.54,626.8770000000001,11910.663
2026-12-11 06:00:00,Beauty,Credit Card,Regular,5,2439.48,0.28,12197.4,3415.2720000000004,8782.127999999999
2026-12-11 12:00:00,Electronics,Debit Card,Regular,7,1622.93,0.14,11360.51,1590.4714000000001,9770.0386
2026-12-11 18:00:00,Beauty,Credit Card,New,1,1180.75,0.1,1180.75,118.075,1062.675
2026-12-12 00:00:00,Electronics,Credit Card,New,5,797.9,0.22,3989.5,877.69,3111.81
2026-12-12 06:00:00,Home & Kitchen,Debit Card,New,2,594.68,0.26,1189.36,309.23359999999997,880.1263999999999
2026-12-12 12:00:00,Clothing,Debit Card,Regular,1,571.67,0.11,571.67,62.8837,508.7863
2026-12-12 18:00:00,Electronics,Cash,New,7,1052.51,0.12,7367.57,884.1084,6483.4616
2026-12-13 00:00:00,Groceries,Cash,Regular,6,2479.88,0.13,14879.28,1934.3064000000002,12944.973600000001
2026-12-13 06:00:00,Electronics,UPI,Regular,3,52.09,0.28,156.27,43.75560000000001,112.5144
2026-12-13 12:00:00,Beauty,Credit Card,Regular,3,533.15,0.21,1599.4499999999998,335.88449999999995,1263.5655
2026-12-13 18:00:00,Home & Kitchen,Debit Card,New,7,511.56,0.07,3580.92,250.66440000000003,3330.2556
2026-12-14 00:00:00,Home & Kitchen,Cash,Regular,5,1806.94,0.06,9034.7,542.082,8492.618
2026-12-14 06:00:00,Electronics,Debit Card,Regular,5,913.59,0.07,4567.95,319.7565,4248.193499999999
2026-12-14 12:00:00,Clothing,Cash,New,1,1170.29,0.08,1170.29,93.6232,1076.6668
2026-12-14 18:00:00,Groceries,UPI,Regular,1,414.13,0.07,414.13,28.989100000000004,385.1409
2026-12-15 00:00:00,Home & Kitchen,UPI,New,6,1042.24,0.2,6253.4400000000005,1250.688,5002.752
2026-12-15 06:00:00,Beauty,Debit Card,New,5,302.84,0.03,1514.1999999999998,45.425999999999995,1468.774
2026-12-15 12:00:00,Beauty,UPI,Regular,2,1355.96,0.12,2711.92,325.4304,2386.4896
2026-12-15 18:00:00,Clothing,Debit Card,New,3,289.95,0.19,869.8499999999999,165.27149999999997,704.5785
2026-12-16 00:00:00,Home & Kitchen,Cash,New,6,1986.75,0.09,11920.5,1072.845,10847.655
2026-12-16 06:00:00,Electronics,Credit Card,New,1,1438.17,0.02,1438.17,28.7634,1409.4066
2026-12-16 12:00:00,Beauty,UPI,New,2,1823.72,0.02,3647.44,72.9488,3574.4912
2026-12-16 18:00:00,Clothing,Cash,New,5,1075.37,0.04,5376.849999999999,215.07399999999998,5161.776
2026-12-17 00:00:00,Home & Kitchen,Credit Card,Regular,4,984.65,0.25,3938.6,984.65,2953.95
2026-12-17 06:00:00,Home & Kitchen,Credit Card,Regular,1,290.61,0.2,290.61,58.12200000000001,232.488
2026-12-17 12:00:00,Home & Kitchen,Credit Card,New,6,1333.45,0.02,8000.700000000001,160.014,7840.686000000001
2026-12-17 18:00:00,Home & Kitchen,Cash,Regular,4,1310.53,0.12,5242.12,629.0544,4613.0656
2026-12-18 00:00:00,Home & Kitchen,Cash,Regular,2,1196.85,0.08,2393.7,191.49599999999998,2202.2039999999997
2026-12-18 06:00:00,Beauty,Debit Card,New,7,1864.27,0.17,13049.89,2218.4813,10831.4087
2026-12-18 12:00:00,Clothing,Credit Card,New,3,2089.64,0.16,6268.92,1003.0272,5265.8928
2026-12-18 18:00:00,Home & Kitchen,Credit Card,Regular,7,1889.43,0.14,13226.01,1851.6414000000002,11374.3686
2026-12-19 00:00:00,Groceries,Credit Card,New,7,402.47,0.09,2817.29,253.5561,2563.7339
2026-12-19 06:00:00,Groceries,Debit Card,New,7,1574.05,0.04,11018.35,440.73400000000004,10577.616
2026-12-19 12:00:00,Clothing,Credit Card,Regular,2,246.79,0.22,493.58,108.5876,384.9924
2026-12-19 18:00:00,Electronics,Cash,New,3,1751.82,0.26,5255.46,1366.4196,3889.0404
2026-12-20 00:00:00,Electronics,Credit Card,Regular,2,985.51,0.28,1971.02,551.8856000000001,1419.1344
2026-12-20 06:00:00,Electronics,UPI,Regular,7,374.62,0.02,2622.34,52.4468,2569.8932
2026-12-20 12:00:00,Groceries,Cash,Regular,1,2162.02,0.22,2162.02,475.6444,1686.3755999999998
2026-12-20 18:00:00,Electronics,Debit Card,Regular,7,1554.32,0.22,10880.24,2393.6528,8486.5872
2026-12-21 00:00:00,Beauty,Credit Card,Regular,1,919.08,0.28,919.08,257.34240000000005,661.7375999999999
2026-12-21 06:00:00,Home & Kitchen,UPI,New,6,125.28,0.08,751.6800000000001,60.13440000000001,691.5456
2026-12-21 12:00:00,Groceries,Debit Card,New,7,1366.41,0.22,9564.87,2104.2714,7460.598600000001
2026-12-21 18:00:00,Clothing,Debit Card,Regular,4,2311.9,0.02,9247.6,184.952,9062.648000000001
2026-12-22 00:00:00,Clothing,Cash,New,2,1511.13,0.19,3022.26,574.2294,2448.0306
2026-12-22 06:00:00,Home & Kitchen,Debit Card,Regular,7,2430.54,0.11,17013.78,1871.5158,15142.2642
2026-12-22 12:00:00,Groceries,Debit Card,Regular,2,384.31,0.23,768.62,176.7826,591.8374
2026-12-22 18:00:00,Electronics,Debit Card,New,7,1442.35,0.26,10096.449999999999,2625.0769999999998,7471.373
2026-12-23 00:00:00,Electronics,Debit Card,Regular,4,2005.41,0.11,8021.64,882.3804,7139.2596
2026-12-23 06:00:00,Beauty,Credit Card,Regular,7,1337.57,0.16,9362.99,1498.0784,7864.911599999999
2026-12-23 12:00:00,Beauty,Credit Card,New,5,273.11,0.04,1365.5500000000002,54.62200000000001,1310.928
2026-12-23 18:00:00,Electronics,Credit Card,Regular,6,1478.07,0.13,8868.42,1152.8946,7715.5254
2026-12-24 00:00:00,Clothing,Credit Card,New,2,1548.76,0.11,3097.52,340.7272,2756.7928
2026-12-24 06:00:00,Clothing,UPI,Regular,6,1835.34,0.05,11012.039999999999,550.602,10461.437999999998
2026-12-24 12:00:00,Beauty,Credit Card,Regular,2,1914.97,0.27,3829.94,1034.0838,2795.8562
2026-12-24 18:00:00,Home & Kitchen,Debit Card,Regular,2,1938.39,0.04,3876.78,155.0712,3721.7088000000003
2026-12-25 00:00:00,Electronics,Credit Card,Regular,5,1675.44,0.19,8377.2,1591.6680000000001,6785.532000000001
2026-12-25 06:00:00,Beauty,Credit Card,Regular,7,578.74,0.27,4051.1800000000003,1093.8186,2957.3614000000002
2026-12-25 12:00:00,Beauty,Cash,Regular,1,1040.38,0.27,1040.38,280.90260000000006,759.4774
2026-12-25 18:00:00,Electronics,Debit Card,New,6,1951.52,0.24,11709.119999999999,2810.1887999999994,8898.931199999999
2026-12-26 00:00:00,Electronics,Credit Card,New,4,2385.9,0.05,9543.6,477.18000000000006,9066.42
2026-12-26 06:00:00,Clothing,Credit Card,Regular,6,243.42,0.25,1460.52,365.13,1095.3899999999999
2026-12-26 12:00:00,Home & Kitchen,Credit Card,Regular,7,1362.06,0.08,9534.42,762.7536,8771.6664
2026-12-26 18:00:00,Home & Kitchen,UPI,Regular,5,815.68,0.28,4078.3999999999996,1141.952,2936.4479999999994
2026-12-27 00:00:00,Electronics,Credit Card,New,3,602.22,0.21,1806.66,379.3986,1427.2614
2026-12-27 06:00:00,Groceries,Cash,New,3,1289.24,0.24,3867.7200000000003,928.2528,2939.4672
2026-12-27 12:00:00,Beauty,Debit Card,Regular,5,1534.92,0.03,7674.6,230.238,7444.362
2026-12-27 18:00:00,Beauty,Debit Card,New,7,73.94,0.17,517.5799999999999,87.98859999999999,429.5913999999999
2026-12-28 00:00:00,Electronics,Credit Card,Regular,5,1961.51,0.25,9807.55,2451.8875,7355.662499999999
2026-12-28 06:00:00,Groceries,Credit Card,Regular,1,2058.71,0.26,2058.71,535.2646,1523.4454
2026-12-28 12:00:00,Clothing,Credit Card,Regular,6,2415.5,0.01,14493.0,144.93,14348.07
2026-12-28 18:00:00,Electronics,Debit Card,Regular,7,492.58,0.28,3448.06,965.4568,2482.6032
2026-12-29 00:00:00,Electronics,Debit Card,Regular,6,1506.65,0.01,9039.900000000001,90.39900000000002,8949.501000000002
2026-12-29 06:00:00,Beauty,UPI,Regular,3,1095.23,0.18,3285.69,591.4242,2694.2658
2026-12-29 12:00:00,Electronics,Cash,New,7,870.33,0.21,6092.31,1279.3851,4812.9249
2026-12-29 18:00:00,Electronics,UPI,Regular,4,1435.8,0.03,5743.2,172.296,5570.9039999999995
2026-12-30 00:00:00,Electronics,Cash,Regular,6,1966.84,0.01,11801.039999999999,118.01039999999999,11683.0296
2026-12-30 06:00:00,Beauty,UPI,Regular,2,106.48,0.24,212.96,51.1104,161.8496
2026-12-30 12:00:00,Clothing,Debit Card,Regular,2,2425.03,0.12,4850.06,582.0072,4268.0528
2026-12-30 18:00:00,Clothing,UPI,Regular,1,2034.21,0.03,2034.21,61.0263,1973.1837
2026-12-31 00:00:00,Electronics,Cash,Regular,7,1890.33,0.23,13232.31,3043.4313,10188.8787
2026-12-31 06:00:00,Beauty,Credit Card,Regular,1,1912.95,0.25,1912.95,478.2375,1434.7125
2026-12-31 12:00:00,Clothing,Cash,Regular,7,1003.2,0.18,7022.400000000001,1264.0320000000002,5758.368
2026-12-31 18:00:00,Clothing,Credit Card,Regular,3,1891.47,0.05,5674.41,283.7205,5390.6894999999995
2027-01-01 00:00:00,Clothing,Debit Card,Regular,4,997.59,0.0,3990.36,0.0,3990.36
2027-01-01 06:00:00,Beauty,Cash,New,4,2251.83,0.21,9007.32,1891.5371999999998,7115.7828
2027-01-01 12:00:00,Beauty,UPI,New,5,484.19,0.17,2420.95,411.5615,2009.3884999999998
2027-01-01 18:00:00,Electronics,Cash,Regular,1,766.25,0.2,766.25,153.25,613.0
2027-01-02 00:00:00,Home & Kitchen,Credit Card,Regular,7,1400.78,0.24,9805.46,2353.3104,7452.149599999999
2027-01-02 06:00:00,Clothing,Debit Card,Regular,6,832.07,0.13,4992.42,649.0146000000001,4343.4054
2027-01-02 12:00:00,Home & Kitchen,UPI,Regular,2,1089.38,0.04,2178.76,87.1504,2091.6096000000002
2027-01-02 18:00:00,Beauty,Cash,Regular,6,1256.44,0.28,7538.64,2110.8192000000004,5427.8207999999995
2027-01-03 00:00:00,Beauty,Credit Card,Regular,2,2148.07,0.16,4296.14,687.3824000000001,3608.7576000000004
2027-01-03 06:00:00,Beauty,UPI,Regular,3,1331.82,0.18,3995.46,719.1827999999999,3276.2772
2027-01-03 12:00:00,Home & Kitchen,Debit Card,New,2,938.03,0.28,1876.06,525.2968000000001,1350.7631999999999
2027-01-03 18:00:00,Beauty,UPI,Regular,6,656.95,0.28,3941.7000000000003,1103.6760000000002,2838.0240000000003
2027-01-04 00:00:00,Electronics,Debit Card,Regular,6,1051.26,0.17,6307.5599999999995,1072.2852,5235.274799999999
2027-01-04 06:00:00,Beauty,UPI,Regular,4,1313.55,0.09,5254.2,472.878,4781.322
2027-01-04 12:00:00,Groceries,Cash,New,7,1877.98,0.3,13145.86,3943.758,9202.102
2027-01-04 18:00:00,Home & Kitchen,Credit Card,New,4,346.57,0.2,1386.28,277.25600000000003,1109.024
2027-01-05 00:00:00,Groceries,Cash,Regular,1,592.94,0.12,592.94,71.1528,521.7872000000001
2027-01-05 06:00:00,Beauty,Cash,New,6,980.15,0.17,5880.9,999.753,4881.147
2027-01-05 12:00:00,Electronics,Debit Card,Regular,7,932.98,0.12,6530.860000000001,783.7032,5747.156800000001
2027-01-05 18:00:00,Clothing,Debit Card,New,3,1009.78,0.27,3029.34,817.9218000000001,2211.4182
2027-01-06 00:00:00,Beauty,Debit Card,New,2,1994.13,0.14,3988.26,558.3564000000001,3429.9036
2027-01-06 06:00:00,Electronics,Cash,Regular,1,844.18,0.25,844.18,211.045,633.135
2027-01-06 12:00:00,Home & Kitchen,UPI,New,5,1279.65,0.25,6398.25,1599.5625,4798.6875
2027-01-06 18:00:00,Groceries,UPI,Regular,5,1578.57,0.25,7892.849999999999,1973.2124999999999,5919.6375
2027-01-07 00:00:00,Groceries,Cash,Regular,7,618.84,0.22,4331.88,953.0136,3378.8664
2027-01-07 06:00:00,Groceries,Cash,Regular,2,1810.8,0.26,3621.6,941.616,2679.984
2027-01-07 12:00:00,Home & Kitchen,Credit Card,New,2,1390.42,0.12,2780.84,333.7008,2447.1392
2027-01-07 18:00:00,Electronics,Debit Card,Regular,7,1144.61,0.03,8012.2699999999995,240.36809999999997,7771.9019
2027-01-08 00:00:00,Home & Kitchen,Debit Card,Regular,2,2033.97,0.25,4067.94,1016.985,3050.955
2027-01-08 06:00:00,Groceries,Cash,New,4,646.56,0.15,2586.24,387.936,2198.3039999999996
2027-01-08 12:00:00,Beauty,Cash,Regular,2,2213.78,0.04,4427.56,177.10240000000002,4250.457600000001
2027-01-08 18:00:00,Clothing,UPI,Regular,5,1424.57,0.03,7122.849999999999,213.68549999999996,6909.1645
2027-01-09 00:00:00,Home & Kitchen,Cash,Regular,2,1542.48,0.05,3084.96,154.24800000000002,2930.712
2027-01-09 06:00:00,Home & Kitchen,UPI,Regular,6,2193.89,0.23,13163.34,3027.5682,10135.7718
2027-01-09 12:00:00,Electronics,Cash,Regular,7,2053.08,0.21,14371.56,3018.0276,11353.5324
2027-01-09 18:00:00,Electronics,Credit Card,Regular,3,1523.83,0.06,4571.49,274.2894,4297.2006
2027-01-10 00:00:00,Home & Kitchen,Credit Card,New,5,1895.31,0.25,9476.55,2369.1375,7107.412499999999
2027-01-10 06:00:00,Groceries,UPI,New,3,1111.63,0.08,3334.8900000000003,266.7912,3068.0988
2027-01-10 12:00:00,Clothing,Debit Card,Regular,5,1391.08,0.24,6955.4,1669.2959999999998,5286.103999999999
2027-01-10 18:00:00,Electronics,Credit Card,Regular,1,202.07,0.15,202.07,30.310499999999998,171.7595
2027-01-11 00:00:00,Groceries,UPI,Regular,6,270.15,0.22,1620.8999999999999,356.59799999999996,1264.302
2027-01-11 06:00:00,Beauty,Cash,Regular,5,2082.09,0.11,10410.45,1145.1495,9265.300500000001
2027-01-11 12:00:00,Electronics,Cash,Regular,6,196.2,0.1,1177.1999999999998,117.71999999999998,1059.4799999999998
2027-01-11 18:00:00,Groceries,UPI,Regular,5,465.03,0.25,2325.1499999999996,581.2874999999999,1743.8624999999997
2027-01-12 00:00:00,Groceries,Debit Card,New,3,1999.79,0.01,5999.37,59.9937,5939.3763
2027-01-12 06:00:00,Clothing,UPI,Regular,3,52.81,0.29,158.43,45.9447,112.48530000000001
2027-01-12 12:00:00,Clothing,UPI,Regular,7,741.89,0.19,5193.23,986.7136999999999,4206.516299999999
2027-01-12 18:00:00,Beauty,Credit Card,New,5,1480.89,0.13,7404.450000000001,962.5785000000001,6441.871500000001
2027-01-13 00:00:00,Groceries,UPI,New,5,1508.85,0.19,7544.25,1433.4075,6110.8425
2027-01-13 06:00:00,Groceries,UPI,Regular,4,1954.02,0.04,7816.08,312.6432,7503.4367999999995
2027-01-13 12:00:00,Clothing,Cash,New,6,1289.52,0.15,7737.12,1160.568,6576.552
2027-01-13 18:00:00,Electronics,Credit Card,Regular,6,1298.03,0.3,7788.18,2336.454,5451.726000000001
2027-01-14 00:00:00,Electronics,Cash,New,6,1827.01,0.07,10962.06,767.3442,10194.7158
2027-01-14 06:00:00,Home & Kitchen,Cash,Regular,6,1271.63,0.22,7629.780000000001,1678.5516000000002,5951.2284
2027-01-14 12:00:00,Clothing,Debit Card,New,1,1540.8,0.13,1540.8,200.304,1340.4959999999999
2027-01-14 18:00:00,Home & Kitchen,Debit Card,New,1,2249.55,0.2,2249.55,449.9100000000001,1799.64
2027-01-15 00:00:00,Clothing,Credit Card,New,2,1033.55,0.06,2067.1,124.026,1943.0739999999998
2027-01-15 06:00:00,Beauty,Credit Card,New,5,993.56,0.14,4967.799999999999,695.492,4272.307999999999
2027-01-15 12:00:00,Groceries,Debit Card,Regular,5,58.7,0.29,293.5,85.115,208.385
2027-01-15 18:00:00,Beauty,Debit Card,Regular,5,1552.89,0.06,7764.450000000001,465.867,7298.5830000000005
2027-01-16 00:00:00,Clothing,Debit Card,Regular,5,122.94,0.19,614.7,116.793,497.90700000000004
2027-01-16 06:00:00,Groceries,Debit Card,New,6,1285.16,0.17,7710.960000000001,1310.8632000000002,6400.096800000001
2027-01-16 12:00:00,Electronics,Debit Card,New,6,2020.37,0.17,12122.22,2060.7774,10061.442599999998
2027-01-16 18:00:00,Electronics,Cash,Regular,1,1397.31,0.18,1397.31,251.51579999999998,1145.7942
2027-01-17 00:00:00,Home & Kitchen,Credit Card,New,3,710.61,0.15,2131.83,319.7745,1812.0555
2027-01-17 06:00:00,Clothing,Cash,New,4,1976.11,0.01,7904.44,79.0444,7825.3956
2027-01-17 12:00:00,Clothing,Cash,New,6,710.81,0.27,4264.86,1151.5122,3113.3477999999996
2027-01-17 18:00:00,Electronics,UPI,New,6,1845.93,0.25,11075.58,2768.895,8306.685
2027-01-18 00:00:00,Beauty,Cash,Regular,7,1545.13,0.05,10815.91,540.7955000000001,10275.1145
2027-01-18 06:00:00,Groceries,Debit Card,Regular,6,466.49,0.12,2798.94,335.8728,2463.0672
2027-01-18 12:00:00,Beauty,Debit Card,Regular,3,2267.58,0.23,6802.74,1564.6302,5238.1098
2027-01-18 18:00:00,Beauty,UPI,Regular,3,541.58,0.29,1624.7400000000002,471.17460000000005,1153.5654000000002
2027-01-19 00:00:00,Electronics,UPI,Regular,1,2474.49,0.29,2474.49,717.6020999999998,1756.8879
2027-01-19 06:00:00,Electronics,UPI,New,6,67.91,0.27,407.46,110.0142,297.44579999999996
2027-01-19 12:00:00,Electronics,UPI,New,7,695.53,0.05,4868.71,243.43550000000002,4625.2745
2027-01-19 18:00:00,Home & Kitchen,UPI,Regular,4,539.66,0.27,2158.64,582.8328,1575.8071999999997
2027-01-20 00:00:00,Beauty,Cash,Regular,5,84.28,0.26,421.4,109.564,311.836
2027-01-20 06:00:00,Clothing,UPI,Regular,6,1844.3,0.11,11065.8,1217.2379999999998,9848.562
2027-01-20 12:00:00,Groceries,Cash,Regular,1,1748.89,0.12,1748.89,209.8668,1539.0232
2027-01-20 18:00:00,Home & Kitchen,Credit Card,Regular,1,1991.26,0.14,1991.26,278.7764,1712.4836
2027-01-21 00:00:00,Clothing,UPI,Regular,4,678.91,0.2,2715.64,543.128,2172.5119999999997
2027-01-21 06:00:00,Beauty,UPI,Regular,7,1138.62,0.08,7970.339999999999,637.6271999999999,7332.712799999999
2027-01-21 12:00:00,Electronics,Cash,Regular,2,1664.83,0.01,3329.66,33.2966,3296.3633999999997
2027-01-21 18:00:00,Beauty,Credit Card,Regular,1,1127.43,0.04,1127.43,45.0972,1082.3328000000001
2027-01-22 00:00:00,Groceries,Cash,Regular,3,1758.45,0.13,5275.35,685.7955000000001,4589.5545
2027-01-22 06:00:00,Home & Kitchen,Cash,Regular,3,1603.23,0.08,4809.6900000000005,384.77520000000004,4424.9148000000005
2027-01-22 12:00:00,Home & Kitchen,UPI,Regular,5,330.89,0.23,1654.4499999999998,380.52349999999996,1273.9264999999998
2027-01-22 18:00:00,Groceries,Debit Card,Regular,1,1963.56,0.03,1963.56,58.9068,1904.6532
2027-01-23 00:00:00,Clothing,Debit Card,New,7,1815.66,0.28,12709.62,3558.6936000000005,9150.9264
2027-01-23 06:00:00,Clothing,Cash,Regular,5,1656.79,0.27,8283.95,2236.6665000000003,6047.2835000000005
2027-01-23 12:00:00,Home & Kitchen,UPI,Regular,1,429.98,0.27,429.98,116.09460000000001,313.8854
2027-01-23 18:00:00,Home & Kitchen,Credit Card,New,4,706.59,0.22,2826.36,621.7992,2204.5608
2027-01-24 00:00:00,Electronics,Debit Card,Regular,6,1013.28,0.03,6079.68,182.3904,5897.2896
2027-01-24 06:00:00,Clothing,Credit Card,New,7,735.83,0.13,5150.81,669.6053,4481.2047
2027-01-24 12:00:00,Groceries,Debit Card,Regular,1,608.14,0.04,608.14,24.3256,583.8144
2027-01-24 18:00:00,Clothing,UPI,Regular,7,2023.13,0.3,14161.91,4248.572999999999,9913.337
2027-01-25 00:00:00,Electronics,Cash,Regular,2,1613.67,0.1,3227.34,322.73400000000004,2904.606
2027-01-25 06:00:00,Home & Kitchen,Credit Card,Regular,7,1435.41,0.18,10047.87,1808.6166,8239.253400000001
2027-01-25 12:00:00,Home & Kitchen,Credit Card,Regular,7,603.58,0.23,4225.06,971.7638000000002,3253.2962
2027-01-25 18:00:00,Electronics,Cash,Regular,3,2299.29,0.28,6897.87,1931.4036,4966.466399999999
2027-01-26 00:00:00,Groceries,Credit Card,Regular,4,518.4,0.23,2073.6,476.928,1596.672
2027-01-26 06:00:00,Home & Kitchen,Debit Card,Regular,6,1997.63,0.2,11985.78,2397.1560000000004,9588.624
2027-01-26 12:00:00,Beauty,Cash,Regular,6,2418.35,0.14,14510.099999999999,2031.414,12478.685999999998
2027-01-26 18:00:00,Home & Kitchen,Debit Card,New,3,1831.38,0.18,5494.14,988.9452,4505.1948
2027-01-27 00:00:00,Beauty,Debit Card,Regular,7,2482.5,0.03,17377.5,521.3249999999999,16856.175
2027-01-27 06:00:00,Electronics,UPI,Regular,6,1645.08,0.27,9870.48,2665.0296,7205.4504
2027-01-27 12:00:00,Electronics,Debit Card,Regular,5,582.78,0.16,2913.8999999999996,466.22399999999993,2447.6759999999995
2027-01-27 18:00:00,Home & Kitchen,UPI,New,4,549.36,0.01,2197.44,21.9744,2175.4656
2027-01-28 00:00:00,Clothing,Credit Card,Regular,2,845.18,0.28,1690.36,473.30080000000004,1217.0592
2027-01-28 06:00:00,Beauty,Credit Card,Regular,3,67.47,0.15,202.41,30.3615,172.0485
2027-01-28 12:00:00,Groceries,UPI,Regular,1,1720.16,0.26,1720.16,447.24160000000006,1272.9184
2027-01-28 18:00:00,Home & Kitchen,Debit Card,Regular,1,708.24,0.26,708.24,184.1424,524.0976
2027-01-29 00:00:00,Groceries,Cash,New,1,2047.2,0.24,2047.2,491.328,1555.872
2027-01-29 06:00:00,Home & Kitchen,Cash,New,4,929.97,0.02,3719.88,74.3976,3645.4824000000003
2027-01-29 12:00:00,Clothing,UPI,Regular,2,1225.89,0.07,2451.78,171.62460000000004,2280.1554
2027-01-29 18:00:00,Clothing,Credit Card,Regular,6,2415.94,0.26,14495.64,3768.8664,10726.7736
2027-01-30 00:00:00,Clothing,Credit Card,New,2,643.32,0.27,1286.64,347.3928,939.2472
2027-01-30 06:00:00,Clothing,Cash,Regular,2,1817.07,0.14,3634.14,508.7796,3125.3604
2027-01-30 12:00:00,Electronics,UPI,New,3,1900.04,0.13,5700.12,741.0156000000001,4959.1044
2027-01-30 18:00:00,Electronics,Cash,New,4,591.45,0.05,2365.8,118.29000000000002,2247.51
2027-01-31 00:00:00,Beauty,Debit Card,Regular,1,1277.44,0.29,1277.44,370.4576,906.9824000000001
2027-01-31 06:00:00,Groceries,Debit Card,New,3,907.99,0.06,2723.9700000000003,163.43820000000002,2560.5318
2027-01-31 12:00:00,Home & Kitchen,UPI,Regular,6,1941.17,0.06,11647.02,698.8212,10948.1988
2027-01-31 18:00:00,Home & Kitchen,UPI,New,2,1575.08,0.2,3150.16,630.032,2520.1279999999997
2027-02-01 00:00:00,Electronics,Debit Card,Regular,7,1216.16,0.07,8513.12,595.9184000000001,7917.2016
2027-02-01 06:00:00,Home & Kitchen,Credit Card,Regular,1,1959.44,0.28,1959.44,548.6432000000001,1410.7968
2027-02-01 12:00:00,Electronics,UPI,Regular,4,626.13,0.0,2504.52,0.0,2504.52
2027-02-01 18:00:00,Beauty,Debit Card,New,5,1896.37,0.0,9481.849999999999,0.0,9481.849999999999
2027-02-02 00:00:00,Groceries,Debit Card,Regular,2,2170.17,0.15,4340.34,651.051,3689.289
2027-02-02 06:00:00,Beauty,Credit Card,Regular,2,2202.62,0.15,4405.24,660.786,3744.4539999999997
2027-02-02 12:00:00,Clothing,Credit Card,Regular,2,1970.0,0.05,3940.0,197.0,3743.0
2027-02-02 18:00:00,Clothing,Credit Card,Regular,2,1049.63,0.15,2099.26,314.889,1784.371
2027-02-03 00:00:00,Clothing,Credit Card,Regular,1,2455.43,0.12,2455.43,294.6516,2160.7783999999997
2027-02-03 06:00:00,Beauty,Cash,Regular,4,980.0,0.27,3920.0,1058.4,2861.6
2027-02-03 12:00:00,Home & Kitchen,Credit Card,Regular,3,1614.63,0.0,4843.89,0.0,4843.89
2027-02-03 18:00:00,Groceries,Cash,Regular,1,444.63,0.29,444.63,128.9427,315.6873
2027-02-04 00:00:00,Clothing,UPI,Regular,4,2452.1,0.19,9808.4,1863.596,7944.804
2027-02-04 06:00:00,Clothing,Debit Card,Regular,3,1774.77,0.05,5324.3099999999995,266.21549999999996,5058.094499999999
2027-02-04 12:00:00,Clothing,Cash,Regular,2,1895.77,0.01,3791.54,37.9154,3753.6246
2027-02-04 18:00:00,Groceries,UPI,New,4,211.15,0.16,844.6,135.136,709.464
2027-02-05 00:00:00,Clothing,UPI,Regular,2,1920.37,0.07,3840.74,268.8518,3571.8882
2027-02-05 06:00:00,Groceries,Cash,New,7,1948.07,0.09,13636.49,1227.2840999999999,12409.2059
2027-02-05 12:00:00,Clothing,UPI,New,4,1695.84,0.07,6783.36,474.83520000000004,6308.524799999999
2027-02-05 18:00:00,Beauty,UPI,Regular,6,765.18,0.2,4591.08,918.216,3672.864
2027-02-06 00:00:00,Beauty,Cash,Regular,5,1249.74,0.17,6248.7,1062.279,5186.421
2027-02-06 06:00:00,Groceries,UPI,New,2,320.56,0.02,641.12,12.8224,628.2976
2027-02-06 12:00:00,Beauty,Credit Card,Regular,2,1205.39,0.16,2410.78,385.7248,2025.0552000000002
2027-02-06 18:00:00,Groceries,Credit Card,Regular,2,647.37,0.24,1294.74,310.7376,984.0024000000001
2027-02-07 00:00:00,Beauty,Debit Card,New,6,905.29,0.02,5431.74,108.6348,5323.1052
2027-02-07 06:00:00,Beauty,UPI,Regular,1,448.37,0.27,448.37,121.05990000000001,327.3101
2027-02-07 12:00:00,Groceries,Debit Card,New,3,613.63,0.17,1840.8899999999999,312.9513,1527.9387
2027-02-07 18:00:00,Home & Kitchen,Credit Card,Regular,2,237.59,0.29,475.18,137.8022,337.3778
2027-02-08 00:00:00,Beauty,Credit Card,New,2,2303.76,0.04,4607.52,184.3008,4423.2192000000005
2027-02-08 06:00:00,Clothing,Credit Card,Regular,1,1349.51,0.3,1349.51,404.853,944.6569999999999
2027-02-08 12:00:00,Home & Kitchen,UPI,Regular,1,1022.02,0.19,1022.02,194.1838,827.8362
2027-02-08 18:00:00,Groceries,UPI,Regular,5,1360.82,0.17,6804.099999999999,1156.697,5647.402999999999
2027-02-09 00:00:00,Home & Kitchen,Credit Card,Regular,4,1589.32,0.15,6357.28,953.5919999999999,5403.688
2027-02-09 06:00:00,Electronics,Debit Card,New,2,2308.6,0.01,4617.2,46.172,4571.028
2027-02-09 12:00:00,Electronics,Debit Card,Regular,4,487.8,0.28,1951.2,546.336,1404.864
2027-02-09 18:00:00,Beauty,Cash,New,7,774.1,0.19,5418.7,1029.5529999999999,4389.147
2027-02-10 00:00:00,Beauty,Credit Card,Regular,1,2440.68,0.03,2440.68,73.2204,2367.4595999999997
2027-02-10 06:00:00,Clothing,Debit Card,Regular,1,959.42,0.01,959.42,9.594199999999999,949.8258
2027-02-10 12:00:00,Home & Kitchen,Credit Card,Regular,5,105.28,0.02,526.4,10.528,515.872
2027-02-10 18:00:00,Electronics,Debit Card,Regular,3,411.73,0.18,1235.19,222.3342,1012.8558
2027-02-11 00:00:00,Beauty,Cash,Regular,6,114.53,0.18,687.1800000000001,123.6924,563.4876
2027-02-11 06:00:00,Home & Kitchen,Cash,Regular,6,2475.31,0.15,14851.86,2227.779,12624.081
2027-02-11 12:00:00,Beauty,Credit Card,New,6,733.23,0.09,4399.38,395.9442,4003.4358
2027-02-11 18:00:00,Beauty,Debit Card,New,1,2312.68,0.16,2312.68,370.0288,1942.6511999999998
2027-02-12 00:00:00,Electronics,UPI,Regular,2,2489.92,0.15,4979.84,746.976,4232.8640000000005
2027-02-12 06:00:00,Electronics,Cash,Regular,5,1519.61,0.01,7598.049999999999,75.98049999999999,7522.0695
2027-02-12 12:00:00,Beauty,Credit Card,Regular,3,131.33,0.08,393.99,31.5192,362.4708
2027-02-12 18:00:00,Groceries,Credit Card,Regular,7,249.9,0.02,1749.3,34.986,1714.3139999999999
2027-02-13 00:00:00,Beauty,Debit Card,Regular,6,1229.89,0.27,7379.34,1992.4218,5386.9182
2027-02-13 06:00:00,Beauty,Credit Card,Regular,5,1045.12,0.22,5225.599999999999,1149.6319999999998,4075.968
2027-02-13 12:00:00,Clothing,Cash,New,1,1535.13,0.3,1535.13,460.53900000000004,1074.5910000000001
2027-02-13 18:00:00,Clothing,Credit Card,New,6,1125.18,0.09,6751.08,607.5971999999999,6143.4828
2027-02-14 00:00:00,Clothing,Credit Card,Regular,3,2338.49,0.26,7015.469999999999,1824.0221999999999,5191.4478
2027-02-14 06:00:00,Groceries,UPI,Regular,7,1360.11,0.18,9520.769999999999,1713.7385999999997,7807.031399999999
2027-02-14 12:00:00,Groceries,UPI,Regular,4,1749.63,0.14,6998.52,979.7928000000002,6018.7272
2027-02-14 18:00:00,Beauty,Cash,New,7,2246.39,0.07,15724.73,1100.7311,14623.998899999999
2027-02-15 00:00:00,Clothing,Debit Card,Regular,3,409.84,0.22,1229.52,270.4944,959.0255999999999
2027-02-15 06:00:00,Groceries,UPI,Regular,7,612.85,0.27,4289.95,1158.2865,3131.6634999999997
2027-02-15 12:00:00,Electronics,Debit Card,New,2,312.93,0.07,625.86,43.8102,582.0498
2027-02-15 18:00:00,Beauty,Cash,Regular,6,392.11,0.05,2352.66,117.633,2235.027
2027-02-16 00:00:00,Home & Kitchen,UPI,Regular,6,1305.83,0.21,7834.98,1645.3457999999998,6189.6341999999995
2027-02-16 06:00:00,Beauty,Debit Card,Regular,4,836.89,0.29,3347.56,970.7923999999999,2376.7676
2027-02-16 12:00:00,Home & Kitchen,UPI,Regular,7,1086.77,0.22,7607.389999999999,1673.6257999999998,5933.7642
2027-02-16 18:00:00,Clothing,Cash,Regular,4,2457.1,0.09,9828.4,884.5559999999999,8943.844
2027-02-17 00:00:00,Home & Kitchen,Cash,Regular,7,433.93,0.13,3037.51,394.8763,2642.6337000000003
2027-02-17 06:00:00,Clothing,UPI,Regular,6,1374.99,0.12,8249.94,989.9928,7259.9472000000005
2027-02-17 12:00:00,Electronics,Debit Card,Regular,2,292.23,0.26,584.46,151.95960000000002,432.5004
2027-02-17 18:00:00,Home & Kitchen,Credit Card,New,7,830.32,0.23,5812.240000000001,1336.8152000000002,4475.424800000001
2027-02-18 00:00:00,Beauty,Credit Card,Regular,4,1342.44,0.18,5369.76,966.5568,4403.2032
2027-02-18 06:00:00,Clothing,UPI,Regular,1,2369.25,0.08,2369.25,189.54,2179.71
2027-02-18 12:00:00,Beauty,Debit Card,New,6,1008.51,0.28,6051.0599999999995,1694.2968,4356.763199999999
2027-02-18 18:00:00,Groceries,Credit Card,New,3,209.02,0.2,627.0600000000001,125.41200000000002,501.648
2027-02-19 00:00:00,Clothing,Cash,New,3,1001.0,0.29,3003.0,870.8699999999999,2132.13
2027-02-19 06:00:00,Home & Kitchen,Debit Card,Regular,2,407.07,0.17,814.14,138.40380000000002,675.7361999999999
2027-02-19 12:00:00,Clothing,Credit Card,Regular,1,613.47,0.25,613.47,153.3675,460.1025
2027-02-19 18:00:00,Beauty,Debit Card,New,4,1564.32,0.24,6257.28,1501.7471999999998,4755.5328
2027-02-20 00:00:00,Electronics,UPI,New,7,215.19,0.1,1506.33,150.633,1355.697
2027-02-20 06:00:00,Clothing,Debit Card,Regular,6,1188.57,0.29,7131.42,2068.1117999999997,5063.3082
2027-02-20 12:00:00,Home & Kitchen,Credit Card,New,3,1543.18,0.01,4629.54,46.2954,4583.2446
2027-02-20 18:00:00,Groceries,UPI,Regular,3,1083.55,0.23,3250.6499999999996,747.6495,2503.0004999999996
2027-02-21 00:00:00,Electronics,Debit Card,New,3,96.86,0.29,290.58,84.2682,206.3118
2027-02-21 06:00:00,Groceries,Cash,New,3,2464.52,0.1,7393.5599999999995,739.356,6654.204
2027-02-21 12:00:00,Clothing,Credit Card,New,5,949.43,0.19,4747.15,901.9585,3845.1915
2027-02-21 18:00:00,Beauty,UPI,New,2,1957.51,0.17,3915.02,665.5534,3249.4665999999997
2027-02-22 00:00:00,Beauty,Debit Card,New,4,847.83,0.23,3391.32,780.0036000000001,2611.3164
2027-02-22 06:00:00,Home & Kitchen,Cash,Regular,6,1213.79,0.26,7282.74,1893.5124,5389.2276
2027-02-22 12:00:00,Beauty,Credit Card,Regular,6,1001.74,0.18,6010.4400000000005,1081.8792,4928.5608
2027-02-22 18:00:00,Electronics,Cash,Regular,6,889.22,0.24,5335.32,1280.4768,4054.8432
2027-02-23 00:00:00,Beauty,Debit Card,Regular,4,103.54,0.09,414.16,37.2744,376.8856
2027-02-23 06:00:00,Home & Kitchen,Debit Card,New,2,932.05,0.07,1864.1,130.487,1733.6129999999998
2027-02-23 12:00:00,Clothing,UPI,Regular,1,2229.25,0.13,2229.25,289.8025,1939.4475
2027-02-23 18:00:00,Clothing,Cash,Regular,7,1741.46,0.2,12190.220000000001,2438.0440000000003,9752.176000000001
2027-02-24 00:00:00,Beauty,UPI,Regular,7,406.29,0.06,2844.03,170.64180000000002,2673.3882000000003
2027-02-24 06:00:00,Groceries,Credit Card,New,2,1498.33,0.2,2996.66,599.332,2397.328
2027-02-24 12:00:00,Clothing,UPI,Regular,3,2235.97,0.12,6707.91,804.9491999999999,5902.9608
2027-02-24 18:00:00,Beauty,Credit Card,Regular,7,1765.08,0.24,12355.56,2965.3343999999997,9390.2256
2027-02-25 00:00:00,Home & Kitchen,Debit Card,Regular,3,414.28,0.01,1242.84,12.4284,1230.4116
2027-02-25 06:00:00,Beauty,Debit Card,New,2,2176.19,0.2,4352.38,870.4760000000001,3481.904
2027-02-25 12:00:00,Clothing,Cash,Regular,2,788.78,0.19,1577.56,299.7364,1277.8236
2027-02-25 18:00:00,Home & Kitchen,Credit Card,New,4,1162.49,0.28,4649.96,1301.9888,3347.9712
2027-02-26 00:00:00,Beauty,Debit Card,Regular,4,1339.05,0.21,5356.2,1124.802,4231.398
2027-02-26 06:00:00,Electronics,Cash,Regular,5,2133.74,0.24,10668.699999999999,2560.488,8108.2119999999995
2027-02-26 12:00:00,Home & Kitchen,Cash,New,6,2332.44,0.27,13994.64,3778.5528,10216.0872
2027-02-26 18:00:00,Electronics,UPI,Regular,5,2327.65,0.2,11638.25,2327.65,9310.6
2027-02-27 00:00:00,Groceries,Cash,Regular,6,69.49,0.09,416.93999999999994,37.52459999999999,379.4154
2027-02-27 06:00:00,Home & Kitchen,Debit Card,Regular,3,2308.63,0.26,6925.89,1800.7314000000001,5125.158600000001
2027-02-27 12:00:00,Electronics,UPI,Regular,5,183.25,0.22,916.25,201.575,714.675
2027-02-27 18:00:00,Clothing,Credit Card,Regular,5,701.15,0.13,3505.75,455.7475,3050.0025
2027-02-28 00:00:00,Clothing,Credit Card,Regular,1,1311.72,0.21,1311.72,275.4612,1036.2588
2027-02-28 06:00:00,Groceries,Debit Card,Regular,2,1225.82,0.26,2451.64,637.4264,1814.2136
2027-02-28 12:00:00,Home & Kitchen,Debit Card,Regular,4,1531.54,0.29,6126.16,1776.5864,4349.5736
2027-02-28 18:00:00,Home & Kitchen,UPI,New,5,1224.64,0.29,6123.200000000001,1775.728,4347.472000000001
2027-03-01 00:00:00,Home & Kitchen,UPI,New,4,2339.22,0.1,9356.88,935.688,8421.192
2027-03-01 06:00:00,Groceries,Debit Card,Regular,6,639.34,0.13,3836.04,498.6852,3337.3548
2027-03-01 12:00:00,Home & Kitchen,Debit Card,Regular,5,721.36,0.03,3606.8,108.20400000000001,3498.596
2027-03-01 18:00:00,Clothing,Credit Card,Regular,6,2305.81,0.07,13834.86,968.4402000000001,12866.4198
2027-03-02 00:00:00,Electronics,Credit Card,Regular,5,238.01,0.26,1190.05,309.413,880.637
2027-03-02 06:00:00,Clothing,Credit Card,Regular,7,1543.42,0.11,10803.94,1188.4334000000001,9615.5066
2027-03-02 12:00:00,Clothing,Debit Card,Regular,3,1720.25,0.19,5160.75,980.5425,4180.2075
2027-03-02 18:00:00,Electronics,Cash,Regular,1,1288.58,0.2,1288.58,257.716,1030.864
2027-03-03 00:00:00,Clothing,Debit Card,Regular,6,1750.87,0.23,10505.22,2416.2006,8089.019399999999
2027-03-03 06:00:00,Groceries,Debit Card,Regular,2,473.25,0.05,946.5,47.325,899.175
2027-03-03 12:00:00,Electronics,Credit Card,New,2,2138.95,0.09,4277.9,385.01099999999997,3892.8889999999997
2027-03-03 18:00:00,Clothing,Debit Card,Regular,3,393.06,0.13,1179.18,153.29340000000002,1025.8866
2027-03-04 00:00:00,Beauty,UPI,Regular,3,1031.99,0.11,3095.9700000000003,340.55670000000003,2755.4133
2027-03-04 06:00:00,Clothing,Debit Card,New,7,234.38,0.29,1640.6599999999999,475.79139999999995,1164.8685999999998
2027-03-04 12:00:00,Groceries,Debit Card,Regular,2,1385.77,0.25,2771.54,692.885,2078.6549999999997
2027-03-04 18:00:00,Home & Kitchen,Debit Card,Regular,6,1690.88,0.14,10145.28,1420.3392000000001,8724.9408
2027-03-05 00:00:00,Clothing,Debit Card,Regular,2,2355.99,0.26,4711.98,1225.1147999999998,3486.8651999999997
2027-03-05 06:00:00,Home & Kitchen,Cash,Regular,1,1861.37,0.1,1861.37,186.137,1675.233
2027-03-05 12:00:00,Beauty,Debit Card,Regular,5,1375.7,0.24,6878.5,1650.84,5227.66
2027-03-05 18:00:00,Clothing,UPI,New,1,2334.91,0.07,2334.91,163.4437,2171.4663
2027-03-06 00:00:00,Electronics,UPI,Regular,7,1222.17,0.23,8555.19,1967.6937000000003,6587.496300000001
2027-03-06 06:00:00,Home & Kitchen,Debit Card,Regular,7,1424.95,0.14,9974.65,1396.451,8578.199
2027-03-06 12:00:00,Beauty,Credit Card,New,2,1510.44,0.03,3020.88,90.6264,2930.2536
2027-03-06 18:00:00,Electronics,Cash,New,5,1054.45,0.08,5272.25,421.78000000000003,4850.47
2027-03-07 00:00:00,Electronics,Debit Card,Regular,2,2104.28,0.12,4208.56,505.02720000000005,3703.5328000000004
2027-03-07 06:00:00,Electronics,Debit Card,New,1,503.68,0.22,503.68,110.8096,392.8704
2027-03-07 12:00:00,Electronics,Debit Card,Regular,1,1409.36,0.02,1409.36,28.187199999999997,1381.1727999999998
2027-03-07 18:00:00,Clothing,Credit Card,Regular,6,1819.47,0.2,10916.82,2183.364,8733.456
2027-03-08 00:00:00,Clothing,Credit Card,Regular,6,2264.74,0.21,13588.439999999999,2853.5723999999996,10734.8676
2027-03-08 06:00:00,Clothing,Credit Card,Regular,1,2215.6,0.2,2215.6,443.12,1772.48
2027-03-08 12:00:00,Beauty,Cash,New,5,1296.41,0.23,6482.05,1490.8715000000002,4991.1785
2027-03-08 18:00:00,Beauty,UPI,Regular,7,1625.75,0.05,11380.25,569.0125,10811.2375
2027-03-09 00:00:00,Beauty,Cash,Regular,6,1015.88,0.18,6095.28,1097.1504,4998.1296
2027-03-09 06:00:00,Groceries,Credit Card,Regular,6,1197.04,0.28,7182.24,2011.0272000000002,5171.212799999999
2027-03-09 12:00:00,Beauty,UPI,Regular,4,2270.35,0.18,9081.4,1634.6519999999998,7446.748
2027-03-09 18:00:00,Clothing,UPI,Regular,4,2330.22,0.18,9320.88,1677.7583999999997,7643.1215999999995
2027-03-10 00:00:00,Clothing,Credit Card,Regular,6,2243.76,0.22,13462.560000000001,2961.7632000000003,10500.7968
2027-03-10 06:00:00,Groceries,Credit Card,New,2,389.01,0.1,778.02,77.802,700.218
2027-03-10 12:00:00,Groceries,Cash,Regular,5,2132.71,0.21,10663.55,2239.3455,8424.2045
2027-03-10 18:00:00,Beauty,Credit Card,Regular,3,2373.49,0.27,7120.469999999999,1922.5268999999998,5197.9430999999995
2027-03-11 00:00:00,Home & Kitchen,UPI,Regular,6,935.06,0.0,5610.36,0.0,5610.36
2027-03-11 06:00:00,Groceries,Debit Card,Regular,4,1320.68,0.26,5282.72,1373.5072,3909.2128000000002
2027-03-11 12:00:00,Electronics,Credit Card,Regular,5,1958.78,0.07,9793.9,685.5730000000001,9108.327
2027-03-11 18:00:00,Clothing,Credit Card,New,5,1427.09,0.14,7135.45,998.9630000000001,6136.487
2027-03-12 00:00:00,Electronics,Cash,New,4,2484.03,0.26,9936.12,2583.3912000000005,7352.728800000001
2027-03-12 06:00:00,Clothing,Cash,Regular,5,1166.5,0.25,5832.5,1458.125,4374.375
2027-03-12 12:00:00,Clothing,Credit Card,Regular,5,1799.16,0.27,8995.800000000001,2428.8660000000004,6566.934000000001
2027-03-12 18:00:00,Groceries,UPI,New,4,1991.85,0.28,7967.4,2230.8720000000003,5736.527999999999
2027-03-13 00:00:00,Groceries,UPI,Regular,1,1260.55,0.13,1260.55,163.8715,1096.6785
2027-03-13 06:00:00,Electronics,Debit Card,Regular,6,2149.61,0.2,12897.66,2579.532,10318.128
2027-03-13 12:00:00,Clothing,Credit Card,Regular,2,1388.08,0.12,2776.16,333.13919999999996,2443.0208
2027-03-13 18:00:00,Electronics,Cash,New,3,1058.54,0.11,3175.62,349.3182,2826.3017999999997
2027-03-14 00:00:00,Home & Kitchen,UPI,Regular,2,314.17,0.13,628.34,81.6842,546.6558
2027-03-14 06:00:00,Electronics,Debit Card,New,1,1013.86,0.22,1013.86,223.0492,790.8108
2027-03-14 12:00:00,Beauty,Credit Card,New,7,1848.14,0.15,12936.980000000001,1940.547,10996.433
2027-03-14 18:00:00,Electronics,UPI,Regular,1,2307.15,0.24,2307.15,553.716,1753.4340000000002
2027-03-15 00:00:00,Beauty,Credit Card,New,5,666.61,0.22,3333.05,733.2710000000001,2599.779
2027-03-15 06:00:00,Beauty,Credit Card,New,2,920.33,0.01,1840.66,18.4066,1822.2534
2027-03-15 12:00:00,Beauty,UPI,Regular,1,427.2,0.19,427.2,81.16799999999999,346.032
2027-03-15 18:00:00,Home & Kitchen,UPI,Regular,2,1742.27,0.13,3484.54,452.9902,3031.5498
2027-03-16 00:00:00,Electronics,UPI,Regular,1,2402.46,0.14,2402.46,336.34440000000006,2066.1156
2027-03-16 06:00:00,Electronics,Credit Card,Regular,3,1620.33,0.25,4860.99,1215.2475,3645.7425
2027-03-16 12:00:00,Home & Kitchen,Credit Card,Regular,1,1561.84,0.16,1561.84,249.8944,1311.9456
2027-03-16 18:00:00,Clothing,Debit Card,Regular,2,1406.05,0.27,2812.1,759.267,2052.8329999999996
2027-03-17 00:00:00,Groceries,Cash,Regular,5,266.72,0.21,1333.6000000000001,280.05600000000004,1053.544
2027-03-17 06:00:00,Electronics,Credit Card,New,2,1837.28,0.17,3674.56,624.6752,3049.8848
2027-03-17 12:00:00,Groceries,Cash,Regular,4,1525.02,0.23,6100.08,1403.0184000000002,4697.0616
2027-03-17 18:00:00,Home & Kitchen,UPI,Regular,2,1670.62,0.01,3341.24,33.4124,3307.8275999999996
2027-03-18 00:00:00,Clothing,Credit Card,Regular,3,2252.09,0.01,6756.27,67.5627,6688.7073
2027-03-18 06:00:00,Clothing,Debit Card,Regular,6,1970.7,0.03,11824.2,354.726,11469.474
2027-03-18 12:00:00,Clothing,Debit Card,Regular,3,1963.24,0.13,5889.72,765.6636000000001,5124.0564
2027-03-18 18:00:00,Home & Kitchen,Cash,Regular,3,2321.6,0.07,6964.799999999999,487.536,6477.263999999999
2027-03-19 00:00:00,Beauty,UPI,Regular,1,2475.34,0.3,2475.34,742.602,1732.7380000000003
2027-03-19 06:00:00,Beauty,Cash,New,3,1474.14,0.16,4422.42,707.5872,3714.8328
2027-03-19 12:00:00,Groceries,UPI,New,2,316.76,0.2,633.52,126.70400000000001,506.816
2027-03-19 18:00:00,Beauty,Debit Card,Regular,6,1174.87,0.08,7049.219999999999,563.9376,6485.282399999999
2027-03-20 00:00:00,Beauty,Cash,New,7,1979.62,0.1,13857.34,1385.7340000000002,12471.606
2027-03-20 06:00:00,Clothing,Debit Card,New,5,117.93,0.1,589.6500000000001,58.96500000000001,530.6850000000001
2027-03-20 12:00:00,Clothing,Debit Card,Regular,7,189.37,0.21,1325.5900000000001,278.3739,1047.2161
2027-03-20 18:00:00,Groceries,UPI,New,3,214.54,0.14,643.62,90.1068,553.5132
2027-03-21 00:00:00,Electronics,Cash,New,2,1841.04,0.16,3682.08,589.1328,3092.9472
2027-03-21 06:00:00,Groceries,Cash,Regular,1,1277.86,0.18,1277.86,230.01479999999998,1047.8452
2027-03-21 12:00:00,Groceries,Debit Card,Regular,1,953.8,0.23,953.8,219.374,734.4259999999999
2027-03-21 18:00:00,Home & Kitchen,Debit Card,Regular,5,308.76,0.03,1543.8,46.314,1497.4859999999999
2027-03-22 00:00:00,Home & Kitchen,UPI,Regular,5,1843.99,0.23,9219.95,2120.5885000000003,7099.361500000001
2027-03-22 06:00:00,Groceries,Credit Card,New,2,836.5,0.17,1673.0,284.41,1388.59
2027-03-22 12:00:00,Groceries,Credit Card,Regular,5,700.04,0.2,3500.2,700.04,2800.16
2027-03-22 18:00:00,Groceries,Debit Card,New,5,1648.18,0.1,8240.9,824.09,7416.8099999999995
2027-03-23 00:00:00,Beauty,Credit Card,New,1,1419.58,0.12,1419.58,170.34959999999998,1249.2304
2027-03-23 06:00:00,Home & Kitchen,Credit Card,Regular,2,937.91,0.07,1875.82,131.3074,1744.5126
2027-03-23 12:00:00,Groceries,Credit Card,New,6,1621.64,0.29,9729.84,2821.6535999999996,6908.1864000000005
2027-03-23 18:00:00,Clothing,Credit Card,Regular,5,714.49,0.15,3572.45,535.8675,3036.5825
2027-03-24 00:00:00,Clothing,Debit Card,Regular,2,1997.33,0.3,3994.66,1198.398,2796.2619999999997
2027-03-24 06:00:00,Beauty,Credit Card,Regular,3,611.83,0.15,1835.4900000000002,275.3235,1560.1665000000003
2027-03-24 12:00:00,Beauty,Credit Card,Regular,1,439.15,0.07,439.15,30.7405,408.4095
2027-03-24 18:00:00,Electronics,UPI,Regular,6,1966.98,0.15,11801.880000000001,1770.2820000000002,10031.598000000002
2027-03-25 00:00:00,Electronics,Debit Card,New,1,1784.34,0.01,1784.34,17.8434,1766.4966
2027-03-25 06:00:00,Electronics,Cash,New,1,497.47,0.27,497.47,134.3169,363.1531
2027-03-25 12:00:00,Beauty,Cash,Regular,4,334.8,0.25,1339.2,334.8,1004.4000000000001
2027-03-25 18:00:00,Beauty,UPI,New,2,2104.08,0.22,4208.16,925.7952,3282.3648
2027-03-26 00:00:00,Beauty,UPI,New,3,1952.67,0.18,5858.01,1054.4418,4803.5682
2027-03-26 06:00:00,Clothing,Debit Card,Regular,5,851.78,0.17,4258.9,724.013,3534.8869999999997
2027-03-26 12:00:00,Beauty,Cash,Regular,3,1662.58,0.3,4987.74,1496.322,3491.4179999999997
2027-03-26 18:00:00,Clothing,Credit Card,New,2,354.19,0.08,708.38,56.6704,651.7096
2027-03-27 00:00:00,Electronics,UPI,Regular,1,1292.27,0.23,1292.27,297.2221,995.0479
2027-03-27 06:00:00,Electronics,Cash,Regular,4,95.89,0.17,383.56,65.2052,318.3548
2027-03-27 12:00:00,Electronics,Debit Card,Regular,2,1009.42,0.29,2018.84,585.4635999999999,1433.3764
2027-03-27 18:00:00,Groceries,Credit Card,New,6,233.36,0.25,1400.16,350.04,1050.1200000000001
2027-03-28 00:00:00,Groceries,Debit Card,Regular,6,1214.11,0.3,7284.66,2185.3979999999997,5099.262000000001
2027-03-28 06:00:00,Home & Kitchen,UPI,Regular,2,1083.12,0.18,2166.24,389.92319999999995,1776.3167999999998
2027-03-28 12:00:00,Home & Kitchen,Cash,Regular,5,1138.74,0.06,5693.7,341.62199999999996,5352.0779999999995
2027-03-28 18:00:00,Home & Kitchen,Cash,New,3,161.06,0.15,483.18,72.477,410.703
2027-03-29 00:00:00,Groceries,Cash,Regular,3,935.96,0.21,2807.88,589.6548,2218.2252
2027-03-29 06:00:00,Groceries,Cash,Regular,5,1903.39,0.23,9516.95,2188.8985000000002,7328.0515000000005
2027-03-29 12:00:00,Home & Kitchen,Credit Card,New,4,953.84,0.0,3815.36,0.0,3815.36
2027-03-29 18:00:00,Home & Kitchen,Credit Card,Regular,1,1802.17,0.15,1802.17,270.3255,1531.8445000000002
2027-03-30 00:00:00,Beauty,Debit Card,New,7,955.22,0.07,6686.54,468.05780000000004,6218.4822
2027-03-30 06:00:00,Home & Kitchen,Credit Card,New,7,1086.94,0.26,7608.58,1978.2308,5630.3492
2027-03-30 12:00:00,Beauty,UPI,New,1,1431.54,0.05,1431.54,71.577,1359.963
2027-03-30 18:00:00,Clothing,UPI,Regular,6,2379.17,0.2,14275.02,2855.0040000000004,11420.016
2027-03-31 00:00:00,Groceries,Cash,Regular,4,316.71,0.08,1266.84,101.3472,1165.4928
2027-03-31 06:00:00,Home & Kitchen,UPI,New,5,130.64,0.11,653.1999999999999,71.85199999999999,581.348
2027-03-31 12:00:00,Groceries,Debit Card,New,7,1539.5,0.28,10776.5,3017.42,7759.08
2027-03-31 18:00:00,Groceries,Credit Card,Regular,2,2375.29,0.07,4750.58,332.54060000000004,4418.0394
2027-04-01 00:00:00,Groceries,Credit Card,New,3,2474.82,0.03,7424.460000000001,222.73380000000003,7201.726200000001
2027-04-01 06:00:00,Clothing,Credit Card,Regular,2,1236.2,0.02,2472.4,49.448,2422.952
2027-04-01 12:00:00,Electronics,UPI,Regular,3,1196.8,0.15,3590.3999999999996,538.56,3051.8399999999997
2027-04-01 18:00:00,Home & Kitchen,Credit Card,Regular,2,1630.16,0.19,3260.32,619.4608000000001,2640.8592
2027-04-02 00:00:00,Electronics,Cash,New,5,1411.31,0.1,7056.549999999999,705.655,6350.8949999999995
2027-04-02 06:00:00,Electronics,Cash,Regular,5,1603.52,0.21,8017.6,1683.696,6333.904
2027-04-02 12:00:00,Electronics,Cash,Regular,4,2191.3,0.02,8765.2,175.30400000000003,8589.896
2027-04-02 18:00:00,Groceries,UPI,New,2,1878.45,0.26,3756.9,976.7940000000001,2780.1059999999998
2027-04-03 00:00:00,Beauty,Credit Card,Regular,2,1267.35,0.24,2534.7,608.328,1926.3719999999998
2027-04-03 06:00:00,Groceries,UPI,Regular,4,1181.57,0.3,4726.28,1417.8839999999998,3308.3959999999997
2027-04-03 12:00:00,Groceries,Credit Card,Regular,4,1617.02,0.28,6468.08,1811.0624000000003,4657.017599999999
2027-04-03 18:00:00,Electronics,Debit Card,Regular,5,1166.48,0.11,5832.4,641.564,5190.835999999999
2027-04-04 00:00:00,Groceries,Debit Card,New,5,1171.56,0.12,5857.799999999999,702.9359999999999,5154.864
2027-04-04 06:00:00,Electronics,UPI,New,6,89.95,0.22,539.7,118.73400000000001,420.966
2027-04-04 12:00:00,Beauty,Cash,Regular,2,476.46,0.04,952.92,38.1168,914.8032
2027-04-04 18:00:00,Home & Kitchen,UPI,New,5,1246.86,0.09,6234.299999999999,561.0869999999999,5673.213
2027-04-05 00:00:00,Electronics,Cash,Regular,7,2065.5,0.04,14458.5,578.34,13880.16
2027-04-05 06:00:00,Beauty,Credit Card,Regular,5,732.88,0.14,3664.4,513.0160000000001,3151.384
2027-04-05 12:00:00,Home & Kitchen,Cash,Regular,2,1330.48,0.17,2660.96,452.36320000000006,2208.5968
2027-04-05 18:00:00,Clothing,Cash,Regular,4,895.16,0.06,3580.64,214.83839999999998,3365.8016
2027-04-06 00:00:00,Electronics,Credit Card,Regular,2,306.77,0.01,613.54,6.1354,607.4046
2027-04-06 06:00:00,Electronics,Debit Card,Regular,7,2397.83,0.22,16784.809999999998,3692.6581999999994,13092.151799999998
2027-04-06 12:00:00,Clothing,Credit Card,Regular,1,2143.95,0.01,2143.95,21.4395,2122.5105
2027-04-06 18:00:00,Clothing,UPI,Regular,2,242.31,0.29,484.62,140.53979999999999,344.0802
2027-04-07 00:00:00,Electronics,UPI,Regular,1,1813.48,0.07,1813.48,126.94360000000002,1686.5364
2027-04-07 06:00:00,Clothing,UPI,Regular,2,901.57,0.2,1803.14,360.62800000000004,1442.5120000000002
2027-04-07 12:00:00,Groceries,UPI,New,7,2487.38,0.13,17411.66,2263.5158,15148.144199999999
2027-04-07 18:00:00,Home & Kitchen,UPI,Regular,1,790.88,0.02,790.88,15.8176,775.0624
2027-04-08 00:00:00,Home & Kitchen,Debit Card,Regular,1,634.91,0.14,634.91,88.8874,546.0226
2027-04-08 06:00:00,Home & Kitchen,Debit Card,New,7,1441.33,0.16,10089.31,1614.2896,8475.0204
2027-04-08 12:00:00,Groceries,Cash,New,2,2096.06,0.26,4192.12,1089.9512,3102.1688
2027-04-08 18:00:00,Clothing,UPI,Regular,6,521.67,0.22,3130.0199999999995,688.6043999999999,2441.4155999999994
2027-04-09 00:00:00,Beauty,Credit Card,Regular,5,1788.04,0.02,8940.2,178.80400000000003,8761.396
2027-04-09 06:00:00,Clothing,UPI,New,3,200.45,0.06,601.3499999999999,36.080999999999996,565.2689999999999
2027-04-09 12:00:00,Electronics,Debit Card,Regular,5,2301.39,0.09,11506.949999999999,1035.6254999999999,10471.324499999999
2027-04-09 18:00:00,Home & Kitchen,UPI,New,1,248.63,0.03,248.63,7.4589,241.1711
2027-04-10 00:00:00,Clothing,Debit Card,New,2,2289.87,0.14,4579.74,641.1636,3938.5764
2027-04-10 06:00:00,Beauty,Cash,Regular,2,1252.48,0.3,2504.96,751.4879999999999,1753.4720000000002
2027-04-10 12:00:00,Electronics,Cash,New,2,1147.82,0.15,2295.64,344.34599999999995,1951.2939999999999
2027-04-10 18:00:00,Groceries,Cash,Regular,2,2434.6,0.22,4869.2,1071.224,3797.9759999999997
2027-04-11 00:00:00,Groceries,Debit Card,Regular,6,2476.44,0.2,14858.64,2971.728,11886.912
2027-04-11 06:00:00,Beauty,UPI,New,3,1642.94,0.25,4928.82,1232.205,3696.615
2027-04-11 12:00:00,Electronics,UPI,Regular,4,361.44,0.06,1445.76,86.7456,1359.0144
2027-04-11 18:00:00,Home & Kitchen,Credit Card,New,1,1290.12,0.23,1290.12,296.7276,993.3924
2027-04-12 00:00:00,Clothing,Debit Card,New,3,1346.45,0.26,4039.3500000000004,1050.2310000000002,2989.119
2027-04-12 06:00:00,Electronics,Credit Card,New,5,1310.39,0.05,6551.950000000001,327.5975000000001,6224.352500000001
2027-04-12 12:00:00,Groceries,Cash,Regular,4,1445.26,0.1,5781.04,578.104,5202.936
2027-04-12 18:00:00,Beauty,UPI,Regular,4,95.88,0.29,383.52,111.22079999999998,272.2992
2027-04-13 00:00:00,Beauty,Debit Card,Regular,2,1792.51,0.23,3585.02,824.5546,2760.4654
2027-04-13 06:00:00,Clothing,Credit Card,Regular,3,1795.37,0.08,5386.11,430.8888,4955.2212
2027-04-13 12:00:00,Beauty,Credit Card,Regular,5,332.9,0.17,1664.5,282.96500000000003,1381.5349999999999
2027-04-13 18:00:00,Beauty,Credit Card,New,2,1447.09,0.12,2894.18,347.30159999999995,2546.8784
2027-04-14 00:00:00,Electronics,UPI,New,2,1442.48,0.15,2884.96,432.74399999999997,2452.216
2027-04-14 06:00:00,Home & Kitchen,UPI,Regular,7,1722.0,0.11,12054.0,1325.94,10728.06
2027-04-14 12:00:00,Clothing,UPI,Regular,7,259.22,0.08,1814.5400000000002,145.16320000000002,1669.3768000000002
2027-04-14 18:00:00,Electronics,Debit Card,New,7,1584.93,0.2,11094.51,2218.902,8875.608
2027-04-15 00:00:00,Home & Kitchen,UPI,Regular,6,737.84,0.23,4427.04,1018.2192,3408.8208
2027-04-15 06:00:00,Electronics,Debit Card,Regular,1,1292.16,0.26,1292.16,335.96160000000003,956.1984
2027-04-15 12:00:00,Electronics,Credit Card,New,4,1944.64,0.05,7778.56,388.92800000000005,7389.6320000000005
2027-04-15 18:00:00,Beauty,Credit Card,New,5,1778.83,0.25,8894.15,2223.5375,6670.612499999999
2027-04-16 00:00:00,Home & Kitchen,Cash,Regular,4,341.31,0.08,1365.24,109.2192,1256.0208
2027-04-16 06:00:00,Clothing,UPI,New,3,1498.4,0.13,4495.200000000001,584.3760000000001,3910.8240000000005
2027-04-16 12:00:00,Clothing,Credit Card,Regular,1,2424.34,0.27,2424.34,654.5718,1769.7682
2027-04-16 18:00:00,Home & Kitchen,UPI,New,2,434.09,0.14,868.18,121.54520000000001,746.6347999999999
2027-04-17 00:00:00,Beauty,Debit Card,Regular,1,2139.62,0.06,2139.62,128.3772,2011.2428
2027-04-17 06:00:00,Groceries,Credit Card,Regular,2,1771.24,0.05,3542.48,177.12400000000002,3365.3559999999998
2027-04-17 12:00:00,Electronics,UPI,New,7,1946.31,0.14,13624.17,1907.3838000000003,11716.7862
2027-04-17 18:00:00,Beauty,Credit Card,Regular,1,740.8,0.23,740.8,170.384,570.4159999999999
2027-04-18 00:00:00,Home & Kitchen,Credit Card,New,2,755.33,0.3,1510.66,453.19800000000004,1057.462
2027-04-18 06:00:00,Electronics,UPI,New,4,2269.75,0.24,9079.0,2178.96,6900.04
2027-04-18 12:00:00,Clothing,Credit Card,New,7,931.59,0.26,6521.13,1695.4938000000002,4825.6362
2027-04-18 18:00:00,Groceries,Credit Card,New,7,204.39,0.22,1430.73,314.7606,1115.9694
2027-04-19 00:00:00,Clothing,Credit Card,Regular,7,1521.46,0.27,10650.220000000001,2875.5594000000006,7774.660600000001
2027-04-19 06:00:00,Home & Kitchen,Credit Card,New,4,355.8,0.02,1423.2,28.464000000000002,1394.736
2027-04-19 12:00:00,Electronics,Debit Card,Regular,4,2001.66,0.28,8006.64,2241.8592000000003,5764.7808
2027-04-19 18:00:00,Home & Kitchen,Credit Card,Regular,4,1622.28,0.12,6489.12,778.6944,5710.4256
2027-04-20 00:00:00,Electronics,Cash,New,7,2193.08,0.28,15351.56,4298.4368,11053.123199999998
2027-04-20 06:00:00,Beauty,Credit Card,Regular,1,1972.85,0.02,1972.85,39.457,1933.3929999999998
2027-04-20 12:00:00,Groceries,UPI,Regular,2,324.68,0.21,649.36,136.3656,512.9944
2027-04-20 18:00:00,Beauty,Cash,Regular,4,983.62,0.22,3934.48,865.5856,3068.8944
2027-04-21 00:00:00,Beauty,Debit Card,Regular,1,1947.67,0.3,1947.67,584.301,1363.3690000000001
2027-04-21 06:00:00,Home & Kitchen,Cash,New,2,1072.49,0.23,2144.98,493.34540000000004,1651.6345999999999
2027-04-21 12:00:00,Groceries,Cash,Regular,7,2432.3,0.11,17026.100000000002,1872.8710000000003,15153.229000000001
2027-04-21 18:00:00,Electronics,Cash,Regular,1,1852.56,0.17,1852.56,314.9352,1537.6248
2027-04-22 00:00:00,Electronics,UPI,New,7,87.97,0.11,615.79,67.73689999999999,548.0531
2027-04-22 06:00:00,Clothing,UPI,Regular,6,2205.96,0.06,13235.76,794.1456,12441.6144
2027-04-22 12:00:00,Electronics,UPI,Regular,4,296.97,0.07,1187.88,83.15160000000002,1104.7284000000002
2027-04-22 18:00:00,Home & Kitchen,Debit Card,Regular,3,394.28,0.07,1182.84,82.7988,1100.0412
2027-04-23 00:00:00,Beauty,UPI,Regular,1,1849.51,0.16,1849.51,295.9216,1553.5884
2027-04-23 06:00:00,Beauty,UPI,Regular,4,2169.17,0.27,8676.68,2342.7036000000003,6333.9764
2027-04-23 12:00:00,Beauty,Cash,New,5,1364.06,0.27,6820.299999999999,1841.481,4978.8189999999995
2027-04-23 18:00:00,Groceries,UPI,Regular,2,758.17,0.02,1516.34,30.3268,1486.0131999999999
2027-04-24 00:00:00,Electronics,Credit Card,New,6,910.72,0.02,5464.32,109.2864,5355.0336
2027-04-24 06:00:00,Home & Kitchen,UPI,New,4,890.08,0.07,3560.32,249.22240000000002,3311.0976
2027-04-24 12:00:00,Groceries,Debit Card,New,5,850.36,0.08,4251.8,340.144,3911.656
2027-04-24 18:00:00,Clothing,Debit Card,Regular,1,645.13,0.03,645.13,19.3539,625.7761
2027-04-25 00:00:00,Home & Kitchen,Credit Card,Regular,1,1541.72,0.12,1541.72,185.00639999999999,1356.7136
2027-04-25 06:00:00,Home & Kitchen,Debit Card,Regular,5,2255.99,0.18,11279.949999999999,2030.3909999999996,9249.559
2027-04-25 12:00:00,Home & Kitchen,Debit Card,New,6,802.35,0.17,4814.1,818.3970000000002,3995.7030000000004
2027-04-25 18:00:00,Beauty,Cash,Regular,5,507.4,0.16,2537.0,405.92,2131.08
2027-04-26 00:00:00,Home & Kitchen,Credit Card,Regular,2,2104.52,0.1,4209.04,420.904,3788.136
2027-04-26 06:00:00,Electronics,Cash,Regular,1,1867.37,0.21,1867.37,392.1477,1475.2223
2027-04-26 12:00:00,Home & Kitchen,Cash,Regular,5,2330.55,0.25,11652.75,2913.1875,8739.5625
2027-04-26 18:00:00,Beauty,UPI,Regular,3,455.52,0.1,1366.56,136.656,1229.904
2027-04-27 00:00:00,Home & Kitchen,Credit Card,Regular,3,403.42,0.03,1210.26,36.3078,1173.9522
2027-04-27 06:00:00,Clothing,UPI,Regular,5,1376.5,0.09,6882.5,619.425,6263.075
2027-04-27 12:00:00,Clothing,UPI,Regular,2,1555.36,0.04,3110.72,124.4288,2986.2911999999997
2027-04-27 18:00:00,Beauty,Cash,Regular,1,1226.42,0.14,1226.42,171.69880000000003,1054.7212
2027-04-28 00:00:00,Electronics,Debit Card,New,3,1517.47,0.05,4552.41,227.6205,4324.7895
2027-04-28 06:00:00,Electronics,Credit Card,Regular,5,491.93,0.14,2459.65,344.35100000000006,2115.299
2027-04-28 12:00:00,Groceries,Debit Card,Regular,7,1225.05,0.07,8575.35,600.2745000000001,7975.0755
2027-04-28 18:00:00,Beauty,Cash,Regular,5,1662.33,0.22,8311.65,1828.5629999999999,6483.0869999999995
2027-04-29 00:00:00,Home & Kitchen,Cash,Regular,4,1110.13,0.01,4440.52,44.40520000000001,4396.1148
2027-04-29 06:00:00,Beauty,Cash,New,5,1714.65,0.17,8573.25,1457.4525,7115.7975
2027-04-29 12:00:00,Groceries,Cash,Regular,2,1155.42,0.05,2310.84,115.54200000000002,2195.2980000000002
2027-04-29 18:00:00,Beauty,Cash,New,3,867.32,0.0,2601.96,0.0,2601.96
2027-04-30 00:00:00,Beauty,Cash,New,4,793.83,0.26,3175.32,825.5832,2349.7368
2027-04-30 06:00:00,Groceries,Debit Card,New,3,1056.71,0.2,3170.13,634.0260000000001,2536.1040000000003
2027-04-30 12:00:00,Electronics,UPI,Regular,3,106.57,0.03,319.71,9.591299999999999,310.1187
2027-04-30 18:00:00,Home & Kitchen,Debit Card,Regular,2,1687.89,0.2,3375.78,675.1560000000001,2700.6240000000003
2027-05-01 00:00:00,Groceries,Credit Card,New,5,2120.51,0.18,10602.550000000001,1908.459,8694.091
2027-05-01 06:00:00,Clothing,Debit Card,Regular,2,918.84,0.14,1837.68,257.27520000000004,1580.4048
2027-05-01 12:00:00,Electronics,Cash,New,5,162.78,0.13,813.9,105.807,708.093
2027-05-01 18:00:00,Clothing,Debit Card,New,4,2467.6,0.27,9870.4,2665.0080000000003,7205.392
2027-05-02 00:00:00,Electronics,UPI,New,2,696.06,0.07,1392.12,97.4484,1294.6716
2027-05-02 06:00:00,Home & Kitchen,Credit Card,Regular,2,360.22,0.12,720.44,86.4528,633.9872
2027-05-02 12:00:00,Home & Kitchen,Debit Card,New,7,955.89,0.1,6691.23,669.123,6022.107
2027-05-02 18:00:00,Beauty,UPI,New,6,1859.46,0.23,11156.76,2566.0548000000003,8590.7052
2027-05-03 00:00:00,Clothing,Debit Card,New,1,770.1,0.27,770.1,207.92700000000002,562.173
2027-05-03 06:00:00,Electronics,Credit Card,Regular,2,1458.02,0.25,2916.04,729.01,2187.0299999999997
2027-05-03 12:00:00,Home & Kitchen,Debit Card,Regular,6,1068.12,0.24,6408.719999999999,1538.0928,4870.627199999999
2027-05-03 18:00:00,Groceries,Cash,Regular,1,338.52,0.3,338.52,101.556,236.964
2027-05-04 00:00:00,Home & Kitchen,Debit Card,Regular,7,859.2,0.21,6014.400000000001,1263.0240000000001,4751.376
2027-05-04 06:00:00,Groceries,UPI,Regular,5,1825.93,0.23,9129.65,2099.8195,7029.8305
2027-05-04 12:00:00,Electronics,Debit Card,New,5,1549.41,0.29,7747.05,2246.6445,5500.405500000001
2027-05-04 18:00:00,Home & Kitchen,UPI,Regular,5,343.46,0.0,1717.3,0.0,1717.3
2027-05-05 00:00:00,Home & Kitchen,Credit Card,New,6,450.14,0.19,2700.84,513.1596000000001,2187.6804
2027-05-05 06:00:00,Electronics,Debit Card,Regular,6,1619.8,0.22,9718.8,2138.136,7580.663999999999
2027-05-05 12:00:00,Home & Kitchen,Credit Card,Regular,1,2042.87,0.28,2042.87,572.0036,1470.8663999999999
2027-05-05 18:00:00,Groceries,Credit Card,Regular,5,906.21,0.27,4531.05,1223.3835000000001,3307.6665000000003
2027-05-06 00:00:00,Home & Kitchen,Debit Card,Regular,3,1508.51,0.25,4525.53,1131.3825,3394.1475
2027-05-06 06:00:00,Clothing,UPI,New,2,468.08,0.28,936.16,262.1248,674.0352
2027-05-06 12:00:00,Beauty,Credit Card,Regular,6,812.87,0.16,4877.22,780.3552000000001,4096.8648
2027-05-06 18:00:00,Groceries,Credit Card,Regular,6,99.66,0.0,597.96,0.0,597.96
2027-05-07 00:00:00,Clothing,Debit Card,Regular,6,1932.28,0.0,11593.68,0.0,11593.68
2027-05-07 06:00:00,Electronics,Debit Card,New,1,1032.47,0.16,1032.47,165.1952,867.2748
2027-05-07 12:00:00,Groceries,Debit Card,Regular,5,2049.51,0.13,10247.550000000001,1332.1815000000001,8915.3685
2027-05-07 18:00:00,Beauty,Debit Card,Regular,3,1785.51,0.14,5356.53,749.9142,4606.6158
2027-05-08 00:00:00,Beauty,Debit Card,Regular,2,2080.42,0.12,4160.84,499.3008,3661.5392
2027-05-08 06:00:00,Electronics,Cash,Regular,2,749.86,0.28,1499.72,419.92160000000007,1079.7984
2027-05-08 12:00:00,Electronics,Debit Card,Regular,5,503.52,0.11,2517.6,276.936,2240.6639999999998
2027-05-08 18:00:00,Groceries,UPI,New,3,2431.17,0.26,7293.51,1896.3126000000002,5397.1974
2027-05-09 00:00:00,Home & Kitchen,Credit Card,Regular,1,1807.45,0.27,1807.45,488.01150000000007,1319.4385
2027-05-09 06:00:00,Electronics,UPI,Regular,6,2093.4,0.15,12560.400000000001,1884.0600000000002,10676.340000000002
2027-05-09 12:00:00,Home & Kitchen,UPI,Regular,6,82.18,0.13,493.08000000000004,64.10040000000001,428.9796
2027-05-09 18:00:00,Clothing,Cash,Regular,7,918.43,0.23,6429.009999999999,1478.6723,4950.337699999999
2027-05-10 00:00:00,Beauty,Debit Card,Regular,5,1869.9,0.21,9349.5,1963.395,7386.105
2027-05-10 06:00:00,Home & Kitchen,Credit Card,New,2,241.06,0.1,482.12,48.212,433.908
2027-05-10 12:00:00,Beauty,UPI,New,6,1439.98,0.03,8639.880000000001,259.19640000000004,8380.6836
2027-05-10 18:00:00,Home & Kitchen,Debit Card,New,7,1101.23,0.08,7708.610000000001,616.6888,7091.921200000001
2027-05-11 00:00:00,Clothing,Debit Card,New,2,93.16,0.04,186.32,7.4528,178.8672
2027-05-11 06:00:00,Electronics,Cash,Regular,2,628.14,0.09,1256.28,113.06519999999999,1143.2148
2027-05-11 12:00:00,Clothing,Cash,Regular,5,747.74,0.08,3738.7,299.096,3439.604
2027-05-11 18:00:00,Electronics,Cash,Regular,4,324.06,0.19,1296.24,246.28560000000002,1049.9544
2027-05-12 00:00:00,Electronics,Credit Card,Regular,7,1597.27,0.29,11180.89,3242.4581,7938.4319
2027-05-12 06:00:00,Beauty,UPI,Regular,4,643.87,0.21,2575.48,540.8507999999999,2034.6292
2027-05-12 12:00:00,Clothing,Cash,Regular,4,730.17,0.28,2920.68,817.7904,2102.8896
2027-05-12 18:00:00,Home & Kitchen,Cash,New,7,2250.68,0.24,15754.759999999998,3781.1423999999993,11973.6176
2027-05-13 00:00:00,Clothing,Cash,New,3,1194.45,0.22,3583.3500000000004,788.3370000000001,2795.0130000000004
2027-05-13 06:00:00,Beauty,UPI,New,5,1010.71,0.12,5053.55,606.426,4447.124
2027-05-13 12:00:00,Electronics,UPI,New,7,1823.48,0.1,12764.36,1276.4360000000001,11487.924
2027-05-13 18:00:00,Beauty,Cash,Regular,2,2278.55,0.25,4557.1,1139.275,3417.8250000000003
2027-05-14 00:00:00,Groceries,Cash,Regular,7,111.34,0.27,779.38,210.4326,568.9474
2027-05-14 06:00:00,Groceries,Debit Card,New,6,1148.19,0.14,6889.14,964.4796000000001,5924.660400000001
2027-05-14 12:00:00,Home & Kitchen,Cash,Regular,7,1546.41,0.0,10824.87,0.0,10824.87
2027-05-14 18:00:00,Beauty,Credit Card,Regular,3,830.48,0.24,2491.44,597.9456,1893.4944
2027-05-15 00:00:00,Home & Kitchen,Credit Card,Regular,4,1942.4,0.09,7769.6,699.264,7070.336
2027-05-15 06:00:00,Home & Kitchen,Cash,Regular,1,2430.12,0.0,2430.12,0.0,2430.12
2027-05-15 12:00:00,Groceries,UPI,Regular,3,2361.4,0.24,7084.200000000001,1700.208,5383.992
2027-05-15 18:00:00,Home & Kitchen,Debit Card,Regular,3,701.66,0.16,2104.98,336.7968,1768.1832
2027-05-16 00:00:00,Groceries,UPI,Regular,5,604.53,0.21,3022.6499999999996,634.7564999999998,2387.8934999999997
2027-05-16 06:00:00,Electronics,Cash,New,6,2395.85,0.27,14375.099999999999,3881.277,10493.822999999999
2027-05-16 12:00:00,Beauty,Credit Card,Regular,3,1173.64,0.16,3520.92,563.3472,2957.5728
2027-05-16 18:00:00,Home & Kitchen,Debit Card,Regular,7,560.33,0.15,3922.3100000000004,588.3465,3333.9635000000003
2027-05-17 00:00:00,Groceries,UPI,Regular,6,1782.14,0.09,10692.84,962.3556,9730.4844
2027-05-17 06:00:00,Clothing,UPI,Regular,5,746.83,0.09,3734.15,336.0735,3398.0765
2027-05-17 12:00:00,Home & Kitchen,Cash,New,7,704.76,0.24,4933.32,1183.9968,3749.3232
2027-05-17 18:00:00,Electronics,Debit Card,New,1,2204.16,0.13,2204.16,286.5408,1917.6191999999999
2027-05-18 00:00:00,Electronics,Credit Card,New,2,448.07,0.05,896.14,44.807,851.333
2027-05-18 06:00:00,Clothing,Cash,Regular,2,207.76,0.03,415.52,12.465599999999998,403.0544
2027-05-18 12:00:00,Groceries,Debit Card,Regular,4,709.51,0.14,2838.04,397.3256,2440.7144
2027-05-18 18:00:00,Home & Kitchen,UPI,Regular,4,1537.02,0.14,6148.08,860.7312000000001,5287.3488
2027-05-19 00:00:00,Groceries,Cash,Regular,1,351.57,0.2,351.57,70.31400000000001,281.256
2027-05-19 06:00:00,Electronics,UPI,Regular,2,1205.41,0.14,2410.82,337.51480000000004,2073.3052000000002
2027-05-19 12:00:00,Groceries,UPI,Regular,4,1586.98,0.04,6347.92,253.9168,6094.0032
2027-05-19 18:00:00,Electronics,Cash,Regular,6,2129.41,0.15,12776.46,1916.4689999999998,10859.991
2027-05-20 00:00:00,Groceries,Cash,New,3,613.18,0.27,1839.54,496.67580000000004,1342.8642
2027-05-20 06:00:00,Clothing,Cash,Regular,5,2052.5,0.05,10262.5,513.125,9749.375
2027-05-20 12:00:00,Beauty,Cash,New,7,625.52,0.21,4378.639999999999,919.5143999999998,3459.1255999999994
2027-05-20 18:00:00,Clothing,Cash,Regular,4,1708.08,0.18,6832.32,1229.8175999999999,5602.502399999999
2027-05-21 00:00:00,Clothing,UPI,Regular,1,1105.15,0.22,1105.15,243.133,862.017
2027-05-21 06:00:00,Beauty,Credit Card,New,7,330.97,0.05,2316.79,115.8395,2200.9505
2027-05-21 12:00:00,Beauty,Credit Card,New,2,1799.95,0.28,3599.9,1007.9720000000001,2591.928
2027-05-21 18:00:00,Home & Kitchen,Cash,Regular,1,583.52,0.19,583.52,110.8688,472.6512
2027-05-22 00:00:00,Home & Kitchen,UPI,Regular,5,482.73,0.25,2413.65,603.4125,1810.2375000000002
2027-05-22 06:00:00,Clothing,Credit Card,Regular,5,927.89,0.07,4639.45,324.7615,4314.6885
2027-05-22 12:00:00,Clothing,Credit Card,Regular,1,1650.56,0.22,1650.56,363.1232,1287.4368
2027-05-22 18:00:00,Electronics,Credit Card,New,4,623.29,0.23,2493.16,573.4268,1919.7332
2027-05-23 00:00:00,Electronics,UPI,New,4,499.97,0.12,1999.88,239.9856,1759.8944000000001
2027-05-23 06:00:00,Home & Kitchen,Cash,Regular,2,74.39,0.12,148.78,17.8536,130.9264
2027-05-23 12:00:00,Home & Kitchen,Cash,Regular,6,1205.53,0.2,7233.18,1446.6360000000002,5786.544
2027-05-23 18:00:00,Electronics,Cash,Regular,2,1100.18,0.03,2200.36,66.0108,2134.3492
2027-05-24 00:00:00,Electronics,Debit Card,Regular,3,622.98,0.22,1868.94,411.1668,1457.7732
2027-05-24 06:00:00,Groceries,Debit Card,New,6,181.45,0.01,1088.6999999999998,10.886999999999999,1077.8129999999999
2027-05-24 12:00:00,Groceries,Debit Card,New,7,1101.68,0.06,7711.76,462.7056,7249.0544
2027-05-24 18:00:00,Electronics,UPI,Regular,3,1981.1,0.2,5943.299999999999,1188.6599999999999,4754.639999999999
2027-05-25 00:00:00,Groceries,Credit Card,Regular,2,1802.44,0.03,3604.88,108.1464,3496.7336
2027-05-25 06:00:00,Beauty,Credit Card,Regular,6,2158.95,0.29,12953.699999999999,3756.5729999999994,9197.127
2027-05-25 12:00:00,Home & Kitchen,UPI,Regular,6,73.48,0.26,440.88,114.6288,326.2512
2027-05-25 18:00:00,Home & Kitchen,UPI,New,3,2417.73,0.19,7253.1900000000005,1378.1061000000002,5875.0839000000005
2027-05-26 00:00:00,Electronics,Cash,Regular,1,886.46,0.25,886.46,221.615,664.845
2027-05-26 06:00:00,Clothing,Cash,Regular,4,2476.47,0.27,9905.88,2674.5876,7231.292399999999
2027-05-26 12:00:00,Electronics,Debit Card,Regular,6,668.92,0.08,4013.5199999999995,321.0816,3692.4383999999995
2027-05-26 18:00:00,Groceries,Debit Card,New,7,1205.26,0.25,8436.82,2109.205,6327.615
2027-05-27 00:00:00,Clothing,UPI,Regular,7,917.12,0.06,6419.84,385.1904,6034.6496
2027-05-27 06:00:00,Groceries,Debit Card,New,6,921.61,0.12,5529.66,663.5591999999999,4866.1008
2027-05-27 12:00:00,Beauty,Credit Card,New,3,2113.59,0.17,6340.77,1077.9309,5262.8391
2027-05-27 18:00:00,Groceries,UPI,New,6,1878.73,0.21,11272.380000000001,2367.1998000000003,8905.1802
2027-05-28 00:00:00,Beauty,UPI,Regular,3,2480.77,0.01,7442.3099999999995,74.42309999999999,7367.8868999999995
2027-05-28 06:00:00,Beauty,Credit Card,Regular,1,1553.11,0.09,1553.11,139.7799,1413.3301
2027-05-28 12:00:00,Groceries,Cash,Regular,7,1184.98,0.18,8294.86,1493.0748,6801.7852
2027-05-28 18:00:00,Groceries,Cash,Regular,6,270.68,0.11,1624.08,178.6488,1445.4312
2027-05-29 00:00:00,Beauty,Credit Card,Regular,5,2491.58,0.23,12457.9,2865.317,9592.582999999999
2027-05-29 06:00:00,Clothing,Credit Card,Regular,2,1401.25,0.2,2802.5,560.5,2242.0
2027-05-29 12:00:00,Beauty,Debit Card,Regular,7,1766.17,0.07,12363.19,865.4233000000002,11497.7667
2027-05-29 18:00:00,Home & Kitchen,UPI,New,1,1046.52,0.04,1046.52,41.8608,1004.6591999999999
2027-05-30 00:00:00,Beauty,Debit Card,Regular,5,1391.9,0.19,6959.5,1322.305,5637.195
2027-05-30 06:00:00,Clothing,Credit Card,Regular,7,2359.32,0.14,16515.24,2312.1336000000006,14203.1064
2027-05-30 12:00:00,Home & Kitchen,Debit Card,New,1,457.73,0.05,457.73,22.8865,434.8435
2027-05-30 18:00:00,Electronics,Credit Card,New,4,766.31,0.1,3065.24,306.524,2758.716
2027-05-31 00:00:00,Electronics,Debit Card,New,1,422.55,0.09,422.55,38.0295,384.5205
2027-05-31 06:00:00,Clothing,Debit Card,New,1,1990.93,0.03,1990.93,59.7279,1931.2021
2027-05-31 12:00:00,Beauty,Cash,New,4,202.01,0.16,808.04,129.2864,678.7536
2027-05-31 18:00:00,Groceries,Credit Card,Regular,6,250.0,0.23,1500.0,345.0,1155.0
2027-06-01 00:00:00,Clothing,Debit Card,Regular,2,781.31,0.17,1562.62,265.6454,1296.9746
2027-06-01 06:00:00,Home & Kitchen,UPI,Regular,5,1309.76,0.25,6548.8,1637.2,4911.6
2027-06-01 12:00:00,Home & Kitchen,Debit Card,Regular,7,1045.37,0.04,7317.589999999999,292.7036,7024.886399999999
2027-06-01 18:00:00,Electronics,Debit Card,Regular,3,159.8,0.13,479.40000000000003,62.32200000000001,417.07800000000003
2027-06-02 00:00:00,Home & Kitchen,UPI,Regular,2,2395.85,0.18,4791.7,862.506,3929.194
2027-06-02 06:00:00,Clothing,Credit Card,Regular,7,2384.53,0.2,16691.710000000003,3338.3420000000006,13353.368000000002
2027-06-02 12:00:00,Home & Kitchen,Cash,Regular,1,734.42,0.21,734.42,154.2282,580.1918
2027-06-02 18:00:00,Clothing,Cash,Regular,3,1842.24,0.22,5526.72,1215.8784,4310.8416
2027-06-03 00:00:00,Groceries,Cash,New,4,1467.51,0.2,5870.04,1174.008,4696.032
2027-06-03 06:00:00,Electronics,UPI,Regular,2,631.82,0.03,1263.64,37.9092,1225.7308
2027-06-03 12:00:00,Home & Kitchen,Debit Card,New,6,692.32,0.21,4153.92,872.3231999999999,3281.5968000000003
2027-06-03 18:00:00,Clothing,Credit Card,Regular,5,1253.33,0.22,6266.65,1378.663,4887.986999999999
2027-06-04 00:00:00,Beauty,Debit Card,New,2,1077.13,0.3,2154.26,646.278,1507.9820000000002
2027-06-04 06:00:00,Electronics,Cash,New,2,763.51,0.21,1527.02,320.6742,1206.3458
2027-06-04 12:00:00,Groceries,Debit Card,New,6,2028.4,0.21,12170.400000000001,2555.784,9614.616000000002
2027-06-04 18:00:00,Clothing,UPI,New,3,1229.58,0.15,3688.74,553.3109999999999,3135.429
2027-06-05 00:00:00,Groceries,UPI,Regular,4,1654.38,0.26,6617.52,1720.5552000000002,4896.9648
2027-06-05 06:00:00,Groceries,Credit Card,New,6,513.72,0.3,3082.32,924.696,2157.6240000000003
2027-06-05 12:00:00,Home & Kitchen,Credit Card,New,7,1357.09,0.23,9499.63,2184.9148999999998,7314.715099999999
2027-06-05 18:00:00,Home & Kitchen,Cash,New,4,829.04,0.18,3316.16,596.9087999999999,2719.2511999999997
2027-06-06 00:00:00,Clothing,Credit Card,New,6,1339.71,0.02,8038.26,160.76520000000002,7877.4948
2027-06-06 06:00:00,Beauty,Debit Card,Regular,2,1963.02,0.22,3926.04,863.7288,3062.3112
2027-06-06 12:00:00,Clothing,UPI,New,4,1933.84,0.21,7735.36,1624.4255999999998,6110.9344
2027-06-06 18:00:00,Beauty,UPI,Regular,3,917.84,0.23,2753.52,633.3096,2120.2104
2027-06-07 00:00:00,Groceries,UPI,Regular,3,1750.98,0.04,5252.9400000000005,210.11760000000004,5042.822400000001
2027-06-07 06:00:00,Electronics,Credit Card,Regular,5,2356.16,0.2,11780.8,2356.16,9424.64
2027-06-07 12:00:00,Clothing,UPI,New,4,1582.89,0.09,6331.56,569.8404,5761.7196
2027-06-07 18:00:00,Clothing,UPI,Regular,5,413.6,0.23,2068.0,475.64000000000004,1592.36
2027-06-08 00:00:00,Beauty,UPI,Regular,7,1715.29,0.07,12007.029999999999,840.4921,11166.5379
2027-06-08 06:00:00,Groceries,Cash,Regular,6,307.02,0.21,1842.12,386.8452,1455.2748
2027-06-08 12:00:00,Groceries,Cash,New,1,2186.67,0.09,2186.67,196.8003,1989.8697000000002
2027-06-08 18:00:00,Beauty,Credit Card,Regular,7,1315.82,0.0,9210.74,0.0,9210.74
2027-06-09 00:00:00,Groceries,UPI,Regular,3,993.59,0.19,2980.77,566.3463,2414.4237
2027-06-09 06:00:00,Home & Kitchen,Credit Card,Regular,2,189.67,0.03,379.34,11.380199999999999,367.9598
2027-06-09 12:00:00,Electronics,UPI,New,3,982.92,0.2,2948.7599999999998,589.752,2359.008
2027-06-09 18:00:00,Clothing,UPI,New,1,2262.86,0.28,2262.86,633.6008,1629.2592
2027-06-10 00:00:00,Electronics,UPI,New,2,101.41,0.29,202.82,58.81779999999999,144.00220000000002
2027-06-10 06:00:00,Clothing,Credit Card,Regular,4,1212.89,0.07,4851.56,339.60920000000004,4511.9508000000005
2027-06-10 12:00:00,Home & Kitchen,Credit Card,New,4,2331.34,0.24,9325.36,2238.0864,7087.2736
2027-06-10 18:00:00,Groceries,UPI,Regular,7,1017.36,0.11,7121.52,783.3672,6338.152800000001
2027-06-11 00:00:00,Beauty,Debit Card,Regular,3,1099.03,0.27,3297.09,890.2143000000001,2406.8757
2027-06-11 06:00:00,Home & Kitchen,Credit Card,Regular,2,1467.47,0.24,2934.94,704.3856,2230.5544
2027-06-11 12:00:00,Electronics,Cash,Regular,6,1184.2,0.02,7105.200000000001,142.104,6963.0960000000005
2027-06-11 18:00:00,Beauty,Credit Card,New,2,463.07,0.12,926.14,111.1368,815.0032
2027-06-12 00:00:00,Groceries,UPI,Regular,5,95.46,0.1,477.29999999999995,47.73,429.56999999999994
2027-06-12 06:00:00,Home & Kitchen,Debit Card,Regular,1,1544.04,0.24,1544.04,370.5696,1173.4704
2027-06-12 12:00:00,Beauty,UPI,Regular,7,2305.98,0.12,16141.86,1937.0232,14204.836800000001
2027-06-12 18:00:00,Home & Kitchen,Cash,Regular,4,310.59,0.21,1242.36,260.89559999999994,981.4644
2027-06-13 00:00:00,Home & Kitchen,Credit Card,Regular,3,566.83,0.18,1700.4900000000002,306.08820000000003,1394.4018
2027-06-13 06:00:00,Groceries,Credit Card,Regular,2,957.06,0.29,1914.12,555.0948,1359.0252
2027-06-13 12:00:00,Clothing,UPI,Regular,4,2031.42,0.28,8125.68,2275.1904000000004,5850.4896
2027-06-13 18:00:00,Beauty,UPI,New,3,709.69,0.13,2129.07,276.7791,1852.2909000000002
2027-06-14 00:00:00,Groceries,Cash,New,4,2211.03,0.22,8844.12,1945.7064000000003,6898.413600000001
2027-06-14 06:00:00,Home & Kitchen,Debit Card,New,3,184.65,0.25,553.95,138.4875,415.46250000000003
2027-06-14 12:00:00,Groceries,Cash,Regular,4,2355.34,0.27,9421.36,2543.7672000000002,6877.5928
2027-06-14 18:00:00,Clothing,Debit Card,New,6,1423.83,0.02,8542.98,170.8596,8372.1204
2027-06-15 00:00:00,Beauty,Credit Card,New,5,1664.01,0.09,8320.05,748.8045,7571.245499999999
2027-06-15 06:00:00,Clothing,Debit Card,New,1,950.84,0.1,950.84,95.084,855.7560000000001
2027-06-15 12:00:00,Electronics,Debit Card,Regular,4,1965.89,0.13,7863.56,1022.2628000000001,6841.2972
2027-06-15 18:00:00,Beauty,Credit Card,Regular,1,458.09,0.05,458.09,22.9045,435.1855
2027-06-16 00:00:00,Clothing,Credit Card,New,4,169.83,0.15,679.32,101.89800000000001,577.422
2027-06-16 06:00:00,Home & Kitchen,Credit Card,Regular,7,1019.02,0.2,7133.139999999999,1426.628,5706.512
2027-06-16 12:00:00,Beauty,Cash,Regular,2,2141.55,0.15,4283.1,642.465,3640.635
2027-06-16 18:00:00,Beauty,Credit Card,Regular,5,1899.57,0.2,9497.85,1899.5700000000002,7598.280000000001
2027-06-17 00:00:00,Groceries,UPI,Regular,7,1317.03,0.02,9219.21,184.3842,9034.825799999999
2027-06-17 06:00:00,Home & Kitchen,Credit Card,New,6,1451.74,0.26,8710.44,2264.7144000000003,6445.7256
2027-06-17 12:00:00,Electronics,Credit Card,Regular,5,368.24,0.28,1841.2,515.5360000000001,1325.664
2027-06-17 18:00:00,Clothing,Credit Card,Regular,1,2109.67,0.19,2109.67,400.8373,1708.8327
2027-06-18 00:00:00,Groceries,Debit Card,New,2,1978.05,0.26,3956.1,1028.586,2927.514
2027-06-18 06:00:00,Clothing,Cash,Regular,3,1658.35,0.04,4975.049999999999,199.00199999999998,4776.047999999999
2027-06-18 12:00:00,Electronics,Credit Card,Regular,7,1192.17,0.24,8345.19,2002.8456,6342.3444
2027-06-18 18:00:00,Electronics,Cash,Regular,5,2412.93,0.04,12064.65,482.586,11582.064
2027-06-19 00:00:00,Beauty,UPI,New,6,2203.63,0.12,13221.78,1586.6136000000001,11635.1664
2027-06-19 06:00:00,Electronics,UPI,Regular,7,1628.85,0.1,11401.949999999999,1140.195,10261.755
2027-06-19 12:00:00,Clothing,Credit Card,New,2,960.91,0.18,1921.82,345.9276,1575.8924
2027-06-19 18:00:00,Home & Kitchen,UPI,Regular,2,1564.15,0.09,3128.3,281.547,2846.753
2027-06-20 00:00:00,Home & Kitchen,Cash,Regular,1,1459.83,0.19,1459.83,277.3677,1182.4623
2027-06-20 06:00:00,Beauty,Debit Card,Regular,6,1015.89,0.11,6095.34,670.4874,5424.8526
2027-06-20 12:00:00,Clothing,Credit Card,Regular,2,801.35,0.26,1602.7,416.702,1185.998
2027-06-20 18:00:00,Clothing,UPI,New,2,1047.18,0.19,2094.36,397.9284,1696.4316000000001
2027-06-21 00:00:00,Electronics,Cash,New,3,1456.08,0.06,4368.24,262.09439999999995,4106.1456
2027-06-21 06:00:00,Clothing,Cash,Regular,1,1098.93,0.1,1098.93,109.89300000000001,989.037
2027-06-21 12:00:00,Groceries,UPI,Regular,1,695.76,0.25,695.76,173.94,521.8199999999999
2027-06-21 18:00:00,Electronics,Cash,New,6,1914.36,0.12,11486.16,1378.3392,10107.8208
2027-06-22 00:00:00,Groceries,Cash,Regular,2,1352.1,0.16,2704.2,432.67199999999997,2271.528
2027-06-22 06:00:00,Beauty,Credit Card,Regular,3,215.8,0.19,647.4000000000001,123.00600000000001,524.3940000000001
2027-06-22 12:00:00,Home & Kitchen,Cash,New,4,952.38,0.1,3809.52,380.952,3428.568
2027-06-22 18:00:00,Beauty,UPI,Regular,5,2218.04,0.09,11090.2,998.118,10092.082
2027-06-23 00:00:00,Home & Kitchen,Credit Card,New,7,1900.33,0.14,13302.31,1862.3234,11439.9866
2027-06-23 06:00:00,Beauty,UPI,Regular,1,841.95,0.06,841.95,50.517,791.433
2027-06-23 12:00:00,Clothing,Debit Card,New,3,2348.55,0.09,7045.650000000001,634.1085,6411.5415
2027-06-23 18:00:00,Groceries,UPI,Regular,6,237.68,0.02,1426.08,28.5216,1397.5584
2027-06-24 00:00:00,Home & Kitchen,UPI,Regular,3,2405.03,0.09,7215.09,649.3581,6565.7319
2027-06-24 06:00:00,Electronics,Credit Card,Regular,2,651.98,0.1,1303.96,130.39600000000002,1173.564
2027-06-24 12:00:00,Groceries,Cash,Regular,5,72.28,0.29,361.4,104.80599999999998,256.594
2027-06-24 18:00:00,Electronics,UPI,Regular,1,1112.83,0.18,1112.83,200.30939999999998,912.5206
2027-06-25 00:00:00,Groceries,Credit Card,Regular,4,929.48,0.24,3717.92,892.3008,2825.6192
2027-06-25 06:00:00,Groceries,Debit Card,Regular,2,1370.77,0.01,2741.54,27.4154,2714.1246
2027-06-25 12:00:00,Beauty,Credit Card,New,1,2002.09,0.03,2002.09,60.06269999999999,1942.0273
2027-06-25 18:00:00,Home & Kitchen,Credit Card,Regular,7,2113.96,0.24,14797.720000000001,3551.4528,11246.267200000002
2027-06-26 00:00:00,Home & Kitchen,Cash,Regular,6,1033.01,0.19,6198.0599999999995,1177.6314,5020.428599999999
2027-06-26 06:00:00,Groceries,UPI,Regular,1,1103.12,0.06,1103.12,66.18719999999999,1036.9327999999998
2027-06-26 12:00:00,Clothing,Debit Card,Regular,3,413.04,0.12,1239.1200000000001,148.6944,1090.4256
2027-06-26 18:00:00,Clothing,Credit Card,Regular,7,166.49,0.16,1165.43,186.46880000000002,978.9612000000001
2027-06-27 00:00:00,Electronics,UPI,Regular,5,1620.98,0.25,8104.9,2026.225,6078.674999999999
2027-06-27 06:00:00,Electronics,UPI,New,4,207.87,0.02,831.48,16.6296,814.8504
2027-06-27 12:00:00,Beauty,Credit Card,Regular,5,1847.88,0.18,9239.400000000001,1663.092,7576.308000000001
2027-06-27 18:00:00,Groceries,UPI,Regular,3,1370.77,0.22,4112.3099999999995,904.7081999999999,3207.6017999999995
2027-06-28 00:00:00,Electronics,Credit Card,New,4,536.53,0.29,2146.12,622.3747999999999,1523.7451999999998
2027-06-28 06:00:00,Electronics,Credit Card,New,4,1371.83,0.24,5487.32,1316.9568,4170.3632
2027-06-28 12:00:00,Groceries,Credit Card,Regular,2,498.34,0.08,996.68,79.7344,916.9456
2027-06-28 18:00:00,Beauty,Debit Card,New,4,1124.91,0.21,4499.64,944.9244,3554.7156000000004
2027-06-29 00:00:00,Electronics,Credit Card,Regular,1,2008.92,0.23,2008.92,462.05160000000006,1546.8684
2027-06-29 06:00:00,Beauty,Cash,New,5,1181.7,0.22,5908.5,1299.8700000000001,4608.63
2027-06-29 12:00:00,Home & Kitchen,UPI,Regular,6,414.31,0.25,2485.86,621.465,1864.395
2027-06-29 18:00:00,Beauty,Debit Card,New,6,1823.38,0.27,10940.28,2953.8756000000003,7986.4044
2027-06-30 00:00:00,Clothing,UPI,New,5,507.58,0.03,2537.9,76.137,2461.763
2027-06-30 06:00:00,Clothing,Debit Card,Regular,2,1859.45,0.03,3718.9,111.567,3607.333
2027-06-30 12:00:00,Beauty,Cash,Regular,4,1224.41,0.24,4897.64,1175.4336,3722.2064
2027-06-30 18:00:00,Clothing,Debit Card,Regular,3,1161.67,0.08,3485.01,278.80080000000004,3206.2092000000002
2027-07-01 00:00:00,Home & Kitchen,Debit Card,Regular,7,2136.02,0.02,14952.14,299.0428,14653.0972
2027-07-01 06:00:00,Groceries,Debit Card,Regular,7,1786.08,0.12,12502.56,1500.3072,11002.2528
2027-07-01 12:00:00,Clothing,UPI,Regular,1,130.63,0.25,130.63,32.6575,97.9725
2027-07-01 18:00:00,Clothing,Credit Card,Regular,2,775.63,0.04,1551.26,62.0504,1489.2096
2027-07-02 00:00:00,Beauty,UPI,Regular,7,2183.76,0.2,15286.320000000002,3057.2640000000006,12229.056
2027-07-02 06:00:00,Home & Kitchen,Credit Card,Regular,4,94.9,0.0,379.6,0.0,379.6
2027-07-02 12:00:00,Groceries,UPI,Regular,6,1385.87,0.03,8315.22,249.45659999999998,8065.7634
2027-07-02 18:00:00,Beauty,Cash,Regular,3,1833.17,0.11,5499.51,604.9461,4894.5639
2027-07-03 00:00:00,Beauty,Cash,New,4,1573.55,0.03,6294.2,188.826,6105.374
2027-07-03 06:00:00,Home & Kitchen,Debit Card,Regular,2,1913.3,0.25,3826.6,956.65,2869.95
2027-07-03 12:00:00,Groceries,Cash,Regular,3,1827.95,0.26,5483.85,1425.8010000000002,4058.049
2027-07-03 18:00:00,Home & Kitchen,Debit Card,New,7,1745.48,0.23,12218.36,2810.2228000000005,9408.137200000001
2027-07-04 00:00:00,Groceries,Credit Card,New,3,2062.77,0.07,6188.3099999999995,433.1817,5755.128299999999
2027-07-04 06:00:00,Home & Kitchen,Cash,Regular,3,1631.94,0.16,4895.82,783.3312,4112.4888
2027-07-04 12:00:00,Beauty,Credit Card,New,3,1035.93,0.06,3107.79,186.4674,2921.3226
2027-07-04 18:00:00,Beauty,UPI,Regular,7,1206.18,0.08,8443.26,675.4608000000001,7767.7992
2027-07-05 00:00:00,Electronics,Credit Card,New,4,1805.98,0.15,7223.92,1083.588,6140.332
2027-07-05 06:00:00,Clothing,UPI,Regular,3,2196.95,0.22,6590.849999999999,1449.9869999999999,5140.862999999999
2027-07-05 12:00:00,Home & Kitchen,Credit Card,Regular,4,716.94,0.03,2867.76,86.03280000000001,2781.7272000000003
2027-07-05 18:00:00,Electronics,Credit Card,Regular,3,888.09,0.09,2664.27,239.7843,2424.4857
2027-07-06 00:00:00,Clothing,Cash,New,3,2330.31,0.28,6990.93,1957.4604000000002,5033.4696
2027-07-06 06:00:00,Home & Kitchen,Credit Card,Regular,2,1467.35,0.13,2934.7,381.51099999999997,2553.189
2027-07-06 12:00:00,Groceries,Cash,Regular,4,488.46,0.28,1953.84,547.0752,1406.7648
2027-07-06 18:00:00,Clothing,Cash,Regular,6,1676.05,0.3,10056.3,3016.89,7039.41
2027-07-07 00:00:00,Beauty,Debit Card,New,4,2477.37,0.16,9909.48,1585.5167999999999,8323.9632
2027-07-07 06:00:00,Electronics,Debit Card,New,5,2067.46,0.09,10337.3,930.3569999999999,9406.943
2027-07-07 12:00:00,Clothing,UPI,Regular,7,1877.07,0.24,13139.49,3153.4775999999997,9986.0124
2027-07-07 18:00:00,Clothing,Credit Card,Regular,6,559.71,0.05,3358.26,167.913,3190.347
2027-07-08 00:00:00,Beauty,UPI,Regular,2,2196.54,0.08,4393.08,351.4464,4041.6336
2027-07-08 06:00:00,Home & Kitchen,Credit Card,Regular,4,1338.18,0.24,5352.72,1284.6528,4068.0672000000004
2027-07-08 12:00:00,Groceries,Debit Card,New,2,2228.76,0.13,4457.52,579.4776,3878.0424000000003
2027-07-08 18:00:00,Beauty,Debit Card,Regular,6,858.08,0.06,5148.4800000000005,308.90880000000004,4839.5712
2027-07-09 00:00:00,Groceries,Credit Card,Regular,2,202.03,0.2,404.06,80.81200000000001,323.248
2027-07-09 06:00:00,Home & Kitchen,Credit Card,Regular,2,1216.14,0.22,2432.28,535.1016000000001,1897.1784000000002
2027-07-09 12:00:00,Clothing,Debit Card,Regular,1,711.1,0.04,711.1,28.444000000000003,682.6560000000001
2027-07-09 18:00:00,Groceries,Debit Card,Regular,4,1802.31,0.08,7209.24,576.7392,6632.5008
2027-07-10 00:00:00,Electronics,UPI,Regular,2,2394.91,0.07,4789.82,335.2874,4454.5326
2027-07-10 06:00:00,Electronics,Debit Card,Regular,1,1742.89,0.11,1742.89,191.71790000000001,1551.1721
2027-07-10 12:00:00,Beauty,Credit Card,Regular,1,2222.99,0.23,2222.99,511.2877,1711.7023
2027-07-10 18:00:00,Home & Kitchen,UPI,Regular,3,1159.91,0.21,3479.7300000000005,730.7433000000001,2748.9867000000004
2027-07-11 00:00:00,Beauty,Credit Card,Regular,3,1940.52,0.2,5821.5599999999995,1164.312,4657.248
2027-07-11 06:00:00,Beauty,Cash,Regular,7,2115.46,0.0,14808.220000000001,0.0,14808.220000000001
2027-07-11 12:00:00,Beauty,UPI,New,6,1791.65,0.04,10749.900000000001,429.9960000000001,10319.904000000002
2027-07-11 18:00:00,Electronics,Credit Card,Regular,4,1294.05,0.07,5176.2,362.334,4813.866
2027-07-12 00:00:00,Electronics,Debit Card,Regular,3,1583.37,0.08,4750.11,380.0088,4370.1012
2027-07-12 06:00:00,Beauty,Cash,New,6,1766.24,0.04,10597.44,423.8976,10173.5424
2027-07-12 12:00:00,Electronics,Credit Card,New,4,670.06,0.12,2680.24,321.62879999999996,2358.6112
2027-07-12 18:00:00,Home & Kitchen,UPI,Regular,6,2033.47,0.02,12200.82,244.0164,11956.8036
2027-07-13 00:00:00,Beauty,Credit Card,Regular,7,2378.3,0.23,16648.100000000002,3829.0630000000006,12819.037000000002
2027-07-13 06:00:00,Electronics,Cash,Regular,7,1189.84,0.24,8328.88,1998.9311999999998,6329.948799999999
2027-07-13 12:00:00,Groceries,UPI,Regular,1,1767.61,0.17,1767.61,300.4937,1467.1163
2027-07-13 18:00:00,Beauty,Cash,Regular,1,1855.71,0.03,1855.71,55.6713,1800.0387
2027-07-14 00:00:00,Beauty,Credit Card,New,4,1672.51,0.27,6690.04,1806.3108000000002,4883.7292
2027-07-14 06:00:00,Home & Kitchen,Debit Card,New,6,1390.43,0.29,8342.58,2419.3482,5923.2318
2027-07-14 12:00:00,Clothing,Debit Card,Regular,6,2210.04,0.06,13260.24,795.6143999999999,12464.6256
2027-07-14 18:00:00,Clothing,Credit Card,Regular,3,1149.87,0.21,3449.6099999999997,724.4180999999999,2725.1919
2027-07-15 00:00:00,Home & Kitchen,Credit Card,Regular,3,199.7,0.25,599.0999999999999,149.77499999999998,449.32499999999993
2027-07-15 06:00:00,Home & Kitchen,Credit Card,Regular,4,2119.16,0.16,8476.64,1356.2623999999998,7120.3776
2027-07-15 12:00:00,Home & Kitchen,UPI,Regular,5,1701.25,0.1,8506.25,850.625,7655.625
2027-07-15 18:00:00,Clothing,Cash,New,3,2130.68,0.14,6392.039999999999,894.8856,5497.154399999999
2027-07-16 00:00:00,Home & Kitchen,Cash,Regular,2,389.44,0.15,778.88,116.832,662.048
2027-07-16 06:00:00,Electronics,Cash,New,3,125.34,0.12,376.02,45.1224,330.8976
2027-07-16 12:00:00,Beauty,Credit Card,New,5,2339.22,0.28,11696.099999999999,3274.908,8421.192
2027-07-16 18:00:00,Beauty,Cash,New,6,411.93,0.22,2471.58,543.7476,1927.8323999999998
2027-07-17 00:00:00,Groceries,Credit Card,Regular,1,2033.65,0.07,2033.65,142.3555,1891.2945
2027-07-17 06:00:00,Groceries,UPI,Regular,1,2066.86,0.18,2066.86,372.0348,1694.8252000000002
2027-07-17 12:00:00,Beauty,Debit Card,Regular,6,1786.33,0.21,10717.98,2250.7758,8467.2042
2027-07-17 18:00:00,Electronics,Credit Card,Regular,1,371.59,0.04,371.59,14.8636,356.72639999999996
2027-07-18 00:00:00,Clothing,Credit Card,Regular,3,1685.13,0.11,5055.39,556.0929,4499.297100000001
2027-07-18 06:00:00,Clothing,Debit Card,Regular,7,2228.26,0.27,15597.820000000002,4211.411400000001,11386.4086
2027-07-18 12:00:00,Electronics,Debit Card,Regular,1,1092.55,0.17,1092.55,185.7335,906.8164999999999
2027-07-18 18:00:00,Clothing,UPI,Regular,7,1063.12,0.07,7441.839999999999,520.9288,6920.9112
2027-07-19 00:00:00,Home & Kitchen,Cash,New,5,1135.0,0.04,5675.0,227.0,5448.0
2027-07-19 06:00:00,Beauty,Credit Card,Regular,7,251.57,0.16,1760.99,281.7584,1479.2316
2027-07-19 12:00:00,Beauty,Cash,Regular,5,2235.46,0.16,11177.3,1788.368,9388.931999999999
2027-07-19 18:00:00,Electronics,Credit Card,Regular,3,2179.5,0.1,6538.5,653.85,5884.65
2027-07-20 00:00:00,Clothing,UPI,New,6,2494.88,0.19,14969.28,2844.1632,12125.1168
2027-07-20 06:00:00,Groceries,Debit Card,Regular,2,1483.7,0.02,2967.4,59.348000000000006,2908.052
2027-07-20 12:00:00,Groceries,UPI,Regular,3,1890.42,0.04,5671.26,226.8504,5444.4096
2027-07-20 18:00:00,Clothing,Debit Card,Regular,1,546.55,0.16,546.55,87.448,459.102
2027-07-21 00:00:00,Groceries,Cash,New,3,1685.45,0.02,5056.35,101.12700000000001,4955.223
2027-07-21 06:00:00,Electronics,Cash,New,5,1641.85,0.26,8209.25,2134.405,6074.844999999999
2027-07-21 12:00:00,Electronics,UPI,Regular,3,2257.96,0.04,6773.88,270.9552,6502.9248
2027-07-21 18:00:00,Clothing,Debit Card,Regular,3,2085.44,0.2,6256.32,1251.2640000000001,5005.056
2027-07-22 00:00:00,Groceries,UPI,Regular,2,2349.24,0.12,4698.48,563.8176,4134.662399999999
2027-07-22 06:00:00,Electronics,Debit Card,Regular,5,2178.64,0.12,10893.199999999999,1307.1839999999997,9586.016
2027-07-22 12:00:00,Electronics,Debit Card,New,4,2178.3,0.23,8713.2,2004.0360000000003,6709.164000000001
2027-07-22 18:00:00,Home & Kitchen,Cash,New,4,206.12,0.15,824.48,123.672,700.808
2027-07-23 00:00:00,Home & Kitchen,Cash,New,5,2122.61,0.22,10613.050000000001,2334.871,8278.179
2027-07-23 06:00:00,Electronics,Debit Card,Regular,4,1538.32,0.15,6153.28,922.992,5230.288
2027-07-23 12:00:00,Clothing,Debit Card,Regular,1,982.09,0.18,982.09,176.7762,805.3138
2027-07-23 18:00:00,Beauty,Debit Card,Regular,4,188.46,0.23,753.84,173.38320000000002,580.4568
2027-07-24 00:00:00,Beauty,Cash,New,1,1710.3,0.18,1710.3,307.854,1402.446
2027-07-24 06:00:00,Electronics,Cash,New,5,854.09,0.18,4270.45,768.6809999999999,3501.769
2027-07-24 12:00:00,Electronics,Credit Card,Regular,4,1196.05,0.24,4784.2,1148.2079999999999,3635.992
2027-07-24 18:00:00,Electronics,Debit Card,Regular,4,1720.23,0.28,6880.92,1926.6576000000002,4954.2624
2027-07-25 00:00:00,Clothing,Credit Card,Regular,6,2283.85,0.11,13703.099999999999,1507.341,12195.758999999998
2027-07-25 06:00:00,Home & Kitchen,Debit Card,Regular,7,2072.32,0.17,14506.240000000002,2466.0608000000007,12040.1792
2027-07-25 12:00:00,Electronics,Cash,New,1,1153.96,0.03,1153.96,34.6188,1119.3412
2027-07-25 18:00:00,Electronics,Credit Card,Regular,1,1000.07,0.11,1000.07,110.0077,890.0623
2027-07-26 00:00:00,Groceries,Credit Card,New,3,637.46,0.12,1912.38,229.4856,1682.8944000000001
2027-07-26 06:00:00,Clothing,UPI,Regular,2,962.45,0.25,1924.9,481.225,1443.6750000000002
2027-07-26 12:00:00,Electronics,Debit Card,New,4,322.06,0.15,1288.24,193.236,1095.004
2027-07-26 18:00:00,Groceries,Cash,Regular,6,2429.21,0.22,14575.26,3206.5572,11368.7028
2027-07-27 00:00:00,Beauty,UPI,New,2,1456.1,0.01,2912.2,29.122,2883.078
2027-07-27 06:00:00,Electronics,UPI,Regular,7,363.12,0.14,2541.84,355.85760000000005,2185.9824
2027-07-27 12:00:00,Electronics,Debit Card,Regular,7,914.37,0.27,6400.59,1728.1593000000003,4672.4307
2027-07-27 18:00:00,Groceries,UPI,Regular,6,1390.25,0.07,8341.5,583.9050000000001,7757.595
2027-07-28 00:00:00,Clothing,Debit Card,Regular,2,1355.57,0.01,2711.14,27.1114,2684.0286
2027-07-28 06:00:00,Electronics,UPI,Regular,4,136.98,0.13,547.92,71.22959999999999,476.69039999999995
2027-07-28 12:00:00,Beauty,Debit Card,Regular,7,2379.56,0.21,16656.92,3497.9531999999995,13158.966799999998
2027-07-28 18:00:00,Electronics,Cash,New,6,724.67,0.14,4348.0199999999995,608.7228,3739.2971999999995
2027-07-29 00:00:00,Beauty,Debit Card,Regular,1,89.65,0.14,89.65,12.551000000000002,77.099
2027-07-29 06:00:00,Home & Kitchen,Debit Card,New,3,237.29,0.2,711.87,142.374,569.496
2027-07-29 12:00:00,Home & Kitchen,Credit Card,New,6,1471.48,0.08,8828.880000000001,706.3104000000001,8122.569600000001
2027-07-29 18:00:00,Beauty,Cash,Regular,5,387.57,0.23,1937.85,445.7055,1492.1444999999999
2027-07-30 00:00:00,Clothing,Cash,New,7,152.23,0.05,1065.61,53.280499999999996,1012.3294999999999
2027-07-30 06:00:00,Electronics,Cash,Regular,7,980.08,0.12,6860.56,823.2672,6037.2928
2027-07-30 12:00:00,Electronics,UPI,Regular,4,1575.76,0.2,6303.04,1260.6080000000002,5042.432
2027-07-30 18:00:00,Home & Kitchen,Credit Card,Regular,4,324.01,0.25,1296.04,324.01,972.03
2027-07-31 00:00:00,Beauty,Cash,New,5,817.65,0.24,4088.25,981.18,3107.07
2027-07-31 06:00:00,Electronics,UPI,Regular,7,1073.51,0.22,7514.57,1653.2054,5861.3646
2027-07-31 12:00:00,Electronics,UPI,Regular,2,440.68,0.11,881.36,96.9496,784.4104
2027-07-31 18:00:00,Clothing,UPI,Regular,3,1289.88,0.04,3869.6400000000003,154.78560000000002,3714.8544
2027-08-01 00:00:00,Groceries,Credit Card,New,2,258.77,0.07,517.54,36.2278,481.31219999999996
2027-08-01 06:00:00,Home & Kitchen,UPI,Regular,5,163.97,0.26,819.85,213.161,606.6890000000001
2027-08-01 12:00:00,Home & Kitchen,Credit Card,New,5,1323.6,0.26,6618.0,1720.68,4897.32
2027-08-01 18:00:00,Groceries,Debit Card,New,3,657.35,0.29,1972.0500000000002,571.8945,1400.1555000000003
2027-08-02 00:00:00,Electronics,UPI,New,5,283.67,0.02,1418.3500000000001,28.367000000000004,1389.9830000000002
2027-08-02 06:00:00,Clothing,Cash,New,5,1088.59,0.16,5442.95,870.872,4572.0779999999995
2027-08-02 12:00:00,Clothing,UPI,New,7,2292.09,0.19,16044.630000000001,3048.4797000000003,12996.150300000001
2027-08-02 18:00:00,Home & Kitchen,Debit Card,Regular,6,1824.27,0.21,10945.619999999999,2298.5802,8647.039799999999
2027-08-03 00:00:00,Clothing,Debit Card,Regular,7,2048.26,0.19,14337.820000000002,2724.1858,11613.6342
2027-08-03 06:00:00,Groceries,UPI,Regular,3,2186.19,0.23,6558.57,1508.4711,5050.0989
2027-08-03 12:00:00,Electronics,Debit Card,Regular,4,2432.94,0.11,9731.76,1070.4936,8661.2664
2027-08-03 18:00:00,Groceries,Credit Card,Regular,2,1919.95,0.05,3839.9,191.995,3647.905
2027-08-04 00:00:00,Beauty,Credit Card,Regular,4,1540.6,0.06,6162.4,369.74399999999997,5792.656
2027-08-04 06:00:00,Home & Kitchen,UPI,Regular,4,945.29,0.0,3781.16,0.0,3781.16
2027-08-04 12:00:00,Clothing,Credit Card,New,6,495.03,0.11,2970.18,326.71979999999996,2643.4602
2027-08-04 18:00:00,Beauty,Credit Card,Regular,2,1732.32,0.03,3464.64,103.93919999999999,3360.7008
2027-08-05 00:00:00,Clothing,Cash,New,4,2487.63,0.1,9950.52,995.0520000000001,8955.468
2027-08-05 06:00:00,Electronics,UPI,Regular,3,1195.03,0.19,3585.09,681.1671,2903.9229
2027-08-05 12:00:00,Electronics,Debit Card,Regular,2,1823.01,0.27,3646.02,984.4254000000001,2661.5946
2027-08-05 18:00:00,Electronics,UPI,New,1,1262.98,0.25,1262.98,315.745,947.235
2027-08-06 00:00:00,Clothing,Credit Card,Regular,6,1108.24,0.08,6649.4400000000005,531.9552000000001,6117.4848
2027-08-06 06:00:00,Beauty,Cash,Regular,4,1055.25,0.04,4221.0,168.84,4052.16
2027-08-06 12:00:00,Electronics,UPI,Regular,5,1286.33,0.06,6431.65,385.89899999999994,6045.750999999999
2027-08-06 18:00:00,Beauty,UPI,Regular,2,948.89,0.29,1897.78,550.3562,1347.4238
2027-08-07 00:00:00,Clothing,Credit Card,New,1,1884.49,0.16,1884.49,301.5184,1582.9716
2027-08-07 06:00:00,Beauty,Credit Card,New,5,2191.97,0.05,10959.849999999999,547.9925,10411.857499999998
2027-08-07 12:00:00,Clothing,UPI,Regular,1,2213.07,0.25,2213.07,553.2675,1659.8025000000002
2027-08-07 18:00:00,Clothing,Credit Card,Regular,4,607.86,0.12,2431.44,291.7728,2139.6672
2027-08-08 00:00:00,Home & Kitchen,Credit Card,Regular,5,2244.98,0.27,11224.9,3030.723,8194.177
2027-08-08 06:00:00,Clothing,Credit Card,Regular,4,886.8,0.08,3547.2,283.776,3263.424
2027-08-08 12:00:00,Clothing,Credit Card,Regular,5,807.8,0.12,4039.0,484.68,3554.32
2027-08-08 18:00:00,Groceries,Credit Card,Regular,2,1830.55,0.15,3661.1,549.165,3111.935
2027-08-09 00:00:00,Electronics,Cash,Regular,7,796.51,0.27,5575.57,1505.4039,4070.1660999999995
2027-08-09 06:00:00,Home & Kitchen,Credit Card,Regular,3,179.77,0.26,539.3100000000001,140.22060000000002,399.08940000000007
2027-08-09 12:00:00,Home & Kitchen,Debit Card,Regular,7,965.36,0.17,6757.52,1148.7784000000001,5608.7416
2027-08-09 18:00:00,Home & Kitchen,UPI,New,3,1817.59,0.07,5452.7699999999995,381.6939,5071.076099999999
2027-08-10 00:00:00,Groceries,Cash,Regular,7,851.05,0.12,5957.349999999999,714.882,5242.468
2027-08-10 06:00:00,Clothing,Cash,New,1,1592.42,0.29,1592.42,461.8018,1130.6182000000001
2027-08-10 12:00:00,Electronics,Credit Card,New,6,1667.29,0.18,10003.74,1800.6732,8203.0668
2027-08-10 18:00:00,Beauty,UPI,Regular,5,1847.65,0.23,9238.25,2124.7975,7113.452499999999
2027-08-11 00:00:00,Clothing,Debit Card,Regular,4,2247.97,0.13,8991.88,1168.9443999999999,7822.935599999999
2027-08-11 06:00:00,Groceries,Credit Card,New,6,1109.78,0.16,6658.68,1065.3888000000002,5593.2912
2027-08-11 12:00:00,Clothing,UPI,New,2,457.76,0.13,915.52,119.0176,796.5024
2027-08-11 18:00:00,Clothing,Credit Card,New,2,831.37,0.21,1662.74,349.17539999999997,1313.5646000000002
2027-08-12 00:00:00,Groceries,Credit Card,Regular,2,1108.81,0.26,2217.62,576.5812,1641.0387999999998
2027-08-12 06:00:00,Home & Kitchen,Credit Card,New,3,1799.03,0.15,5397.09,809.5635,4587.5265
2027-08-12 12:00:00,Home & Kitchen,Credit Card,Regular,4,82.15,0.14,328.6,46.004000000000005,282.596
2027-08-12 18:00:00,Electronics,Credit Card,New,2,823.67,0.1,1647.34,164.734,1482.606
2027-08-13 00:00:00,Electronics,Credit Card,New,2,1960.61,0.05,3921.22,196.061,3725.1589999999997
2027-08-13 06:00:00,Home & Kitchen,Credit Card,Regular,7,1693.6,0.28,11855.199999999999,3319.456,8535.743999999999
2027-08-13 12:00:00,Beauty,Debit Card,New,1,1842.76,0.09,1842.76,165.8484,1676.9116
2027-08-13 18:00:00,Clothing,Cash,Regular,5,2038.94,0.24,10194.7,2446.728,7747.972000000001
2027-08-14 00:00:00,Beauty,Debit Card,New,5,1968.93,0.21,9844.65,2067.3765,7777.273499999999
2027-08-14 06:00:00,Clothing,Credit Card,Regular,5,1721.35,0.24,8606.75,2065.62,6541.13
2027-08-14 12:00:00,Home & Kitchen,Credit Card,New,6,1127.17,0.28,6763.02,1893.6456000000003,4869.374400000001
2027-08-14 18:00:00,Electronics,Debit Card,Regular,7,2459.82,0.19,17218.74,3271.5606000000002,13947.1794
2027-08-15 00:00:00,Electronics,Debit Card,New,7,1444.23,0.27,10109.61,2729.5947000000006,7380.0153
2027-08-15 06:00:00,Beauty,Cash,Regular,1,546.78,0.05,546.78,27.339,519.441
2027-08-15 12:00:00,Electronics,Debit Card,Regular,3,767.39,0.19,2302.17,437.4123,1864.7577
2027-08-15 18:00:00,Home & Kitchen,Cash,Regular,6,1749.23,0.23,10495.380000000001,2413.9374000000003,8081.4426
2027-08-16 00:00:00,Beauty,Credit Card,New,1,2315.61,0.08,2315.61,185.24880000000002,2130.3612000000003
2027-08-16 06:00:00,Clothing,UPI,Regular,2,487.86,0.22,975.72,214.6584,761.0616
2027-08-16 12:00:00,Electronics,UPI,Regular,4,251.75,0.23,1007.0,231.61,775.39
2027-08-16 18:00:00,Groceries,UPI,Regular,6,2209.75,0.25,13258.5,3314.625,9943.875
2027-08-17 00:00:00,Electronics,UPI,New,6,2292.43,0.09,13754.579999999998,1237.9121999999998,12516.6678
2027-08-17 06:00:00,Clothing,Credit Card,Regular,2,727.13,0.2,1454.26,290.85200000000003,1163.408
2027-08-17 12:00:00,Beauty,UPI,Regular,2,974.35,0.09,1948.7,175.383,1773.317
2027-08-17 18:00:00,Clothing,Debit Card,Regular,4,1667.46,0.22,6669.84,1467.3648,5202.4752
2027-08-18 00:00:00,Groceries,Debit Card,Regular,5,858.33,0.14,4291.650000000001,600.8310000000001,3690.8190000000004
2027-08-18 06:00:00,Home & Kitchen,UPI,Regular,6,2199.04,0.18,13194.24,2374.9631999999997,10819.2768
2027-08-18 12:00:00,Electronics,Debit Card,Regular,1,313.57,0.12,313.57,37.6284,275.9416
2027-08-18 18:00:00,Beauty,Cash,New,3,143.06,0.05,429.18,21.459000000000003,407.721
2027-08-19 00:00:00,Home & Kitchen,Credit Card,New,2,560.79,0.05,1121.58,56.079,1065.501
2027-08-19 06:00:00,Clothing,UPI,Regular,2,750.92,0.02,1501.84,30.0368,1471.8031999999998
2027-08-19 12:00:00,Beauty,UPI,Regular,3,326.67,0.19,980.01,186.2019,793.8081
2027-08-19 18:00:00,Home & Kitchen,Credit Card,New,1,210.94,0.25,210.94,52.735,158.20499999999998
2027-08-20 00:00:00,Beauty,Debit Card,Regular,2,1901.24,0.01,3802.48,38.0248,3764.4552
2027-08-20 06:00:00,Groceries,Credit Card,New,3,452.48,0.02,1357.44,27.1488,1330.2912000000001
2027-08-20 12:00:00,Groceries,Credit Card,Regular,7,2289.11,0.14,16023.77,2243.3278000000005,13780.4422
2027-08-20 18:00:00,Electronics,Debit Card,Regular,2,951.6,0.22,1903.2,418.704,1484.496
2027-08-21 00:00:00,Electronics,Credit Card,Regular,5,1692.98,0.05,8464.9,423.245,8041.655
2027-08-21 06:00:00,Groceries,Debit Card,New,5,602.24,0.08,3011.2,240.896,2770.3039999999996
2027-08-21 12:00:00,Beauty,Debit Card,Regular,2,638.79,0.07,1277.58,89.4306,1188.1494
2027-08-21 18:00:00,Groceries,Credit Card,Regular,7,1458.04,0.12,10206.279999999999,1224.7535999999998,8981.526399999999
2027-08-22 00:00:00,Electronics,Cash,Regular,2,1423.58,0.07,2847.16,199.30120000000002,2647.8588
2027-08-22 06:00:00,Groceries,Debit Card,New,5,1933.39,0.11,9666.95,1063.3645000000001,8603.585500000001
2027-08-22 12:00:00,Groceries,Credit Card,New,7,1906.64,0.22,13346.480000000001,2936.2256,10410.254400000002
2027-08-22 18:00:00,Beauty,Debit Card,Regular,2,1693.19,0.18,3386.38,609.5484,2776.8316
2027-08-23 00:00:00,Home & Kitchen,Cash,Regular,7,1150.37,0.02,8052.589999999999,161.0518,7891.538199999999
2027-08-23 06:00:00,Electronics,Cash,New,1,2232.07,0.19,2232.07,424.09330000000006,1807.9767000000002
2027-08-23 12:00:00,Beauty,UPI,Regular,1,1575.32,0.14,1575.32,220.5448,1354.7752
2027-08-23 18:00:00,Groceries,Debit Card,Regular,4,2475.99,0.28,9903.96,2773.1088,7130.851199999999
2027-08-24 00:00:00,Groceries,Debit Card,Regular,1,2057.46,0.09,2057.46,185.1714,1872.2886
2027-08-24 06:00:00,Home & Kitchen,Credit Card,New,6,158.56,0.22,951.36,209.2992,742.0608
2027-08-24 12:00:00,Electronics,Debit Card,Regular,7,835.46,0.22,5848.22,1286.6084,4561.6116
2027-08-24 18:00:00,Electronics,UPI,New,6,1451.1,0.07,8706.599999999999,609.462,8097.137999999999
2027-08-25 00:00:00,Clothing,Cash,Regular,6,1817.6,0.27,10905.599999999999,2944.5119999999997,7961.087999999999
2027-08-25 06:00:00,Electronics,Cash,Regular,2,1398.32,0.15,2796.64,419.496,2377.144
2027-08-25 12:00:00,Home & Kitchen,UPI,New,2,1976.02,0.2,3952.04,790.408,3161.632
2027-08-25 18:00:00,Clothing,Debit Card,Regular,3,742.51,0.04,2227.5299999999997,89.10119999999999,2138.4287999999997
2027-08-26 00:00:00,Clothing,Debit Card,Regular,7,500.58,0.08,3504.06,280.3248,3223.7352
2027-08-26 06:00:00,Groceries,UPI,Regular,6,182.1,0.18,1092.6,196.66799999999998,895.9319999999999
2027-08-26 12:00:00,Groceries,Credit Card,New,6,1454.62,0.1,8727.72,872.7719999999999,7854.947999999999
2027-08-26 18:00:00,Electronics,Cash,New,1,1737.07,0.15,1737.07,260.5605,1476.5095
2027-08-27 00:00:00,Clothing,UPI,New,5,849.07,0.11,4245.35,466.98850000000004,3778.3615000000004
2027-08-27 06:00:00,Groceries,UPI,New,7,1553.28,0.19,10872.96,2065.8624,8807.0976
2027-08-27 12:00:00,Home & Kitchen,Debit Card,Regular,5,177.79,0.15,888.9499999999999,133.34249999999997,755.6075
2027-08-27 18:00:00,Groceries,Cash,Regular,7,293.27,0.0,2052.89,0.0,2052.89
2027-08-28 00:00:00,Groceries,Debit Card,New,7,1769.3,0.19,12385.1,2353.1690000000003,10031.931
2027-08-28 06:00:00,Clothing,UPI,Regular,4,951.77,0.13,3807.08,494.92040000000003,3312.1596
2027-08-28 12:00:00,Clothing,Credit Card,Regular,3,1694.77,0.1,5084.3099999999995,508.431,4575.879
2027-08-28 18:00:00,Beauty,Cash,Regular,5,2087.72,0.03,10438.599999999999,313.15799999999996,10125.442
2027-08-29 00:00:00,Home & Kitchen,UPI,Regular,4,2138.92,0.07,8555.68,598.8976000000001,7956.7824
2027-08-29 06:00:00,Clothing,UPI,New,1,471.81,0.07,471.81,33.026700000000005,438.7833
2027-08-29 12:00:00,Electronics,Credit Card,Regular,3,1241.4,0.28,3724.2000000000003,1042.776,2681.424
2027-08-29 18:00:00,Home & Kitchen,UPI,Regular,3,1848.12,0.13,5544.36,720.7668,4823.593199999999
2027-08-30 00:00:00,Home & Kitchen,UPI,New,6,1946.25,0.01,11677.5,116.775,11560.725
2027-08-30 06:00:00,Clothing,Cash,Regular,7,1972.46,0.04,13807.220000000001,552.2888,13254.9312
2027-08-30 12:00:00,Home & Kitchen,Cash,Regular,7,609.01,0.02,4263.07,85.2614,4177.808599999999
2027-08-30 18:00:00,Clothing,Cash,Regular,2,521.71,0.18,1043.42,187.81560000000002,855.6044
2027-08-31 00:00:00,Groceries,Debit Card,New,7,1495.53,0.06,10468.71,628.1225999999999,9840.587399999999
2027-08-31 06:00:00,Beauty,Credit Card,New,7,1865.66,0.15,13059.62,1958.943,11100.677000000001
2027-08-31 12:00:00,Groceries,Cash,New,7,831.89,0.11,5823.23,640.5553,5182.6747
2027-08-31 18:00:00,Clothing,Debit Card,New,6,306.53,0.24,1839.1799999999998,441.40319999999997,1397.7767999999999
2027-09-01 00:00:00,Clothing,Debit Card,Regular,1,1806.03,0.1,1806.03,180.603,1625.427
2027-09-01 06:00:00,Groceries,Credit Card,New,7,784.26,0.14,5489.82,768.5748,4721.245199999999
2027-09-01 12:00:00,Electronics,Credit Card,New,6,457.59,0.22,2745.54,604.0187999999999,2141.5212
2027-09-01 18:00:00,Electronics,UPI,Regular,3,411.92,0.13,1235.76,160.6488,1075.1112
2027-09-02 00:00:00,Electronics,Debit Card,Regular,6,821.53,0.24,4929.18,1183.0032,3746.1768
2027-09-02 06:00:00,Clothing,Cash,New,7,1502.06,0.2,10514.42,2102.884,8411.536
2027-09-02 12:00:00,Home & Kitchen,Credit Card,New,4,928.09,0.12,3712.36,445.4832,3266.8768
2027-09-02 18:00:00,Clothing,Debit Card,New,6,100.62,0.15,603.72,90.558,513.162
2027-09-03 00:00:00,Home & Kitchen,Cash,New,5,287.43,0.29,1437.15,416.7735,1020.3765000000001
2027-09-03 06:00:00,Groceries,Debit Card,Regular,1,761.73,0.2,761.73,152.346,609.384
2027-09-03 12:00:00,Beauty,Credit Card,Regular,1,1666.28,0.27,1666.28,449.8956,1216.3844
2027-09-03 18:00:00,Home & Kitchen,UPI,Regular,3,291.36,0.05,874.08,43.70400000000001,830.376
2027-09-04 00:00:00,Electronics,Debit Card,Regular,6,1423.61,0.14,8541.66,1195.8324,7345.8276
2027-09-04 06:00:00,Clothing,Cash,New,3,343.72,0.27,1031.16,278.4132,752.7468000000001
2027-09-04 12:00:00,Groceries,Credit Card,Regular,3,568.46,0.1,1705.38,170.538,1534.842
2027-09-04 18:00:00,Electronics,UPI,Regular,4,471.86,0.29,1887.44,547.3575999999999,1340.0824000000002
2027-09-05 00:00:00,Groceries,Cash,Regular,2,214.71,0.03,429.42,12.8826,416.5374
2027-09-05 06:00:00,Beauty,Cash,Regular,3,1694.76,0.27,5084.28,1372.7556,3711.5244
2027-09-05 12:00:00,Clothing,Cash,Regular,2,1185.34,0.13,2370.68,308.1884,2062.4916
2027-09-05 18:00:00,Clothing,Debit Card,Regular,2,2086.08,0.02,4172.16,83.4432,4088.7167999999997
2027-09-06 00:00:00,Beauty,Credit Card,Regular,1,292.28,0.26,292.28,75.9928,216.28719999999998
2027-09-06 06:00:00,Clothing,Cash,Regular,5,404.6,0.08,2023.0,161.84,1861.16
2027-09-06 12:00:00,Home & Kitchen,Debit Card,New,5,800.82,0.01,4004.1000000000004,40.041000000000004,3964.059
2027-09-06 18:00:00,Groceries,Credit Card,Regular,6,1926.37,0.04,11558.22,462.3288,11095.8912
2027-09-07 00:00:00,Electronics,Credit Card,Regular,4,799.11,0.2,3196.44,639.288,2557.152
2027-09-07 06:00:00,Beauty,Debit Card,Regular,4,1050.63,0.29,4202.52,1218.7308,2983.7892
2027-09-07 12:00:00,Home & Kitchen,Debit Card,Regular,5,788.93,0.03,3944.6499999999996,118.33949999999999,3826.3104999999996
2027-09-07 18:00:00,Electronics,Cash,Regular,6,246.55,0.14,1479.3000000000002,207.10200000000003,1272.198
2027-09-08 00:00:00,Electronics,Credit Card,New,7,2351.61,0.05,16461.27,823.0635000000001,15638.2065
2027-09-08 06:00:00,Beauty,UPI,New,5,1393.92,0.22,6969.6,1533.3120000000001,5436.2880000000005
2027-09-08 12:00:00,Home & Kitchen,Debit Card,Regular,6,1980.19,0.04,11881.14,475.24559999999997,11405.8944
2027-09-08 18:00:00,Electronics,Credit Card,Regular,6,1662.97,0.07,9977.82,698.4474,9279.372599999999
2027-09-09 00:00:00,Electronics,Credit Card,New,6,1309.92,0.06,7859.52,471.57120000000003,7387.9488
2027-09-09 06:00:00,Home & Kitchen,Cash,New,6,269.71,0.17,1618.2599999999998,275.1042,1343.1557999999998
2027-09-09 12:00:00,Clothing,UPI,New,1,1624.7,0.26,1624.7,422.422,1202.278
2027-09-09 18:00:00,Electronics,Cash,Regular,1,430.66,0.15,430.66,64.599,366.06100000000004
2027-09-10 00:00:00,Groceries,UPI,Regular,5,1065.24,0.02,5326.2,106.524,5219.6759999999995
2027-09-10 06:00:00,Home & Kitchen,UPI,Regular,6,1591.33,0.17,9547.98,1623.1566,7924.823399999999
2027-09-10 12:00:00,Electronics,Debit Card,Regular,3,1966.46,0.24,5899.38,1415.8512,4483.5288
2027-09-10 18:00:00,Beauty,Credit Card,Regular,6,1728.36,0.04,10370.16,414.8064,9955.3536
2027-09-11 00:00:00,Groceries,Credit Card,Regular,3,1695.26,0.02,5085.78,101.7156,4984.064399999999
2027-09-11 06:00:00,Electronics,Credit Card,Regular,1,415.15,0.06,415.15,24.909,390.241
2027-09-11 12:00:00,Groceries,UPI,New,6,898.01,0.22,5388.0599999999995,1185.3732,4202.6867999999995
2027-09-11 18:00:00,Groceries,Credit Card,New,2,155.14,0.18,310.28,55.85039999999999,254.4296
2027-09-12 00:00:00,Clothing,Debit Card,Regular,5,1812.72,0.16,9063.6,1450.1760000000002,7613.424
2027-09-12 06:00:00,Groceries,UPI,New,6,2383.84,0.07,14303.04,1001.2128000000001,13301.827200000002
2027-09-12 12:00:00,Clothing,UPI,Regular,4,697.07,0.1,2788.28,278.82800000000003,2509.452
2027-09-12 18:00:00,Home & Kitchen,UPI,New,3,264.86,0.29,794.58,230.4282,564.1518000000001
2027-09-13 00:00:00,Clothing,UPI,Regular,7,1215.15,0.07,8506.050000000001,595.4235000000001,7910.626500000001
2027-09-13 06:00:00,Beauty,Debit Card,Regular,7,2148.91,0.27,15042.369999999999,4061.4399,10980.9301
2027-09-13 12:00:00,Electronics,Credit Card,Regular,6,1402.34,0.17,8414.039999999999,1430.3868,6983.653199999999
2027-09-13 18:00:00,Home & Kitchen,Debit Card,Regular,2,164.6,0.04,329.2,13.168,316.032
2027-09-14 00:00:00,Home & Kitchen,Credit Card,New,3,2436.97,0.14,7310.91,1023.5274000000001,6287.3826
2027-09-14 06:00:00,Beauty,Debit Card,Regular,2,2080.19,0.28,4160.38,1164.9064,2995.4736000000003
2027-09-14 12:00:00,Clothing,Cash,Regular,7,372.41,0.13,2606.8700000000003,338.89310000000006,2267.9769
2027-09-14 18:00:00,Electronics,Cash,Regular,5,2308.4,0.26,11542.0,3000.92,8541.08
2027-09-15 00:00:00,Clothing,Cash,Regular,7,1154.19,0.08,8079.33,646.3464,7432.9836
2027-09-15 06:00:00,Groceries,Cash,Regular,5,961.15,0.17,4805.75,816.9775000000001,3988.7725
2027-09-15 12:00:00,Clothing,UPI,New,5,1179.58,0.25,5897.9,1474.475,4423.424999999999
2027-09-15 18:00:00,Home & Kitchen,UPI,New,1,2094.7,0.28,2094.7,586.516,1508.1839999999997
2027-09-16 00:00:00,Electronics,Debit Card,New,7,1665.73,0.15,11660.11,1749.0165,9911.0935
2027-09-16 06:00:00,Clothing,Debit Card,New,7,195.16,0.19,1366.12,259.5628,1106.5572
2027-09-16 12:00:00,Electronics,Cash,Regular,2,2396.13,0.0,4792.26,0.0,4792.26
2027-09-16 18:00:00,Electronics,Credit Card,New,6,412.07,0.08,2472.42,197.7936,2274.6264
2027-09-17 00:00:00,Groceries,Cash,Regular,4,1876.64,0.08,7506.56,600.5248,6906.0352
2027-09-17 06:00:00,Groceries,Debit Card,New,4,1608.53,0.03,6434.12,193.0236,6241.0964
2027-09-17 12:00:00,Home & Kitchen,Cash,Regular,5,509.44,0.08,2547.2,203.77599999999998,2343.424
2027-09-17 18:00:00,Beauty,Debit Card,New,4,468.29,0.1,1873.16,187.31600000000003,1685.844
2027-09-18 00:00:00,Electronics,Cash,New,3,2182.3,0.29,6546.900000000001,1898.601,4648.299000000001
2027-09-18 06:00:00,Beauty,Credit Card,New,2,1078.25,0.2,2156.5,431.3,1725.2
2027-09-18 12:00:00,Home & Kitchen,Cash,New,2,1653.71,0.13,3307.42,429.9646,2877.4554
2027-09-18 18:00:00,Electronics,Credit Card,New,2,1284.97,0.3,2569.94,770.982,1798.958
2027-09-19 00:00:00,Electronics,Credit Card,New,3,1832.02,0.05,5496.0599999999995,274.803,5221.257
2027-09-19 06:00:00,Beauty,Debit Card,Regular,6,1224.14,0.14,7344.84,1028.2776000000001,6316.5624
2027-09-19 12:00:00,Clothing,Credit Card,Regular,1,754.08,0.19,754.08,143.2752,610.8048
2027-09-19 18:00:00,Groceries,UPI,Regular,3,940.29,0.02,2820.87,56.4174,2764.4526
2027-09-20 00:00:00,Clothing,UPI,Regular,2,2154.74,0.22,4309.48,948.0855999999999,3361.3943999999997
2027-09-20 06:00:00,Beauty,UPI,Regular,2,1196.68,0.03,2393.36,71.8008,2321.5592
2027-09-20 12:00:00,Groceries,Debit Card,Regular,7,572.95,0.04,4010.6500000000005,160.42600000000002,3850.2240000000006
2027-09-20 18:00:00,Clothing,UPI,Regular,2,2339.78,0.05,4679.56,233.97800000000004,4445.582
2027-09-21 00:00:00,Groceries,Debit Card,New,6,2001.67,0.28,12010.02,3362.8056000000006,8647.2144
2027-09-21 06:00:00,Electronics,Debit Card,New,4,186.38,0.2,745.52,149.104,596.4159999999999
2027-09-21 12:00:00,Clothing,UPI,Regular,1,2497.41,0.2,2497.41,499.48199999999997,1997.9279999999999
2027-09-21 18:00:00,Groceries,Credit Card,Regular,3,1752.57,0.17,5257.71,893.8107000000001,4363.8993
2027-09-22 00:00:00,Groceries,Cash,Regular,2,442.65,0.09,885.3,79.67699999999999,805.6229999999999
2027-09-22 06:00:00,Groceries,Debit Card,Regular,7,631.06,0.19,4417.42,839.3098,3578.1102
2027-09-22 12:00:00,Clothing,UPI,New,7,1746.49,0.12,12225.43,1467.0516,10758.3784
2027-09-22 18:00:00,Home & Kitchen,Debit Card,Regular,5,1960.41,0.04,9802.050000000001,392.08200000000005,9409.968
2027-09-23 00:00:00,Clothing,Credit Card,Regular,1,635.64,0.21,635.64,133.4844,502.1556
2027-09-23 06:00:00,Beauty,Credit Card,New,7,679.57,0.04,4756.990000000001,190.27960000000004,4566.710400000001
2027-09-23 12:00:00,Clothing,UPI,New,5,802.45,0.06,4012.25,240.73499999999999,3771.515
2027-09-23 18:00:00,Groceries,Debit Card,Regular,1,1515.14,0.25,1515.14,378.785,1136.355
2027-09-24 00:00:00,Electronics,Cash,New,2,470.95,0.2,941.9,188.38,753.52
2027-09-24 06:00:00,Clothing,Cash,Regular,1,305.4,0.19,305.4,58.025999999999996,247.37399999999997
2027-09-24 12:00:00,Clothing,Debit Card,Regular,1,1713.22,0.13,1713.22,222.7186,1490.5014
2027-09-24 18:00:00,Groceries,Debit Card,Regular,2,1958.79,0.12,3917.58,470.1096,3447.4704
2027-09-25 00:00:00,Electronics,Debit Card,Regular,6,1277.28,0.21,7663.68,1609.3728,6054.3072
2027-09-25 06:00:00,Electronics,UPI,Regular,7,941.39,0.22,6589.73,1449.7405999999999,5139.9893999999995
2027-09-25 12:00:00,Beauty,Credit Card,Regular,5,1108.5,0.15,5542.5,831.375,4711.125
2027-09-25 18:00:00,Clothing,Cash,New,6,1001.6,0.29,6009.6,1742.7839999999999,4266.816000000001
2027-09-26 00:00:00,Electronics,UPI,New,5,2401.96,0.29,12009.8,3482.8419999999996,8526.957999999999
2027-09-26 06:00:00,Electronics,Debit Card,Regular,4,1931.82,0.12,7727.28,927.2736,6800.0064
2027-09-26 12:00:00,Home & Kitchen,Debit Card,Regular,7,559.81,0.25,3918.6699999999996,979.6674999999999,2939.0024999999996
2027-09-26 18:00:00,Home & Kitchen,Credit Card,New,5,991.26,0.16,4956.3,793.008,4163.292
2027-09-27 00:00:00,Electronics,Debit Card,Regular,5,1382.83,0.15,6914.15,1037.1225,5877.0275
2027-09-27 06:00:00,Beauty,UPI,New,1,1551.82,0.02,1551.82,31.0364,1520.7836
2027-09-27 12:00:00,Electronics,UPI,Regular,4,1197.05,0.17,4788.2,813.994,3974.2059999999997
2027-09-27 18:00:00,Groceries,Credit Card,Regular,2,2034.81,0.27,4069.62,1098.7974000000002,2970.8225999999995
2027-09-28 00:00:00,Clothing,UPI,Regular,2,1930.63,0.23,3861.26,888.0898000000001,2973.1702
2027-09-28 06:00:00,Beauty,Cash,Regular,3,1287.64,0.24,3862.92,927.1007999999999,2935.8192
2027-09-28 12:00:00,Groceries,UPI,Regular,4,2143.35,0.05,8573.4,428.67,8144.73
2027-09-28 18:00:00,Beauty,UPI,Regular,1,1890.17,0.11,1890.17,207.9187,1682.2513000000001
2027-09-29 00:00:00,Groceries,UPI,Regular,3,1957.53,0.07,5872.59,411.08130000000006,5461.5087
2027-09-29 06:00:00,Clothing,Cash,Regular,3,2393.18,0.09,7179.539999999999,646.1585999999999,6533.381399999999
2027-09-29 12:00:00,Clothing,Debit Card,Regular,2,702.84,0.17,1405.68,238.96560000000002,1166.7144
2027-09-29 18:00:00,Home & Kitchen,UPI,Regular,5,705.74,0.11,3528.7,388.157,3140.5429999999997
2027-09-30 00:00:00,Groceries,Credit Card,Regular,1,2227.93,0.17,2227.93,378.7481,1849.1818999999998
2027-09-30 06:00:00,Home & Kitchen,Cash,Regular,4,1941.95,0.13,7767.8,1009.8140000000001,6757.986
2027-09-30 12:00:00,Groceries,Credit Card,Regular,3,2320.04,0.09,6960.12,626.4108,6333.7092
2027-09-30 18:00:00,Home & Kitchen,UPI,Regular,1,204.67,0.03,204.67,6.1400999999999994,198.5299
2027-10-01 00:00:00,Clothing,Credit Card,New,2,1588.0,0.27,3176.0,857.5200000000001,2318.48
2027-10-01 06:00:00,Beauty,UPI,Regular,3,404.34,0.0,1213.02,0.0,1213.02
2027-10-01 12:00:00,Home & Kitchen,Cash,New,3,1284.55,0.0,3853.6499999999996,0.0,3853.6499999999996
2027-10-01 18:00:00,Groceries,Credit Card,Regular,6,431.58,0.25,2589.48,647.37,1942.1100000000001
2027-10-02 00:00:00,Groceries,Credit Card,Regular,2,363.79,0.3,727.58,218.274,509.30600000000004
2027-10-02 06:00:00,Clothing,UPI,Regular,6,79.81,0.22,478.86,105.34920000000001,373.5108
2027-10-02 12:00:00,Groceries,UPI,New,2,1594.09,0.0,3188.18,0.0,3188.18
2027-10-02 18:00:00,Electronics,Debit Card,Regular,2,929.61,0.07,1859.22,130.14540000000002,1729.0746
2027-10-03 00:00:00,Beauty,UPI,Regular,6,307.71,0.29,1846.2599999999998,535.4153999999999,1310.8446
2027-10-03 06:00:00,Home & Kitchen,UPI,Regular,7,840.95,0.24,5886.650000000001,1412.796,4473.854
2027-10-03 12:00:00,Beauty,Debit Card,Regular,1,463.91,0.17,463.91,78.86470000000001,385.0453
2027-10-03 18:00:00,Clothing,UPI,Regular,1,2357.15,0.07,2357.15,165.00050000000002,2192.1495
2027-10-04 00:00:00,Home & Kitchen,UPI,Regular,7,834.01,0.0,5838.07,0.0,5838.07
2027-10-04 06:00:00,Home & Kitchen,Debit Card,Regular,1,868.19,0.01,868.19,8.6819,859.5081
2027-10-04 12:00:00,Electronics,Cash,Regular,5,2107.65,0.18,10538.25,1896.885,8641.365
2027-10-04 18:00:00,Clothing,Cash,Regular,3,1637.0,0.01,4911.0,49.11,4861.89
2027-10-05 00:00:00,Groceries,UPI,New,1,1789.92,0.3,1789.92,536.976,1252.944
2027-10-05 06:00:00,Electronics,UPI,New,5,1608.2,0.06,8041.0,482.46,7558.54
2027-10-05 12:00:00,Electronics,Debit Card,Regular,3,2368.18,0.21,7104.539999999999,1491.9533999999996,5612.5866
2027-10-05 18:00:00,Beauty,Debit Card,New,1,557.15,0.05,557.15,27.8575,529.2925
2027-10-06 00:00:00,Beauty,Cash,New,2,2473.15,0.16,4946.3,791.408,4154.892
2027-10-06 06:00:00,Beauty,Credit Card,Regular,7,2085.84,0.02,14600.880000000001,292.0176,14308.862400000002
2027-10-06 12:00:00,Electronics,UPI,Regular,4,1492.98,0.23,5971.92,1373.5416,4598.3784
2027-10-06 18:00:00,Groceries,Credit Card,New,1,1672.81,0.18,1672.81,301.1058,1371.7042
2027-10-07 00:00:00,Home & Kitchen,Credit Card,Regular,4,1639.62,0.03,6558.48,196.75439999999998,6361.7256
2027-10-07 06:00:00,Beauty,Debit Card,Regular,1,193.07,0.25,193.07,48.2675,144.8025
2027-10-07 12:00:00,Groceries,UPI,New,2,584.14,0.16,1168.28,186.9248,981.3552
2027-10-07 18:00:00,Clothing,UPI,Regular,7,2405.6,0.28,16839.2,4714.976000000001,12124.224
2027-10-08 00:00:00,Beauty,Debit Card,New,7,1359.19,0.27,9514.33,2568.8691000000003,6945.4609
2027-10-08 06:00:00,Home & Kitchen,Credit Card,New,4,976.97,0.28,3907.88,1094.2064,2813.6736
2027-10-08 12:00:00,Clothing,Debit Card,New,5,1916.99,0.02,9584.95,191.699,9393.251
2027-10-08 18:00:00,Clothing,Cash,Regular,2,1335.07,0.04,2670.14,106.8056,2563.3343999999997
2027-10-09 00:00:00,Home & Kitchen,UPI,Regular,4,82.25,0.3,329.0,98.7,230.3
2027-10-09 06:00:00,Beauty,Cash,Regular,4,1853.78,0.15,7415.12,1112.268,6302.852
2027-10-09 12:00:00,Electronics,Debit Card,Regular,6,1843.93,0.07,11063.58,774.4506000000001,10289.1294
2027-10-09 18:00:00,Home & Kitchen,UPI,Regular,6,454.61,0.23,2727.66,627.3618,2100.2981999999997
2027-10-10 00:00:00,Home & Kitchen,Cash,Regular,2,2393.82,0.08,4787.64,383.01120000000003,4404.6288
2027-10-10 06:00:00,Home & Kitchen,Cash,Regular,2,598.57,0.22,1197.14,263.37080000000003,933.7692000000001
2027-10-10 12:00:00,Clothing,Credit Card,Regular,2,1171.49,0.25,2342.98,585.745,1757.2350000000001
2027-10-10 18:00:00,Groceries,UPI,Regular,3,331.1,0.24,993.3000000000001,238.392,754.9080000000001
2027-10-11 00:00:00,Electronics,Cash,New,5,1528.04,0.08,7640.2,611.216,7028.9839999999995
2027-10-11 06:00:00,Beauty,Cash,New,1,969.86,0.12,969.86,116.3832,853.4768
2027-10-11 12:00:00,Beauty,Credit Card,New,6,915.27,0.12,5491.62,658.9943999999999,4832.6256
2027-10-11 18:00:00,Groceries,Cash,Regular,7,2076.09,0.15,14532.630000000001,2179.8945,12352.7355
2027-10-12 00:00:00,Home & Kitchen,Cash,New,7,73.43,0.05,514.01,25.7005,488.3095
2027-10-12 06:00:00,Electronics,Cash,New,4,2004.97,0.14,8019.88,1122.7832,6897.0968
2027-10-12 12:00:00,Beauty,Credit Card,Regular,6,1450.05,0.15,8700.3,1305.0449999999998,7395.254999999999
2027-10-12 18:00:00,Beauty,Cash,Regular,1,2465.94,0.16,2465.94,394.5504,2071.3896
2027-10-13 00:00:00,Home & Kitchen,Cash,Regular,2,1494.14,0.25,2988.28,747.07,2241.21
2027-10-13 06:00:00,Groceries,UPI,Regular,7,185.68,0.16,1299.76,207.9616,1091.7984
2027-10-13 12:00:00,Electronics,UPI,Regular,6,174.08,0.07,1044.48,73.1136,971.3664
2027-10-13 18:00:00,Groceries,Credit Card,Regular,5,2213.72,0.2,11068.599999999999,2213.72,8854.88
2027-10-14 00:00:00,Groceries,Debit Card,New,5,2110.97,0.24,10554.849999999999,2533.1639999999998,8021.685999999999
2027-10-14 06:00:00,Electronics,UPI,Regular,3,897.43,0.1,2692.29,269.229,2423.061
2027-10-14 12:00:00,Electronics,Credit Card,Regular,6,1564.18,0.19,9385.08,1783.1652,7601.9148000000005
2027-10-14 18:00:00,Beauty,Cash,New,2,1249.5,0.04,2499.0,99.96000000000001,2399.04
2027-10-15 00:00:00,Beauty,Cash,Regular,4,2419.55,0.1,9678.2,967.8200000000002,8710.380000000001
2027-10-15 06:00:00,Electronics,Credit Card,New,3,2377.4,0.27,7132.200000000001,1925.6940000000004,5206.506
2027-10-15 12:00:00,Clothing,Cash,Regular,2,2460.41,0.27,4920.82,1328.6214,3592.1985999999997
2027-10-15 18:00:00,Beauty,Cash,New,3,2172.8,0.17,6518.400000000001,1108.1280000000002,5410.272000000001
2027-10-16 00:00:00,Clothing,Debit Card,Regular,6,2278.4,0.21,13670.400000000001,2870.784,10799.616000000002
2027-10-16 06:00:00,Electronics,Cash,Regular,1,582.33,0.26,582.33,151.40580000000003,430.92420000000004
2027-10-16 12:00:00,Beauty,UPI,Regular,7,2085.97,0.29,14601.789999999999,4234.5190999999995,10367.2709
2027-10-16 18:00:00,Groceries,Cash,New,6,1786.7,0.15,10720.2,1608.03,9112.17
2027-10-17 00:00:00,Electronics,Credit Card,New,2,2408.83,0.17,4817.66,819.0022,3998.6578
2027-10-17 06:00:00,Home & Kitchen,Debit Card,Regular,4,1449.59,0.12,5798.36,695.8032,5102.556799999999
2027-10-17 12:00:00,Clothing,Cash,New,4,258.66,0.02,1034.64,20.692800000000002,1013.9472000000001
2027-10-17 18:00:00,Electronics,Credit Card,Regular,2,1513.63,0.13,3027.26,393.54380000000003,2633.7162000000003
2027-10-18 00:00:00,Electronics,UPI,Regular,3,1732.12,0.24,5196.36,1247.1263999999999,3949.2335999999996
2027-10-18 06:00:00,Beauty,Cash,New,5,589.79,0.24,2948.95,707.7479999999999,2241.2019999999998
2027-10-18 12:00:00,Beauty,Debit Card,Regular,2,1015.58,0.27,2031.16,548.4132000000001,1482.7468
2027-10-18 18:00:00,Beauty,Cash,Regular,7,1516.33,0.02,10614.31,212.2862,10402.023799999999
2027-10-19 00:00:00,Home & Kitchen,Credit Card,New,6,966.56,0.16,5799.36,927.8976,4871.462399999999
2027-10-19 06:00:00,Beauty,Debit Card,New,4,968.62,0.03,3874.48,116.2344,3758.2456
2027-10-19 12:00:00,Electronics,Cash,New,1,376.06,0.06,376.06,22.5636,353.4964
2027-10-19 18:00:00,Beauty,UPI,New,4,2354.83,0.27,9419.32,2543.2164000000002,6876.1035999999995
2027-10-20 00:00:00,Groceries,Debit Card,Regular,5,1888.71,0.15,9443.55,1416.5324999999998,8027.0175
2027-10-20 06:00:00,Beauty,UPI,New,4,53.05,0.23,212.2,48.806,163.394
2027-10-20 12:00:00,Home & Kitchen,Credit Card,Regular,5,1925.75,0.02,9628.75,192.57500000000002,9436.175
2027-10-20 18:00:00,Groceries,Cash,New,7,1862.5,0.13,13037.5,1694.875,11342.625
2027-10-21 00:00:00,Electronics,UPI,Regular,2,73.84,0.2,147.68,29.536,118.144
2027-10-21 06:00:00,Electronics,Credit Card,Regular,4,955.53,0.04,3822.12,152.8848,3669.2352
2027-10-21 12:00:00,Clothing,Cash,Regular,3,1536.53,0.1,4609.59,460.95900000000006,4148.631
2027-10-21 18:00:00,Groceries,Credit Card,Regular,6,1159.24,0.02,6955.4400000000005,139.1088,6816.3312000000005
2027-10-22 00:00:00,Clothing,UPI,Regular,3,1956.07,0.2,5868.21,1173.642,4694.568
2027-10-22 06:00:00,Groceries,Credit Card,New,6,1092.37,0.29,6554.219999999999,1900.7237999999998,4653.4962
2027-10-22 12:00:00,Groceries,Debit Card,New,4,426.96,0.25,1707.84,426.96,1280.8799999999999
2027-10-22 18:00:00,Home & Kitchen,Cash,Regular,7,2442.22,0.29,17095.539999999997,4957.706599999999,12137.8334
2027-10-23 00:00:00,Clothing,Credit Card,New,4,643.0,0.25,2572.0,643.0,1929.0
2027-10-23 06:00:00,Home & Kitchen,UPI,Regular,6,1808.35,0.26,10850.099999999999,2821.026,8029.073999999999
2027-10-23 12:00:00,Groceries,Cash,Regular,7,400.73,0.17,2805.11,476.86870000000005,2328.2413
2027-10-23 18:00:00,Electronics,Debit Card,Regular,1,856.08,0.16,856.08,136.9728,719.1072
2027-10-24 00:00:00,Groceries,Cash,New,7,1132.97,0.12,7930.79,951.6948,6979.0952
2027-10-24 06:00:00,Home & Kitchen,Debit Card,New,4,520.97,0.25,2083.88,520.97,1562.91
2027-10-24 12:00:00,Clothing,Cash,Regular,1,1152.4,0.05,1152.4,57.620000000000005,1094.7800000000002
2027-10-24 18:00:00,Clothing,Credit Card,Regular,1,435.05,0.02,435.05,8.701,426.349
2027-10-25 00:00:00,Home & Kitchen,Credit Card,Regular,6,1419.57,0.28,8517.42,2384.8776000000003,6132.5424
2027-10-25 06:00:00,Clothing,UPI,Regular,1,1676.1,0.0,1676.1,0.0,1676.1
2027-10-25 12:00:00,Beauty,Debit Card,Regular,1,202.96,0.29,202.96,58.858399999999996,144.10160000000002
2027-10-25 18:00:00,Electronics,UPI,Regular,2,2184.27,0.22,4368.54,961.0788,3407.4611999999997
2027-10-26 00:00:00,Electronics,Credit Card,New,7,503.6,0.1,3525.2000000000003,352.52000000000004,3172.6800000000003
2027-10-26 06:00:00,Electronics,Debit Card,New,3,602.14,0.21,1806.42,379.3482,1427.0718000000002
2027-10-26 12:00:00,Clothing,UPI,Regular,1,1670.31,0.25,1670.31,417.5775,1252.7325
2027-10-26 18:00:00,Clothing,UPI,Regular,3,1198.44,0.07,3595.32,251.67240000000004,3343.6476000000002
2027-10-27 00:00:00,Groceries,UPI,Regular,1,1273.52,0.23,1273.52,292.9096,980.6104
2027-10-27 06:00:00,Groceries,UPI,New,3,363.98,0.24,1091.94,262.0656,829.8744
2027-10-27 12:00:00,Electronics,UPI,New,4,2024.05,0.07,8096.2,566.734,7529.465999999999
2027-10-27 18:00:00,Beauty,Debit Card,New,4,1561.78,0.01,6247.12,62.4712,6184.6488
2027-10-28 00:00:00,Groceries,UPI,Regular,3,381.69,0.06,1145.07,68.7042,1076.3658
2027-10-28 06:00:00,Groceries,Debit Card,New,7,966.3,0.06,6764.099999999999,405.84599999999995,6358.254
2027-10-28 12:00:00,Clothing,UPI,Regular,1,2035.5,0.02,2035.5,40.71,1994.79
2027-10-28 18:00:00,Beauty,Credit Card,Regular,2,1442.47,0.22,2884.94,634.6868000000001,2250.2532
2027-10-29 00:00:00,Electronics,Credit Card,Regular,7,316.19,0.11,2213.33,243.4663,1969.8636999999999
2027-10-29 06:00:00,Groceries,UPI,Regular,3,963.3,0.27,2889.8999999999996,780.2729999999999,2109.6269999999995
2027-10-29 12:00:00,Beauty,Cash,New,7,644.6,0.08,4512.2,360.976,4151.224
2027-10-29 18:00:00,Beauty,Credit Card,New,5,1317.79,0.14,6588.95,922.4530000000001,5666.496999999999
2027-10-30 00:00:00,Electronics,Debit Card,Regular,2,2116.23,0.19,4232.46,804.1674,3428.2925999999998
2027-10-30 06:00:00,Beauty,UPI,Regular,5,1118.85,0.26,5594.25,1454.505,4139.745
2027-10-30 12:00:00,Beauty,Debit Card,Regular,3,1111.69,0.16,3335.07,533.6112,2801.4588000000003
2027-10-30 18:00:00,Beauty,Cash,Regular,1,2268.11,0.11,2268.11,249.49210000000002,2018.6179000000002
2027-10-31 00:00:00,Groceries,UPI,Regular,7,1461.65,0.26,10231.550000000001,2660.2030000000004,7571.347000000001
2027-10-31 06:00:00,Electronics,Credit Card,New,7,1437.17,0.09,10060.19,905.4171,9154.7729
2027-10-31 12:00:00,Beauty,Debit Card,New,5,691.68,0.02,3458.3999999999996,69.16799999999999,3389.2319999999995
2027-10-31 18:00:00,Beauty,Credit Card,New,7,1538.92,0.13,10772.44,1400.4172,9372.0228
2027-11-01 00:00:00,Groceries,Credit Card,New,3,1460.98,0.24,4382.9400000000005,1051.9056,3331.0344000000005
2027-11-01 06:00:00,Electronics,UPI,Regular,2,1022.29,0.01,2044.58,20.4458,2024.1342
2027-11-01 12:00:00,Clothing,Debit Card,Regular,1,2477.2,0.18,2477.2,445.89599999999996,2031.3039999999999
2027-11-01 18:00:00,Groceries,Cash,Regular,5,2210.63,0.18,11053.150000000001,1989.5670000000002,9063.583
2027-11-02 00:00:00,Electronics,Credit Card,Regular,7,1886.49,0.28,13205.43,3697.5204000000003,9507.909599999999
2027-11-02 06:00:00,Beauty,UPI,New,3,1366.5,0.09,4099.5,368.955,3730.545
2027-11-02 12:00:00,Electronics,UPI,Regular,1,1182.05,0.08,1182.05,94.564,1087.4859999999999
2027-11-02 18:00:00,Electronics,Cash,Regular,1,503.0,0.13,503.0,65.39,437.61
2027-11-03 00:00:00,Electronics,UPI,Regular,4,799.06,0.11,3196.24,351.58639999999997,2844.6535999999996
2027-11-03 06:00:00,Clothing,Credit Card,New,1,1946.2,0.22,1946.2,428.164,1518.036
2027-11-03 12:00:00,Electronics,UPI,Regular,3,1161.68,0.19,3485.04,662.1576,2822.8824
2027-11-03 18:00:00,Clothing,Debit Card,New,2,2211.56,0.23,4423.12,1017.3176,3405.8024
2027-11-04 00:00:00,Beauty,Debit Card,New,6,412.38,0.25,2474.2799999999997,618.5699999999999,1855.7099999999998
2027-11-04 06:00:00,Clothing,Credit Card,Regular,4,1295.45,0.28,5181.8,1450.9040000000002,3730.8959999999997
2027-11-04 12:00:00,Beauty,Debit Card,Regular,3,1635.07,0.13,4905.21,637.6773000000001,4267.5327
2027-11-04 18:00:00,Beauty,Cash,New,3,1316.28,0.3,3948.84,1184.652,2764.188
2027-11-05 00:00:00,Clothing,UPI,Regular,3,2228.61,0.06,6685.83,401.14979999999997,6284.6802
2027-11-05 06:00:00,Groceries,Credit Card,New,5,2474.43,0.21,12372.15,2598.1515,9773.9985
2027-11-05 12:00:00,Home & Kitchen,Cash,Regular,7,333.79,0.16,2336.53,373.8448,1962.6852000000001
2027-11-05 18:00:00,Electronics,UPI,Regular,5,368.39,0.25,1841.9499999999998,460.48749999999995,1381.4624999999999
2027-11-06 00:00:00,Home & Kitchen,Cash,New,2,369.29,0.14,738.58,103.40120000000002,635.1788
2027-11-06 06:00:00,Electronics,Credit Card,New,3,1718.88,0.24,5156.64,1237.5936,3919.0464
2027-11-06 12:00:00,Electronics,Credit Card,New,7,963.06,0.28,6741.42,1887.5976000000003,4853.8224
2027-11-06 18:00:00,Beauty,Cash,New,5,1846.62,0.22,9233.099999999999,2031.2819999999997,7201.817999999999
2027-11-07 00:00:00,Electronics,UPI,New,5,1043.41,0.23,5217.05,1199.9215000000002,4017.1285
2027-11-07 06:00:00,Electronics,Debit Card,New,5,1587.64,0.02,7938.200000000001,158.764,7779.436000000001
2027-11-07 12:00:00,Clothing,Debit Card,New,2,1936.15,0.06,3872.3,232.338,3639.962
2027-11-07 18:00:00,Home & Kitchen,Cash,Regular,2,1393.13,0.29,2786.26,808.0154,1978.2446000000002
2027-11-08 00:00:00,Clothing,Credit Card,Regular,3,1371.78,0.21,4115.34,864.2214,3251.1186000000002
2027-11-08 06:00:00,Electronics,UPI,New,4,266.17,0.17,1064.68,180.99560000000002,883.6844000000001
2027-11-08 12:00:00,Beauty,UPI,Regular,3,1056.42,0.11,3169.26,348.6186,2820.6414000000004
2027-11-08 18:00:00,Clothing,Credit Card,Regular,5,1387.15,0.01,6935.75,69.3575,6866.3925
2027-11-09 00:00:00,Clothing,Debit Card,Regular,6,1181.85,0.11,7091.099999999999,780.021,6311.079
2027-11-09 06:00:00,Groceries,UPI,Regular,7,2256.92,0.15,15798.44,2369.766,13428.674
2027-11-09 12:00:00,Electronics,Cash,Regular,5,2271.0,0.06,11355.0,681.3,10673.7
2027-11-09 18:00:00,Beauty,Debit Card,Regular,1,2063.7,0.05,2063.7,103.185,1960.5149999999999
2027-11-10 00:00:00,Clothing,Cash,New,6,969.48,0.15,5816.88,872.532,4944.348
2027-11-10 06:00:00,Clothing,Debit Card,Regular,6,1807.38,0.18,10844.28,1951.9704000000002,8892.3096
2027-11-10 12:00:00,Beauty,Credit Card,Regular,7,1018.46,0.07,7129.22,499.0454000000001,6630.1746
2027-11-10 18:00:00,Electronics,Cash,Regular,3,619.85,0.18,1859.5500000000002,334.719,1524.8310000000001
2027-11-11 00:00:00,Groceries,Cash,Regular,5,890.11,0.27,4450.55,1201.6485000000002,3248.9015
2027-11-11 06:00:00,Clothing,Credit Card,Regular,5,223.86,0.14,1119.3000000000002,156.70200000000003,962.5980000000002
2027-11-11 12:00:00,Groceries,Cash,New,4,862.85,0.26,3451.4,897.364,2554.036
2027-11-11 18:00:00,Home & Kitchen,Debit Card,Regular,1,1178.82,0.28,1178.82,330.06960000000004,848.7503999999999
2027-11-12 00:00:00,Electronics,UPI,New,3,2390.93,0.03,7172.789999999999,215.18369999999996,6957.6062999999995
2027-11-12 06:00:00,Home & Kitchen,UPI,Regular,2,817.86,0.03,1635.72,49.0716,1586.6484
2027-11-12 12:00:00,Home & Kitchen,Credit Card,Regular,3,2261.01,0.14,6783.030000000001,949.6242000000002,5833.4058
2027-11-12 18:00:00,Home & Kitchen,Debit Card,Regular,6,610.7,0.18,3664.2000000000003,659.556,3004.6440000000002
2027-11-13 00:00:00,Electronics,Cash,Regular,3,517.87,0.13,1553.6100000000001,201.96930000000003,1351.6407000000002
2027-11-13 06:00:00,Electronics,Cash,New,4,1321.54,0.1,5286.16,528.616,4757.544
2027-11-13 12:00:00,Beauty,UPI,New,3,1697.65,0.19,5092.950000000001,967.6605000000002,4125.289500000001
2027-11-13 18:00:00,Groceries,Cash,Regular,4,158.61,0.0,634.44,0.0,634.44
2027-11-14 00:00:00,Groceries,UPI,Regular,6,591.61,0.29,3549.66,1029.4014,2520.2586
2027-11-14 06:00:00,Beauty,Credit Card,Regular,4,1166.42,0.07,4665.68,326.59760000000006,4339.0824
2027-11-14 12:00:00,Beauty,Cash,Regular,7,860.96,0.28,6026.72,1687.4816000000003,4339.2384
2027-11-14 18:00:00,Home & Kitchen,Debit Card,New,7,1795.92,0.03,12571.44,377.1432,12194.2968
2027-11-15 00:00:00,Beauty,Cash,Regular,5,1302.34,0.07,6511.7,455.819,6055.880999999999
2027-11-15 06:00:00,Clothing,UPI,New,2,442.88,0.07,885.76,62.00320000000001,823.7568
2027-11-15 12:00:00,Groceries,Credit Card,Regular,6,2241.44,0.3,13448.64,4034.5919999999996,9414.047999999999
2027-11-15 18:00:00,Beauty,UPI,Regular,4,767.62,0.0,3070.48,0.0,3070.48
2027-11-16 00:00:00,Clothing,Cash,Regular,1,1841.27,0.19,1841.27,349.8413,1491.4287
2027-11-16 06:00:00,Clothing,UPI,Regular,6,1960.79,0.26,11764.74,3058.8324000000002,8705.907599999999
2027-11-16 12:00:00,Clothing,UPI,New,1,2409.74,0.2,2409.74,481.948,1927.792
2027-11-16 18:00:00,Clothing,Credit Card,Regular,2,1271.34,0.11,2542.68,279.6948,2262.9852
2027-11-17 00:00:00,Home & Kitchen,Debit Card,New,4,1558.8,0.29,6235.2,1808.2079999999999,4426.992
2027-11-17 06:00:00,Clothing,Cash,Regular,6,870.45,0.27,5222.700000000001,1410.1290000000004,3812.5710000000004
2027-11-17 12:00:00,Home & Kitchen,Credit Card,New,6,1711.54,0.13,10269.24,1335.0012,8934.2388
2027-11-17 18:00:00,Home & Kitchen,Debit Card,Regular,2,1185.29,0.17,2370.58,402.9986,1967.5814
2027-11-18 00:00:00,Clothing,UPI,New,5,1122.25,0.29,5611.25,1627.2624999999998,3983.9875
2027-11-18 06:00:00,Groceries,Debit Card,New,1,2145.9,0.29,2145.9,622.311,1523.589
2027-11-18 12:00:00,Clothing,UPI,New,6,172.91,0.13,1037.46,134.8698,902.5902000000001
2027-11-18 18:00:00,Clothing,UPI,Regular,3,2210.81,0.25,6632.43,1658.1075,4974.3225
2027-11-19 00:00:00,Clothing,Credit Card,New,1,2137.57,0.09,2137.57,192.3813,1945.1887000000002
2027-11-19 06:00:00,Groceries,UPI,Regular,4,1290.6,0.11,5162.4,567.8639999999999,4594.536
2027-11-19 12:00:00,Electronics,Credit Card,Regular,2,1251.0,0.05,2502.0,125.10000000000001,2376.9
2027-11-19 18:00:00,Electronics,Debit Card,Regular,1,936.43,0.06,936.43,56.18579999999999,880.2442
2027-11-20 00:00:00,Home & Kitchen,Debit Card,Regular,3,2485.73,0.2,7457.1900000000005,1491.438,5965.752
2027-11-20 06:00:00,Home & Kitchen,UPI,New,7,322.36,0.15,2256.52,338.478,1918.042
2027-11-20 12:00:00,Groceries,Credit Card,Regular,3,1496.03,0.07,4488.09,314.16630000000004,4173.9237
2027-11-20 18:00:00,Beauty,UPI,Regular,2,1720.12,0.12,3440.24,412.82879999999994,3027.4112
2027-11-21 00:00:00,Electronics,Credit Card,Regular,2,2339.11,0.11,4678.22,514.6042,4163.6158000000005
2027-11-21 06:00:00,Home & Kitchen,Credit Card,Regular,7,1961.5,0.3,13730.5,4119.15,9611.35
2027-11-21 12:00:00,Electronics,Credit Card,New,1,1627.43,0.26,1627.43,423.13180000000006,1204.2982
2027-11-21 18:00:00,Groceries,Debit Card,Regular,4,336.19,0.12,1344.76,161.3712,1183.3888
2027-11-22 00:00:00,Groceries,Credit Card,Regular,5,965.65,0.27,4828.25,1303.6275,3524.6225
2027-11-22 06:00:00,Beauty,Debit Card,Regular,3,390.16,0.1,1170.48,117.048,1053.432
2027-11-22 12:00:00,Beauty,Credit Card,New,2,2208.97,0.2,4417.94,883.588,3534.352
2027-11-22 18:00:00,Groceries,Debit Card,New,5,1886.57,0.29,9432.85,2735.5265,6697.3235
2027-11-23 00:00:00,Home & Kitchen,Cash,New,5,1905.97,0.12,9529.85,1143.582,8386.268
2027-11-23 06:00:00,Electronics,Debit Card,Regular,5,1648.03,0.2,8240.15,1648.03,6592.12
2027-11-23 12:00:00,Clothing,Debit Card,Regular,4,1292.26,0.09,5169.04,465.2136,4703.8264
2027-11-23 18:00:00,Beauty,UPI,Regular,2,417.43,0.08,834.86,66.78880000000001,768.0712
2027-11-24 00:00:00,Clothing,Credit Card,Regular,3,857.75,0.17,2573.25,437.45250000000004,2135.7975
2027-11-24 06:00:00,Home & Kitchen,Cash,Regular,2,385.44,0.29,770.88,223.55519999999999,547.3248
2027-11-24 12:00:00,Beauty,UPI,New,1,1826.04,0.14,1826.04,255.64560000000003,1570.3944
2027-11-24 18:00:00,Clothing,Credit Card,Regular,3,442.56,0.28,1327.68,371.75040000000007,955.9295999999999
2027-11-25 00:00:00,Home & Kitchen,Cash,Regular,2,1770.18,0.27,3540.36,955.8972000000001,2584.4628000000002
2027-11-25 06:00:00,Electronics,Cash,New,3,1746.03,0.08,5238.09,419.04720000000003,4819.0428
2027-11-25 12:00:00,Home & Kitchen,Cash,New,1,1175.3,0.12,1175.3,141.036,1034.264
2027-11-25 18:00:00,Beauty,Credit Card,Regular,6,381.31,0.19,2287.86,434.69340000000005,1853.1666
2027-11-26 00:00:00,Groceries,Cash,Regular,3,821.26,0.16,2463.7799999999997,394.2048,2069.5751999999998
2027-11-26 06:00:00,Electronics,Cash,Regular,6,834.23,0.03,5005.38,150.1614,4855.2186
2027-11-26 12:00:00,Clothing,UPI,Regular,5,1765.94,0.3,8829.7,2648.9100000000003,6180.790000000001
2027-11-26 18:00:00,Beauty,Debit Card,Regular,7,328.67,0.23,2300.69,529.1587000000001,1771.5313
2027-11-27 00:00:00,Groceries,Credit Card,Regular,4,2081.22,0.13,8324.88,1082.2343999999998,7242.6456
2027-11-27 06:00:00,Home & Kitchen,Debit Card,New,1,1914.47,0.19,1914.47,363.7493,1550.7207
2027-11-27 12:00:00,Groceries,UPI,New,3,506.45,0.03,1519.35,45.580499999999994,1473.7694999999999
2027-11-27 18:00:00,Beauty,Debit Card,Regular,1,1811.95,0.15,1811.95,271.7925,1540.1575
2027-11-28 00:00:00,Beauty,Cash,Regular,5,1687.86,0.28,8439.3,2363.004,6076.295999999999
2027-11-28 06:00:00,Groceries,Cash,Regular,6,1882.9,0.27,11297.400000000001,3050.2980000000007,8247.102
2027-11-28 12:00:00,Home & Kitchen,Credit Card,New,4,512.87,0.1,2051.48,205.14800000000002,1846.3319999999999
2027-11-28 18:00:00,Groceries,Credit Card,Regular,1,436.1,0.16,436.1,69.77600000000001,366.324
2027-11-29 00:00:00,Beauty,Credit Card,Regular,6,629.39,0.21,3776.34,793.0314,2983.3086000000003
2027-11-29 06:00:00,Beauty,UPI,Regular,5,946.39,0.1,4731.95,473.195,4258.755
2027-11-29 12:00:00,Clothing,Credit Card,Regular,5,1994.48,0.02,9972.4,199.448,9772.952
2027-11-29 18:00:00,Clothing,UPI,New,5,1857.91,0.15,9289.550000000001,1393.4325000000001,7896.117500000001
2027-11-30 00:00:00,Electronics,Cash,Regular,7,2317.36,0.18,16221.52,2919.8736,13301.646400000001
2027-11-30 06:00:00,Beauty,Debit Card,Regular,6,193.64,0.0,1161.84,0.0,1161.84
2027-11-30 12:00:00,Clothing,Cash,Regular,3,78.31,0.03,234.93,7.0479,227.8821
2027-11-30 18:00:00,Groceries,Cash,Regular,2,1762.89,0.06,3525.78,211.5468,3314.2332
2027-12-01 00:00:00,Home & Kitchen,Cash,New,1,734.25,0.1,734.25,73.425,660.825
2027-12-01 06:00:00,Groceries,Credit Card,New,7,868.49,0.16,6079.43,972.7088000000001,5106.7212
2027-12-01 12:00:00,Home & Kitchen,Credit Card,Regular,2,1389.66,0.09,2779.32,250.1388,2529.1812
2027-12-01 18:00:00,Clothing,Credit Card,Regular,5,300.91,0.08,1504.5500000000002,120.36400000000002,1384.1860000000001
2027-12-02 00:00:00,Electronics,Debit Card,Regular,2,1624.6,0.26,3249.2,844.792,2404.408
2027-12-02 06:00:00,Groceries,Credit Card,Regular,6,846.61,0.04,5079.66,203.1864,4876.4736
2027-12-02 12:00:00,Groceries,UPI,Regular,5,1600.15,0.15,8000.75,1200.1125,6800.6375
2027-12-02 18:00:00,Groceries,Cash,New,7,2093.32,0.29,14653.240000000002,4249.439600000001,10403.8004
2027-12-03 00:00:00,Home & Kitchen,Debit Card,Regular,5,469.22,0.19,2346.1000000000004,445.75900000000007,1900.3410000000003
2027-12-03 06:00:00,Clothing,Debit Card,Regular,4,2330.64,0.22,9322.56,2050.9631999999997,7271.596799999999
2027-12-03 12:00:00,Groceries,Debit Card,Regular,4,1350.19,0.13,5400.76,702.0988000000001,4698.6612000000005
2027-12-03 18:00:00,Groceries,Debit Card,New,7,2311.17,0.01,16178.19,161.7819,16016.4081
2027-12-04 00:00:00,Electronics,Debit Card,Regular,6,558.94,0.19,3353.6400000000003,637.1916000000001,2716.4484
2027-12-04 06:00:00,Electronics,UPI,New,6,1531.18,0.19,9187.08,1745.5452,7441.534799999999
2027-12-04 12:00:00,Clothing,Cash,Regular,2,1039.52,0.03,2079.04,62.371199999999995,2016.6688
2027-12-04 18:00:00,Clothing,Debit Card,Regular,7,1946.84,0.14,13627.88,1907.9032,11719.976799999999
2027-12-05 00:00:00,Beauty,Cash,New,1,1534.48,0.27,1534.48,414.30960000000005,1120.1704
2027-12-05 06:00:00,Electronics,Credit Card,Regular,7,1261.56,0.06,8830.92,529.8552,8301.0648
2027-12-05 12:00:00,Beauty,Debit Card,New,2,2286.81,0.14,4573.62,640.3068000000001,3933.3131999999996
2027-12-05 18:00:00,Home & Kitchen,Debit Card,Regular,6,973.94,0.14,5843.64,818.1096000000001,5025.530400000001
2027-12-06 00:00:00,Beauty,Cash,Regular,1,588.95,0.24,588.95,141.348,447.60200000000003
2027-12-06 06:00:00,Groceries,Debit Card,Regular,7,1539.85,0.25,10778.949999999999,2694.7374999999997,8084.2125
2027-12-06 12:00:00,Beauty,Debit Card,Regular,2,1578.87,0.23,3157.74,726.2802,2431.4597999999996
2027-12-06 18:00:00,Clothing,Debit Card,Regular,3,1125.78,0.11,3377.34,371.5074,3005.8326
2027-12-07 00:00:00,Home & Kitchen,UPI,Regular,3,1242.19,0.02,3726.57,74.5314,3652.0386000000003
2027-12-07 06:00:00,Groceries,UPI,New,1,2400.91,0.1,2400.91,240.091,2160.819
2027-12-07 12:00:00,Beauty,Debit Card,Regular,4,1845.08,0.2,7380.32,1476.064,5904.255999999999
2027-12-07 18:00:00,Home & Kitchen,UPI,Regular,1,320.97,0.21,320.97,67.4037,253.5663
2027-12-08 00:00:00,Home & Kitchen,Credit Card,Regular,2,569.72,0.29,1139.44,330.4376,809.0024000000001
2027-12-08 06:00:00,Groceries,Debit Card,Regular,5,2440.16,0.14,12200.8,1708.112,10492.687999999998
2027-12-08 12:00:00,Beauty,Credit Card,Regular,3,1829.84,0.19,5489.5199999999995,1043.0087999999998,4446.5112
2027-12-08 18:00:00,Home & Kitchen,Cash,New,5,2291.86,0.16,11459.300000000001,1833.4880000000003,9625.812000000002
2027-12-09 00:00:00,Home & Kitchen,Credit Card,New,3,794.46,0.05,2383.38,119.16900000000001,2264.2110000000002
2027-12-09 06:00:00,Electronics,Cash,Regular,2,1867.57,0.14,3735.14,522.9196000000001,3212.2203999999997
2027-12-09 12:00:00,Home & Kitchen,Debit Card,New,3,1799.31,0.16,5397.93,863.6688,4534.2612
2027-12-09 18:00:00,Electronics,Cash,Regular,1,771.99,0.29,771.99,223.87709999999998,548.1129000000001
2027-12-10 00:00:00,Beauty,Cash,New,5,1399.5,0.11,6997.5,769.725,6227.775
2027-12-10 06:00:00,Beauty,Credit Card,New,6,1587.17,0.29,9523.02,2761.6758,6761.3442000000005
2027-12-10 12:00:00,Beauty,Credit Card,New,5,1228.77,0.16,6143.85,983.0160000000001,5160.834000000001
2027-12-10 18:00:00,Clothing,Credit Card,Regular,2,2076.59,0.07,4153.18,290.72260000000006,3862.4574000000002
2027-12-11 00:00:00,Beauty,Debit Card,Regular,6,2090.53,0.06,12543.18,752.5908,11790.5892
2027-12-11 06:00:00,Home & Kitchen,Debit Card,Regular,5,2133.97,0.04,10669.849999999999,426.7939999999999,10243.055999999999
2027-12-11 12:00:00,Groceries,Credit Card,New,7,2018.39,0.14,14128.730000000001,1978.0222000000003,12150.7078
2027-12-11 18:00:00,Electronics,Debit Card,Regular,2,1245.8,0.01,2491.6,24.916,2466.6839999999997
2027-12-12 00:00:00,Clothing,Debit Card,New,7,984.52,0.13,6891.639999999999,895.9132,5995.7267999999995
2027-12-12 06:00:00,Beauty,Cash,Regular,4,2086.87,0.3,8347.48,2504.2439999999997,5843.236
2027-12-12 12:00:00,Beauty,Cash,New,1,1250.99,0.2,1250.99,250.198,1000.792
2027-12-12 18:00:00,Groceries,Credit Card,Regular,3,653.61,0.23,1960.83,450.9909,1509.8391
2027-12-13 00:00:00,Groceries,Debit Card,Regular,7,1292.99,0.04,9050.93,362.03720000000004,8688.8928
2027-12-13 06:00:00,Clothing,Cash,Regular,3,397.53,0.14,1192.59,166.9626,1025.6273999999999
2027-12-13 12:00:00,Electronics,UPI,Regular,3,1744.49,0.09,5233.47,471.0123,4762.4577
2027-12-13 18:00:00,Beauty,Debit Card,Regular,4,873.01,0.27,3492.04,942.8508,2549.1892
2027-12-14 00:00:00,Clothing,UPI,New,1,688.61,0.05,688.61,34.4305,654.1795
2027-12-14 06:00:00,Home & Kitchen,Credit Card,Regular,5,2393.45,0.14,11967.25,1675.4150000000002,10291.835
2027-12-14 12:00:00,Home & Kitchen,Debit Card,Regular,7,1953.36,0.18,13673.519999999999,2461.2335999999996,11212.286399999999
2027-12-14 18:00:00,Clothing,Credit Card,New,5,1978.32,0.15,9891.6,1483.74,8407.86
2027-12-15 00:00:00,Beauty,Credit Card,Regular,1,1578.12,0.25,1578.12,394.53,1183.59
2027-12-15 06:00:00,Clothing,Credit Card,New,6,2105.97,0.07,12635.82,884.5074000000001,11751.3126
2027-12-15 12:00:00,Beauty,Credit Card,New,1,1909.95,0.11,1909.95,210.0945,1699.8555000000001
2027-12-15 18:00:00,Groceries,Credit Card,Regular,3,1517.0,0.24,4551.0,1092.24,3458.76
2027-12-16 00:00:00,Clothing,Debit Card,Regular,5,2404.75,0.16,12023.75,1923.8,10099.95
2027-12-16 06:00:00,Beauty,UPI,Regular,1,519.41,0.12,519.41,62.32919999999999,457.08079999999995
2027-12-16 12:00:00,Clothing,Debit Card,New,5,2361.28,0.01,11806.400000000001,118.06400000000002,11688.336000000001
2027-12-16 18:00:00,Clothing,Debit Card,Regular,1,1033.52,0.23,1033.52,237.7096,795.8104
2027-12-17 00:00:00,Beauty,Debit Card,Regular,2,1344.58,0.29,2689.16,779.8563999999999,1909.3036
2027-12-17 06:00:00,Beauty,Cash,New,7,350.71,0.19,2454.97,466.44429999999994,1988.5257
2027-12-17 12:00:00,Electronics,Cash,Regular,3,1373.26,0.26,4119.78,1071.1428,3048.6371999999997
2027-12-17 18:00:00,Clothing,Debit Card,New,1,1547.46,0.16,1547.46,247.5936,1299.8664
2027-12-18 00:00:00,Home & Kitchen,UPI,New,4,2494.37,0.07,9977.48,698.4236000000001,9279.0564
2027-12-18 06:00:00,Clothing,Debit Card,Regular,1,2439.22,0.0,2439.22,0.0,2439.22
2027-12-18 12:00:00,Clothing,Credit Card,New,2,2417.67,0.2,4835.34,967.0680000000001,3868.272
2027-12-18 18:00:00,Beauty,Cash,New,4,903.55,0.15,3614.2,542.13,3072.0699999999997
2027-12-19 00:00:00,Clothing,Cash,Regular,4,2478.6,0.23,9914.4,2280.312,7634.088
2027-12-19 06:00:00,Clothing,Debit Card,Regular,1,1165.92,0.21,1165.92,244.8432,921.0768
2027-12-19 12:00:00,Home & Kitchen,Debit Card,Regular,2,2137.0,0.3,4274.0,1282.2,2991.8
2027-12-19 18:00:00,Beauty,UPI,Regular,4,579.98,0.15,2319.92,347.988,1971.932
2027-12-20 00:00:00,Clothing,UPI,New,7,1289.29,0.13,9025.029999999999,1173.2539,7851.776099999999
2027-12-20 06:00:00,Groceries,Credit Card,Regular,3,2416.73,0.09,7250.1900000000005,652.5171,6597.6729000000005
2027-12-20 12:00:00,Electronics,Debit Card,New,6,2370.23,0.14,14221.380000000001,1990.9932000000003,12230.3868
2027-12-20 18:00:00,Home & Kitchen,Debit Card,Regular,3,1725.15,0.26,5175.450000000001,1345.6170000000002,3829.8330000000005
2027-12-21 00:00:00,Clothing,Debit Card,Regular,5,2004.65,0.01,10023.25,100.2325,9923.0175
2027-12-21 06:00:00,Groceries,Cash,New,5,482.25,0.29,2411.25,699.2624999999999,1711.9875000000002
2027-12-21 12:00:00,Clothing,Credit Card,New,2,1818.06,0.3,3636.12,1090.836,2545.2839999999997
2027-12-21 18:00:00,Clothing,UPI,Regular,4,1564.22,0.18,6256.88,1126.2384,5130.6416
2027-12-22 00:00:00,Beauty,Cash,Regular,3,274.3,0.1,822.9000000000001,82.29000000000002,740.6100000000001
2027-12-22 06:00:00,Beauty,Cash,Regular,3,327.24,0.07,981.72,68.72040000000001,912.9996
2027-12-22 12:00:00,Beauty,Cash,Regular,6,315.69,0.08,1894.1399999999999,151.53119999999998,1742.6088
2027-12-22 18:00:00,Groceries,Cash,Regular,2,1824.67,0.02,3649.34,72.9868,3576.3532
2027-12-23 00:00:00,Clothing,Credit Card,Regular,7,397.2,0.14,2780.4,389.25600000000003,2391.1440000000002
2027-12-23 06:00:00,Electronics,Debit Card,New,4,1195.94,0.02,4783.76,95.6752,4688.0848000000005
2027-12-23 12:00:00,Home & Kitchen,UPI,Regular,2,924.61,0.22,1849.22,406.8284,1442.3916
2027-12-23 18:00:00,Beauty,UPI,New,1,1398.74,0.11,1398.74,153.8614,1244.8786
2027-12-24 00:00:00,Beauty,Cash,New,3,1780.87,0.06,5342.61,320.55659999999995,5022.0534
2027-12-24 06:00:00,Clothing,Cash,Regular,2,1727.57,0.16,3455.14,552.8224,2902.3176
2027-12-24 12:00:00,Clothing,Credit Card,New,2,1313.02,0.29,2626.04,761.5515999999999,1864.4884000000002
2027-12-24 18:00:00,Groceries,Cash,Regular,6,1187.62,0.21,7125.719999999999,1496.4011999999998,5629.318799999999
2027-12-25 00:00:00,Groceries,UPI,New,7,1024.65,0.15,7172.550000000001,1075.8825000000002,6096.667500000001
2027-12-25 06:00:00,Beauty,UPI,Regular,1,2161.68,0.23,2161.68,497.1864,1664.4935999999998
2027-12-25 12:00:00,Clothing,Debit Card,Regular,5,860.59,0.22,4302.95,946.649,3356.301
2027-12-25 18:00:00,Electronics,Debit Card,New,3,685.45,0.27,2056.3500000000004,555.2145000000002,1501.1355000000003
2027-12-26 00:00:00,Home & Kitchen,UPI,Regular,6,1871.12,0.06,11226.72,673.6031999999999,10553.1168
2027-12-26 06:00:00,Clothing,UPI,New,7,931.42,0.26,6519.94,1695.1843999999999,4824.7555999999995
2027-12-26 12:00:00,Clothing,Credit Card,New,7,2125.15,0.09,14876.050000000001,1338.8445000000002,13537.2055
2027-12-26 18:00:00,Groceries,Credit Card,Regular,2,853.33,0.28,1706.66,477.86480000000006,1228.7952
2027-12-27 00:00:00,Home & Kitchen,UPI,Regular,3,1769.76,0.08,5309.28,424.7424,4884.5376
2027-12-27 06:00:00,Beauty,Cash,Regular,5,160.52,0.28,802.6,224.72800000000004,577.872
2027-12-27 12:00:00,Clothing,Debit Card,Regular,7,994.63,0.29,6962.41,2019.0988999999997,4943.3111
2027-12-27 18:00:00,Beauty,UPI,New,2,890.91,0.04,1781.82,71.2728,1710.5472
2027-12-28 00:00:00,Clothing,Cash,Regular,7,2050.86,0.29,14356.02,4163.2458,10192.7742
2027-12-28 06:00:00,Beauty,UPI,Regular,1,2419.29,0.03,2419.29,72.5787,2346.7113
2027-12-28 12:00:00,Home & Kitchen,Debit Card,New,7,1179.16,0.07,8254.12,577.7884000000001,7676.3316
2027-12-28 18:00:00,Groceries,Debit Card,Regular,3,2070.85,0.13,6212.549999999999,807.6315,5404.9185
2027-12-29 00:00:00,Home & Kitchen,Credit Card,New,7,1764.25,0.3,12349.75,3704.9249999999997,8644.825
2027-12-29 06:00:00,Electronics,Credit Card,Regular,7,2420.1,0.15,16940.7,2541.105,14399.595000000001
2027-12-29 12:00:00,Groceries,Credit Card,New,6,2037.22,0.17,12223.32,2077.9644000000003,10145.355599999999
2027-12-29 18:00:00,Home & Kitchen,Credit Card,Regular,1,239.82,0.21,239.82,50.362199999999994,189.4578
2027-12-30 00:00:00,Electronics,Debit Card,Regular,5,1797.54,0.29,8987.7,2606.433,6381.267000000001
2027-12-30 06:00:00,Clothing,Cash,Regular,5,1361.97,0.24,6809.85,1634.364,5175.486000000001
2027-12-30 12:00:00,Clothing,Cash,Regular,3,90.27,0.07,270.81,18.9567,251.8533
2027-12-30 18:00:00,Beauty,Cash,New,5,665.72,0.09,3328.6000000000004,299.574,3029.0260000000003
2027-12-31 00:00:00,Groceries,UPI,Regular,4,2308.3,0.03,9233.2,276.99600000000004,8956.204000000002
2027-12-31 06:00:00,Clothing,Credit Card,New,6,2318.85,0.19,13913.099999999999,2643.4889999999996,11269.610999999999
2027-12-31 12:00:00,Groceries,Credit Card,Regular,3,2007.18,0.05,6021.54,301.077,5720.463
2027-12-31 18:00:00,Clothing,Debit Card,Regular,7,2455.36,0.08,17187.52,1375.0016,15812.5184
2028-01-01 00:00:00,Beauty,Debit Card,Regular,4,2026.04,0.27,8104.16,2188.1232,5916.0368
2028-01-01 06:00:00,Home & Kitchen,UPI,Regular,5,75.0,0.1,375.0,37.5,337.5
2028-01-01 12:00:00,Beauty,UPI,Regular,7,755.19,0.17,5286.33,898.6761,4387.6539
2028-01-01 18:00:00,Electronics,Cash,Regular,3,125.03,0.12,375.09000000000003,45.0108,330.0792
2028-01-02 00:00:00,Clothing,Debit Card,New,4,280.56,0.02,1122.24,22.4448,1099.7952
2028-01-02 06:00:00,Electronics,Credit Card,Regular,5,586.16,0.11,2930.7999999999997,322.388,2608.412
2028-01-02 12:00:00,Electronics,Cash,Regular,2,1283.72,0.12,2567.44,308.0928,2259.3472
2028-01-02 18:00:00,Groceries,Credit Card,Regular,2,2126.45,0.27,4252.9,1148.283,3104.6169999999997
2028-01-03 00:00:00,Clothing,Cash,Regular,1,2161.82,0.1,2161.82,216.18200000000002,1945.6380000000001
2028-01-03 06:00:00,Electronics,Credit Card,New,2,1559.69,0.11,3119.38,343.1318,2776.2482
2028-01-03 12:00:00,Home & Kitchen,UPI,Regular,4,2324.03,0.23,9296.12,2138.1076000000003,7158.0124000000005
2028-01-03 18:00:00,Electronics,Cash,Regular,6,1275.15,0.23,7650.900000000001,1759.707,5891.193
2028-01-04 00:00:00,Home & Kitchen,Credit Card,Regular,2,2228.14,0.24,4456.28,1069.5072,3386.7727999999997
2028-01-04 06:00:00,Groceries,Credit Card,Regular,3,1162.46,0.29,3487.38,1011.3402,2476.0398
2028-01-04 12:00:00,Electronics,Debit Card,Regular,3,729.2,0.24,2187.6000000000004,525.0240000000001,1662.5760000000002
2028-01-04 18:00:00,Beauty,Cash,New,3,2295.21,0.12,6885.63,826.2755999999999,6059.3544
2028-01-05 00:00:00,Groceries,Credit Card,Regular,2,1000.44,0.25,2000.88,500.22,1500.66
2028-01-05 06:00:00,Home & Kitchen,Debit Card,Regular,7,1283.34,0.15,8983.38,1347.5069999999998,7635.873
2028-01-05 12:00:00,Groceries,Credit Card,New,2,855.71,0.08,1711.42,136.9136,1574.5064
2028-01-05 18:00:00,Electronics,Cash,Regular,1,1673.95,0.09,1673.95,150.6555,1523.2945
2028-01-06 00:00:00,Clothing,UPI,New,6,2487.83,0.07,14926.98,1044.8886,13882.0914
2028-01-06 06:00:00,Clothing,Cash,Regular,7,112.51,0.04,787.57,31.502800000000004,756.0672000000001
2028-01-06 12:00:00,Home & Kitchen,Cash,New,6,2254.63,0.06,13527.78,811.6668,12716.1132
2028-01-06 18:00:00,Home & Kitchen,Credit Card,Regular,7,59.62,0.02,417.34,8.3468,408.9932
2028-01-07 00:00:00,Clothing,Credit Card,Regular,7,942.36,0.27,6596.52,1781.0604000000003,4815.4596
2028-01-07 06:00:00,Home & Kitchen,Cash,Regular,5,463.09,0.28,2315.45,648.326,1667.1239999999998
2028-01-07 12:00:00,Groceries,Debit Card,Regular,1,1905.49,0.18,1905.49,342.9882,1562.5018
2028-01-07 18:00:00,Beauty,Debit Card,Regular,4,174.0,0.25,696.0,174.0,522.0
2028-01-08 00:00:00,Beauty,Debit Card,Regular,3,1406.04,0.06,4218.12,253.0872,3965.0328
2028-01-08 06:00:00,Groceries,Credit Card,Regular,2,772.57,0.27,1545.14,417.18780000000004,1127.9522000000002
2028-01-08 12:00:00,Beauty,Credit Card,Regular,5,377.49,0.15,1887.45,283.1175,1604.3325
2028-01-08 18:00:00,Electronics,Cash,Regular,5,1940.95,0.02,9704.75,194.095,9510.655
2028-01-09 00:00:00,Groceries,UPI,New,7,582.67,0.04,4078.6899999999996,163.14759999999998,3915.5424
2028-01-09 06:00:00,Home & Kitchen,Credit Card,New,2,598.0,0.09,1196.0,107.64,1088.36
2028-01-09 12:00:00,Groceries,Cash,Regular,1,723.94,0.01,723.94,7.239400000000001,716.7006
2028-01-09 18:00:00,Clothing,Cash,Regular,5,1487.58,0.09,7437.9,669.411,6768.489
2028-01-10 00:00:00,Home & Kitchen,UPI,Regular,6,1666.18,0.02,9997.08,199.9416,9797.1384
2028-01-10 06:00:00,Clothing,Debit Card,Regular,1,93.13,0.07,93.13,6.5191,86.6109
2028-01-10 12:00:00,Home & Kitchen,Cash,New,2,642.58,0.08,1285.16,102.81280000000001,1182.3472000000002
2028-01-10 18:00:00,Beauty,Cash,Regular,7,1105.88,0.3,7741.160000000001,2322.348,5418.812000000001
2028-01-11 00:00:00,Groceries,Cash,Regular,1,863.34,0.07,863.34,60.433800000000005,802.9062
2028-01-11 06:00:00,Electronics,Debit Card,New,7,2216.22,0.07,15513.539999999999,1085.9478000000001,14427.5922
2028-01-11 12:00:00,Home & Kitchen,Debit Card,Regular,6,1979.89,0.21,11879.34,2494.6614,9384.6786
2028-01-11 18:00:00,Home & Kitchen,UPI,New,3,1583.43,0.26,4750.29,1235.0754,3515.2146000000002
2028-01-12 00:00:00,Clothing,Credit Card,New,7,878.2,0.12,6147.400000000001,737.688,5409.712
2028-01-12 06:00:00,Beauty,Debit Card,Regular,7,1766.65,0.26,12366.550000000001,3215.3030000000003,9151.247000000001
2028-01-12 12:00:00,Clothing,Credit Card,Regular,2,2116.91,0.1,4233.82,423.382,3810.4379999999996
2028-01-12 18:00:00,Clothing,Credit Card,Regular,6,1507.33,0.06,9043.98,542.6388,8501.341199999999
2028-01-13 00:00:00,Beauty,Debit Card,Regular,2,1971.93,0.1,3943.86,394.386,3549.474
2028-01-13 06:00:00,Electronics,Cash,Regular,6,1885.31,0.18,11311.86,2036.1348,9275.7252
2028-01-13 12:00:00,Clothing,UPI,New,6,1450.76,0.11,8704.56,957.5015999999999,7747.0584
2028-01-13 18:00:00,Clothing,Credit Card,Regular,5,814.85,0.2,4074.25,814.85,3259.4
2028-01-14 00:00:00,Home & Kitchen,Cash,Regular,5,1877.17,0.07,9385.85,657.0095000000001,8728.8405
2028-01-14 06:00:00,Beauty,Debit Card,Regular,5,556.65,0.21,2783.25,584.4825,2198.7675
2028-01-14 12:00:00,Groceries,Credit Card,New,3,1959.75,0.1,5879.25,587.9250000000001,5291.325
2028-01-14 18:00:00,Electronics,Credit Card,Regular,3,2021.14,0.14,6063.42,848.8788000000001,5214.5412
2028-01-15 00:00:00,Electronics,Credit Card,New,6,2064.25,0.17,12385.5,2105.5350000000003,10279.965
2028-01-15 06:00:00,Beauty,Cash,Regular,4,1208.64,0.21,4834.56,1015.2576,3819.3024000000005
2028-01-15 12:00:00,Home & Kitchen,Cash,Regular,2,521.58,0.07,1043.16,73.02120000000001,970.1388000000001
2028-01-15 18:00:00,Home & Kitchen,Cash,New,5,294.32,0.25,1471.6,367.9,1103.6999999999998
2028-01-16 00:00:00,Beauty,Credit Card,New,2,1871.24,0.22,3742.48,823.3456,2919.1344
2028-01-16 06:00:00,Home & Kitchen,Credit Card,Regular,7,2221.34,0.07,15549.380000000001,1088.4566000000002,14460.923400000001
2028-01-16 12:00:00,Electronics,UPI,Regular,6,1644.55,0.29,9867.3,2861.5169999999994,7005.782999999999
2028-01-16 18:00:00,Electronics,UPI,New,1,403.19,0.2,403.19,80.638,322.552
2028-01-17 00:00:00,Groceries,Cash,Regular,6,2340.5,0.14,14043.0,1966.0200000000002,12076.98
2028-01-17 06:00:00,Beauty,Cash,Regular,3,2473.3,0.05,7419.900000000001,370.99500000000006,7048.905000000001
2028-01-17 12:00:00,Clothing,Debit Card,New,4,1111.78,0.16,4447.12,711.5392,3735.5807999999997
2028-01-17 18:00:00,Clothing,Cash,Regular,1,1507.32,0.05,1507.32,75.366,1431.954
2028-01-18 00:00:00,Groceries,UPI,Regular,2,1954.21,0.13,3908.42,508.0946,3400.3254
2028-01-18 06:00:00,Groceries,UPI,Regular,3,1854.15,0.12,5562.450000000001,667.494,4894.956000000001
2028-01-18 12:00:00,Home & Kitchen,UPI,Regular,5,2421.08,0.22,12105.4,2663.188,9442.212
2028-01-18 18:00:00,Groceries,Credit Card,New,1,331.46,0.06,331.46,19.8876,311.57239999999996
2028-01-19 00:00:00,Groceries,Credit Card,Regular,3,1472.78,0.25,4418.34,1104.585,3313.755
2028-01-19 06:00:00,Clothing,Cash,Regular,2,1745.23,0.1,3490.46,349.04600000000005,3141.4139999999998
2028-01-19 12:00:00,Home & Kitchen,Debit Card,Regular,6,2230.74,0.13,13384.439999999999,1739.9771999999998,11644.4628
2028-01-19 18:00:00,Groceries,Debit Card,New,2,2191.57,0.23,4383.14,1008.1222000000001,3375.0178
2028-01-20 00:00:00,Groceries,Debit Card,Regular,1,2446.1,0.19,2446.1,464.759,1981.341
2028-01-20 06:00:00,Home & Kitchen,Credit Card,New,1,1304.59,0.09,1304.59,117.41309999999999,1187.1769
2028-01-20 12:00:00,Beauty,UPI,Regular,6,2085.36,0.12,12512.16,1501.4592,11010.7008
2028-01-20 18:00:00,Home & Kitchen,UPI,New,1,1096.84,0.09,1096.84,98.7156,998.1243999999999
2028-01-21 00:00:00,Clothing,Credit Card,Regular,4,1084.67,0.18,4338.68,780.9624,3557.7176000000004
2028-01-21 06:00:00,Beauty,Debit Card,New,5,670.7,0.1,3353.5,335.35,3018.15
2028-01-21 12:00:00,Electronics,Debit Card,Regular,3,2054.68,0.22,6164.039999999999,1356.0887999999998,4807.9511999999995
2028-01-21 18:00:00,Home & Kitchen,Cash,Regular,6,2465.25,0.17,14791.5,2514.5550000000003,12276.945
2028-01-22 00:00:00,Clothing,Cash,New,2,678.04,0.04,1356.08,54.2432,1301.8368
2028-01-22 06:00:00,Beauty,Debit Card,New,2,187.52,0.09,375.04,33.7536,341.2864
2028-01-22 12:00:00,Home & Kitchen,Credit Card,Regular,5,2048.08,0.07,10240.4,716.8280000000001,9523.572
2028-01-22 18:00:00,Groceries,Debit Card,New,1,1569.56,0.12,1569.56,188.3472,1381.2128
2028-01-23 00:00:00,Home & Kitchen,Cash,Regular,1,2401.26,0.15,2401.26,360.189,2041.0710000000001
2028-01-23 06:00:00,Electronics,Debit Card,New,2,667.99,0.15,1335.98,200.397,1135.583
2028-01-23 12:00:00,Home & Kitchen,Credit Card,Regular,5,224.02,0.23,1120.1000000000001,257.62300000000005,862.4770000000001
2028-01-23 18:00:00,Beauty,UPI,Regular,2,1256.48,0.06,2512.96,150.7776,2362.1824
2028-01-24 00:00:00,Beauty,Credit Card,Regular,1,259.39,0.28,259.39,72.6292,186.7608
2028-01-24 06:00:00,Home & Kitchen,Credit Card,Regular,6,691.39,0.1,4148.34,414.83400000000006,3733.5060000000003
2028-01-24 12:00:00,Beauty,Cash,New,3,358.65,0.09,1075.9499999999998,96.83549999999998,979.1144999999998
2028-01-24 18:00:00,Groceries,Credit Card,Regular,1,599.12,0.21,599.12,125.81519999999999,473.3048
2028-01-25 00:00:00,Home & Kitchen,Credit Card,Regular,6,310.05,0.24,1860.3000000000002,446.47200000000004,1413.8280000000002
2028-01-25 06:00:00,Groceries,Cash,Regular,3,2387.07,0.11,7161.210000000001,787.7331000000001,6373.476900000001
2028-01-25 12:00:00,Groceries,Cash,New,7,732.48,0.22,5127.360000000001,1128.0192000000002,3999.3408000000004
2028-01-25 18:00:00,Clothing,UPI,Regular,4,1137.55,0.27,4550.2,1228.554,3321.6459999999997
2028-01-26 00:00:00,Home & Kitchen,Debit Card,Regular,5,2251.6,0.23,11258.0,2589.34,8668.66
2028-01-26 06:00:00,Beauty,Credit Card,New,6,1709.44,0.01,10256.64,102.5664,10154.0736
2028-01-26 12:00:00,Groceries,Cash,Regular,4,1564.19,0.25,6256.76,1564.19,4692.57
2028-01-26 18:00:00,Clothing,UPI,New,1,1778.63,0.23,1778.63,409.08490000000006,1369.5451
2028-01-27 00:00:00,Home & Kitchen,Debit Card,New,7,2080.61,0.2,14564.27,2912.8540000000003,11651.416000000001
2028-01-27 06:00:00,Home & Kitchen,Cash,Regular,5,2200.29,0.23,11001.45,2530.3335,8471.1165
2028-01-27 12:00:00,Electronics,Debit Card,New,6,1624.47,0.29,9746.82,2826.5777999999996,6920.242200000001
2028-01-27 18:00:00,Electronics,Debit Card,New,7,2230.52,0.13,15613.64,2029.7732,13583.8668
2028-01-28 00:00:00,Groceries,Credit Card,Regular,1,1361.72,0.02,1361.72,27.2344,1334.4856
2028-01-28 06:00:00,Electronics,Credit Card,Regular,5,729.36,0.14,3646.8,510.5520000000001,3136.248
2028-01-28 12:00:00,Groceries,Cash,New,5,2206.19,0.01,11030.95,110.30950000000001,10920.640500000001
2028-01-28 18:00:00,Beauty,Debit Card,Regular,1,1376.61,0.09,1376.61,123.89489999999999,1252.7151
2028-01-29 00:00:00,Groceries,Cash,New,1,2270.04,0.18,2270.04,408.6072,1861.4328
2028-01-29 06:00:00,Electronics,Cash,Regular,7,148.41,0.09,1038.87,93.49829999999999,945.3716999999999
2028-01-29 12:00:00,Beauty,Debit Card,Regular,7,1023.91,0.21,7167.37,1505.1477,5662.222299999999
2028-01-29 18:00:00,Electronics,Cash,Regular,6,2372.12,0.25,14232.72,3558.18,10674.539999999999
2028-01-30 00:00:00,Groceries,Debit Card,Regular,5,661.64,0.13,3308.2,430.066,2878.134
2028-01-30 06:00:00,Clothing,Debit Card,Regular,6,2356.76,0.27,14140.560000000001,3817.9512000000004,10322.608800000002
2028-01-30 12:00:00,Home & Kitchen,Debit Card,New,7,2387.06,0.02,16709.42,334.18839999999994,16375.2316
2028-01-30 18:00:00,Electronics,Debit Card,New,5,2211.25,0.25,11056.25,2764.0625,8292.1875
2028-01-31 00:00:00,Groceries,UPI,New,6,1430.99,0.25,8585.94,2146.485,6439.455
2028-01-31 06:00:00,Beauty,Debit Card,Regular,1,1635.0,0.1,1635.0,163.5,1471.5
2028-01-31 12:00:00,Electronics,Credit Card,New,1,2180.56,0.09,2180.56,196.25039999999998,1984.3096
2028-01-31 18:00:00,Electronics,Credit Card,Regular,2,1950.95,0.09,3901.9,351.171,3550.7290000000003
2028-02-01 00:00:00,Home & Kitchen,Credit Card,New,7,1593.73,0.24,11156.11,2677.4664000000002,8478.6436
2028-02-01 06:00:00,Groceries,Debit Card,Regular,6,2456.54,0.25,14739.24,3684.81,11054.43
2028-02-01 12:00:00,Clothing,Credit Card,New,2,1729.91,0.1,3459.82,345.982,3113.838
2028-02-01 18:00:00,Beauty,UPI,New,2,2439.93,0.18,4879.86,878.3747999999999,4001.4851999999996
2028-02-02 00:00:00,Groceries,Cash,Regular,4,190.6,0.04,762.4,30.496,731.904
2028-02-02 06:00:00,Beauty,Debit Card,Regular,5,390.45,0.14,1952.25,273.315,1678.935
2028-02-02 12:00:00,Electronics,Credit Card,Regular,3,1156.07,0.3,3468.21,1040.463,2427.7470000000003
2028-02-02 18:00:00,Home & Kitchen,UPI,Regular,4,992.95,0.05,3971.8,198.59000000000003,3773.21
2028-02-03 00:00:00,Home & Kitchen,Cash,Regular,7,1967.7,0.28,13773.9,3856.6920000000005,9917.207999999999
2028-02-03 06:00:00,Clothing,UPI,Regular,5,443.5,0.25,2217.5,554.375,1663.125
2028-02-03 12:00:00,Home & Kitchen,Credit Card,Regular,3,2441.43,0.29,7324.289999999999,2124.0440999999996,5200.2459
2028-02-03 18:00:00,Electronics,UPI,New,2,821.91,0.05,1643.82,82.191,1561.629
2028-02-04 00:00:00,Clothing,Cash,Regular,3,1100.86,0.06,3302.58,198.1548,3104.4252
2028-02-04 06:00:00,Groceries,Credit Card,New,1,723.13,0.01,723.13,7.2313,715.8987
2028-02-04 12:00:00,Home & Kitchen,Cash,New,7,1469.44,0.22,10286.08,2262.9376,8023.1424
2028-02-04 18:00:00,Clothing,UPI,Regular,1,193.64,0.19,193.64,36.791599999999995,156.8484
2028-02-05 00:00:00,Electronics,Debit Card,Regular,6,416.71,0.05,2500.2599999999998,125.01299999999999,2375.247
2028-02-05 06:00:00,Beauty,Debit Card,New,5,1877.2,0.24,9386.0,2252.64,7133.360000000001
2028-02-05 12:00:00,Beauty,Debit Card,New,4,506.93,0.09,2027.72,182.4948,1845.2252
2028-02-05 18:00:00,Electronics,Debit Card,Regular,7,627.01,0.04,4389.07,175.56279999999998,4213.5072
2028-02-06 00:00:00,Electronics,Cash,New,2,1992.81,0.13,3985.62,518.1306,3467.4894
2028-02-06 06:00:00,Beauty,Debit Card,New,7,278.59,0.03,1950.1299999999999,58.503899999999994,1891.6261
2028-02-06 12:00:00,Clothing,Cash,New,5,1121.81,0.08,5609.049999999999,448.72399999999993,5160.325999999999
2028-02-06 18:00:00,Beauty,Credit Card,New,2,106.51,0.11,213.02,23.4322,189.58780000000002
2028-02-07 00:00:00,Electronics,Debit Card,Regular,1,899.68,0.26,899.68,233.9168,665.7632
2028-02-07 06:00:00,Home & Kitchen,Cash,New,7,1762.5,0.24,12337.5,2961.0,9376.5
2028-02-07 12:00:00,Groceries,Debit Card,New,4,270.75,0.13,1083.0,140.79,942.21
2028-02-07 18:00:00,Home & Kitchen,Debit Card,Regular,4,2226.42,0.22,8905.68,1959.2496,6946.4304
2028-02-08 00:00:00,Home & Kitchen,Debit Card,New,1,2278.27,0.17,2278.27,387.3059,1890.9641
2028-02-08 06:00:00,Electronics,Cash,Regular,3,307.23,0.1,921.69,92.16900000000001,829.5210000000001
2028-02-08 12:00:00,Beauty,UPI,Regular,4,2477.29,0.22,9909.16,2180.0152,7729.1448
2028-02-08 18:00:00,Clothing,Debit Card,Regular,3,778.95,0.21,2336.8500000000004,490.73850000000004,1846.1115000000004
2028-02-09 00:00:00,Home & Kitchen,Debit Card,Regular,2,256.05,0.19,512.1,97.299,414.80100000000004
2028-02-09 06:00:00,Beauty,Credit Card,Regular,4,62.41,0.19,249.64,47.431599999999996,202.20839999999998
2028-02-09 12:00:00,Clothing,UPI,New,6,1050.88,0.2,6305.280000000001,1261.0560000000003,5044.224
2028-02-09 18:00:00,Home & Kitchen,Cash,Regular,1,1593.03,0.12,1593.03,191.1636,1401.8663999999999
2028-02-10 00:00:00,Clothing,Credit Card,Regular,7,863.84,0.26,6046.88,1572.1888000000001,4474.6912
2028-02-10 06:00:00,Beauty,Debit Card,Regular,3,2099.96,0.05,6299.88,314.994,5984.886
2028-02-10 12:00:00,Groceries,Credit Card,Regular,6,1805.69,0.27,10834.14,2925.2178,7908.922199999999
2028-02-10 18:00:00,Beauty,Credit Card,New,2,907.9,0.1,1815.8,181.58,1634.22
2028-02-11 00:00:00,Electronics,Debit Card,New,2,1849.06,0.04,3698.12,147.9248,3550.1952
2028-02-11 06:00:00,Clothing,UPI,New,4,2354.19,0.18,9416.76,1695.0167999999999,7721.743200000001
2028-02-11 12:00:00,Groceries,UPI,Regular,4,278.09,0.11,1112.36,122.35959999999999,990.0003999999999
2028-02-11 18:00:00,Clothing,Credit Card,Regular,6,799.95,0.24,4799.700000000001,1151.928,3647.772000000001
2028-02-12 00:00:00,Clothing,Debit Card,New,5,1185.15,0.13,5925.75,770.3475000000001,5155.4025
2028-02-12 06:00:00,Home & Kitchen,Cash,New,5,1270.08,0.2,6350.4,1270.08,5080.32
2028-02-12 12:00:00,Electronics,Credit Card,Regular,4,1378.38,0.09,5513.52,496.21680000000003,5017.3032
2028-02-12 18:00:00,Clothing,Cash,New,5,786.54,0.06,3932.7,235.962,3696.738
2028-02-13 00:00:00,Beauty,Credit Card,New,1,1684.79,0.12,1684.79,202.17479999999998,1482.6152
2028-02-13 06:00:00,Beauty,Credit Card,New,6,1630.46,0.18,9782.76,1760.8968,8021.8632
2028-02-13 12:00:00,Home & Kitchen,Debit Card,Regular,1,1465.66,0.2,1465.66,293.132,1172.528
2028-02-13 18:00:00,Electronics,Debit Card,New,5,328.72,0.17,1643.6000000000001,279.41200000000003,1364.188
2028-02-14 00:00:00,Electronics,Cash,Regular,4,1218.57,0.3,4874.28,1462.2839999999999,3411.996
2028-02-14 06:00:00,Beauty,Cash,Regular,1,922.76,0.21,922.76,193.7796,728.9804
2028-02-14 12:00:00,Groceries,UPI,Regular,2,1253.04,0.28,2506.08,701.7024,1804.3775999999998
2028-02-14 18:00:00,Home & Kitchen,Debit Card,Regular,7,2308.57,0.04,16159.990000000002,646.3996000000001,15513.590400000001
2028-02-15 00:00:00,Home & Kitchen,Credit Card,Regular,4,1227.3,0.02,4909.2,98.184,4811.016
2028-02-15 06:00:00,Beauty,Credit Card,Regular,6,84.25,0.09,505.5,45.495,460.005
2028-02-15 12:00:00,Beauty,UPI,New,3,1125.15,0.04,3375.4500000000003,135.018,3240.4320000000002
2028-02-15 18:00:00,Groceries,Debit Card,New,3,2060.59,0.16,6181.77,989.0832000000001,5192.6868
2028-02-16 00:00:00,Groceries,Credit Card,New,4,1961.15,0.16,7844.6,1255.1360000000002,6589.464
2028-02-16 06:00:00,Electronics,UPI,Regular,5,1307.81,0.17,6539.049999999999,1111.6385,5427.411499999999
2028-02-16 12:00:00,Home & Kitchen,UPI,Regular,1,661.93,0.22,661.93,145.6246,516.3054
2028-02-16 18:00:00,Home & Kitchen,Credit Card,New,1,1189.47,0.29,1189.47,344.9463,844.5237
2028-02-17 00:00:00,Beauty,Credit Card,Regular,4,1431.07,0.26,5724.28,1488.3128,4235.9672
2028-02-17 06:00:00,Electronics,Cash,New,2,2499.69,0.04,4999.38,199.9752,4799.4048
2028-02-17 12:00:00,Home & Kitchen,Debit Card,New,6,1628.24,0.1,9769.44,976.9440000000001,8792.496000000001
2028-02-17 18:00:00,Electronics,Cash,Regular,5,1750.95,0.08,8754.75,700.38,8054.37
2028-02-18 00:00:00,Electronics,UPI,New,2,1254.06,0.05,2508.12,125.406,2382.714
2028-02-18 06:00:00,Beauty,Credit Card,New,4,918.5,0.16,3674.0,587.84,3086.16
2028-02-18 12:00:00,Electronics,Cash,Regular,4,2041.73,0.17,8166.92,1388.3764,6778.5436
2028-02-18 18:00:00,Groceries,UPI,Regular,2,1262.58,0.07,2525.16,176.7612,2348.3988
2028-02-19 00:00:00,Groceries,Debit Card,Regular,3,2486.99,0.21,7460.969999999999,1566.8036999999997,5894.1663
2028-02-19 06:00:00,Clothing,Credit Card,Regular,4,1169.95,0.22,4679.8,1029.556,3650.244
2028-02-19 12:00:00,Beauty,Cash,Regular,6,216.6,0.01,1299.6,12.995999999999999,1286.6039999999998
2028-02-19 18:00:00,Clothing,Debit Card,Regular,7,1722.32,0.12,12056.24,1446.7487999999998,10609.4912
2028-02-20 00:00:00,Groceries,Cash,Regular,5,164.27,0.27,821.35,221.76450000000003,599.5855
2028-02-20 06:00:00,Clothing,UPI,New,2,663.73,0.16,1327.46,212.39360000000002,1115.0664
2028-02-20 12:00:00,Beauty,Debit Card,Regular,3,916.66,0.1,2749.98,274.998,2474.982
2028-02-20 18:00:00,Beauty,Cash,Regular,2,1861.73,0.08,3723.46,297.8768,3425.5832
2028-02-21 00:00:00,Electronics,Debit Card,Regular,3,1260.88,0.07,3782.6400000000003,264.7848000000001,3517.8552000000004
2028-02-21 06:00:00,Home & Kitchen,UPI,Regular,3,120.18,0.03,360.54,10.8162,349.72380000000004
2028-02-21 12:00:00,Electronics,Debit Card,Regular,6,1561.28,0.25,9367.68,2341.92,7025.76
2028-02-21 18:00:00,Beauty,Cash,Regular,5,1058.02,0.03,5290.1,158.703,5131.397
2028-02-22 00:00:00,Groceries,UPI,Regular,4,2308.49,0.09,9233.96,831.0563999999999,8402.9036
2028-02-22 06:00:00,Groceries,Credit Card,New,3,1273.93,0.01,3821.79,38.2179,3783.5721
2028-02-22 12:00:00,Electronics,Cash,New,4,1786.99,0.23,7147.96,1644.0308,5503.9292000000005
2028-02-22 18:00:00,Beauty,Cash,Regular,5,586.23,0.01,2931.15,29.311500000000002,2901.8385000000003
2028-02-23 00:00:00,Groceries,UPI,Regular,4,1914.39,0.09,7657.56,689.1804,6968.3796
2028-02-23 06:00:00,Beauty,UPI,Regular,6,1816.34,0.17,10898.039999999999,1852.6668,9045.373199999998
2028-02-23 12:00:00,Groceries,Credit Card,New,6,2265.0,0.12,13590.0,1630.8,11959.2
2028-02-23 18:00:00,Beauty,Cash,Regular,1,132.86,0.08,132.86,10.628800000000002,122.23120000000002
2028-02-24 00:00:00,Clothing,UPI,New,6,1146.38,0.08,6878.280000000001,550.2624000000001,6328.017600000001
2028-02-24 06:00:00,Beauty,Credit Card,Regular,3,1713.93,0.24,5141.79,1234.0295999999998,3907.7604
2028-02-24 12:00:00,Beauty,Credit Card,Regular,5,283.15,0.29,1415.75,410.5675,1005.1825
2028-02-24 18:00:00,Electronics,UPI,Regular,6,1055.98,0.1,6335.88,633.5880000000001,5702.292
2028-02-25 00:00:00,Clothing,Cash,New,2,2358.26,0.01,4716.52,47.165200000000006,4669.3548
2028-02-25 06:00:00,Home & Kitchen,Debit Card,New,5,1118.04,0.01,5590.2,55.902,5534.298
2028-02-25 12:00:00,Electronics,Debit Card,Regular,3,2464.24,0.23,7392.719999999999,1700.3256,5692.394399999999
2028-02-25 18:00:00,Home & Kitchen,Credit Card,Regular,5,189.26,0.17,946.3,160.871,785.429
2028-02-26 00:00:00,Groceries,Debit Card,Regular,6,1808.68,0.24,10852.08,2604.4991999999997,8247.5808
2028-02-26 06:00:00,Home & Kitchen,Debit Card,Regular,2,1473.49,0.21,2946.98,618.8658,2328.1142
2028-02-26 12:00:00,Beauty,UPI,New,1,1276.32,0.27,1276.32,344.6064,931.7135999999999
2028-02-26 18:00:00,Home & Kitchen,Credit Card,New,3,2428.58,0.27,7285.74,1967.1498000000001,5318.5902
2028-02-27 00:00:00,Electronics,Cash,New,7,367.64,0.24,2573.48,617.6351999999999,1955.8448
2028-02-27 06:00:00,Electronics,Credit Card,New,3,2245.2,0.14,6735.599999999999,942.984,5792.615999999999
2028-02-27 12:00:00,Home & Kitchen,UPI,Regular,5,1743.54,0.09,8717.7,784.5930000000001,7933.107000000001
2028-02-27 18:00:00,Electronics,Debit Card,New,7,684.54,0.15,4791.78,718.7669999999999,4073.013
2028-02-28 00:00:00,Electronics,Cash,New,7,2259.09,0.15,15813.630000000001,2372.0445,13441.585500000001
2028-02-28 06:00:00,Home & Kitchen,Credit Card,Regular,4,1101.77,0.18,4407.08,793.2744,3613.8055999999997
2028-02-28 12:00:00,Clothing,Debit Card,New,7,2044.86,0.06,14314.019999999999,858.8411999999998,13455.178799999998
2028-02-28 18:00:00,Clothing,Credit Card,Regular,4,1002.65,0.2,4010.6,802.12,3208.48
2028-02-29 00:00:00,Groceries,Cash,New,7,2134.78,0.14,14943.460000000001,2092.0844,12851.375600000001
2028-02-29 06:00:00,Electronics,Credit Card,Regular,2,1609.74,0.19,3219.48,611.7012,2607.7788
2028-02-29 12:00:00,Home & Kitchen,Credit Card,Regular,1,395.56,0.07,395.56,27.689200000000003,367.8708
2028-02-29 18:00:00,Electronics,Credit Card,New,1,1641.67,0.13,1641.67,213.4171,1428.2529
2028-03-01 00:00:00,Beauty,Debit Card,Regular,7,518.79,0.06,3631.5299999999997,217.8918,3413.6382
2028-03-01 06:00:00,Electronics,Cash,Regular,5,1059.21,0.26,5296.05,1376.9730000000002,3919.077
2028-03-01 12:00:00,Electronics,Cash,Regular,5,467.22,0.15,2336.1000000000004,350.415,1985.6850000000004
2028-03-01 18:00:00,Clothing,Debit Card,Regular,4,103.94,0.07,415.76,29.1032,386.6568
2028-03-02 00:00:00,Home & Kitchen,Debit Card,Regular,6,569.12,0.01,3414.7200000000003,34.147200000000005,3380.5728000000004
2028-03-02 06:00:00,Electronics,Debit Card,New,1,1364.11,0.2,1364.11,272.822,1091.288
2028-03-02 12:00:00,Clothing,UPI,New,6,1229.82,0.06,7378.92,442.73519999999996,6936.1848
2028-03-02 18:00:00,Groceries,Credit Card,Regular,1,1278.67,0.3,1278.67,383.601,895.0690000000001
2028-03-03 00:00:00,Clothing,Credit Card,New,6,656.83,0.16,3940.9800000000005,630.5568000000001,3310.4232
2028-03-03 06:00:00,Clothing,Cash,Regular,6,1728.64,0.09,10371.84,933.4656,9438.3744
2028-03-03 12:00:00,Clothing,Credit Card,New,1,1775.45,0.2,1775.45,355.09000000000003,1420.3600000000001
2028-03-03 18:00:00,Electronics,UPI,Regular,2,927.02,0.08,1854.04,148.3232,1705.7168
2028-03-04 00:00:00,Electronics,Debit Card,Regular,2,2208.87,0.25,4417.74,1104.435,3313.305
2028-03-04 06:00:00,Groceries,Cash,Regular,5,1627.86,0.09,8139.299999999999,732.5369999999999,7406.762999999999
2028-03-04 12:00:00,Beauty,Cash,Regular,6,1796.95,0.3,10781.7,3234.51,7547.1900000000005
2028-03-04 18:00:00,Beauty,Credit Card,New,6,729.48,0.18,4376.88,787.8384,3589.0416
2028-03-05 00:00:00,Beauty,Cash,New,6,51.5,0.25,309.0,77.25,231.75
2028-03-05 06:00:00,Groceries,Debit Card,Regular,6,2170.17,0.02,13021.02,260.42040000000003,12760.5996
2028-03-05 12:00:00,Beauty,Cash,Regular,6,2064.94,0.1,12389.64,1238.964,11150.676
2028-03-05 18:00:00,Beauty,Debit Card,New,4,351.82,0.22,1407.28,309.6016,1097.6784
2028-03-06 00:00:00,Clothing,UPI,New,3,966.56,0.2,2899.68,579.936,2319.7439999999997
2028-03-06 06:00:00,Electronics,UPI,Regular,6,1670.28,0.06,10021.68,601.3008,9420.3792
2028-03-06 12:00:00,Electronics,Debit Card,Regular,4,1647.67,0.11,6590.68,724.9748000000001,5865.7052
2028-03-06 18:00:00,Clothing,Credit Card,New,2,2157.86,0.08,4315.72,345.2576,3970.4624000000003
2028-03-07 00:00:00,Clothing,Cash,Regular,6,393.66,0.18,2361.96,425.1528,1936.8072
2028-03-07 06:00:00,Clothing,Credit Card,Regular,2,1103.35,0.1,2206.7,220.67,1986.0299999999997
2028-03-07 12:00:00,Electronics,Cash,Regular,5,288.2,0.09,1441.0,129.69,1311.31
2028-03-07 18:00:00,Beauty,UPI,New,3,1004.51,0.06,3013.5299999999997,180.81179999999998,2832.7182
2028-03-08 00:00:00,Clothing,UPI,New,1,87.01,0.12,87.01,10.4412,76.56880000000001
2028-03-08 06:00:00,Groceries,UPI,New,3,2250.77,0.06,6752.3099999999995,405.13859999999994,6347.171399999999
2028-03-08 12:00:00,Clothing,Cash,New,6,1341.26,0.29,8047.5599999999995,2333.7924,5713.767599999999
2028-03-08 18:00:00,Home & Kitchen,UPI,New,6,2132.02,0.05,12792.119999999999,639.606,12152.514
2028-03-09 00:00:00,Clothing,UPI,Regular,3,196.77,0.27,590.3100000000001,159.38370000000003,430.9263
2028-03-09 06:00:00,Electronics,UPI,New,3,607.27,0.13,1821.81,236.8353,1584.9747
2028-03-09 12:00:00,Clothing,UPI,Regular,5,685.48,0.11,3427.4,377.014,3050.386
2028-03-09 18:00:00,Home & Kitchen,Credit Card,New,7,997.39,0.07,6981.73,488.72110000000004,6493.0089
2028-03-10 00:00:00,Groceries,UPI,Regular,2,2017.02,0.19,4034.04,766.4676,3267.5724
2028-03-10 06:00:00,Beauty,UPI,Regular,1,997.07,0.21,997.07,209.3847,787.6853000000001
2028-03-10 12:00:00,Clothing,Credit Card,New,7,551.4,0.14,3859.7999999999997,540.372,3319.428
2028-03-10 18:00:00,Home & Kitchen,Credit Card,New,3,209.23,0.02,627.6899999999999,12.553799999999999,615.1361999999999
2028-03-11 00:00:00,Home & Kitchen,Cash,Regular,1,244.75,0.28,244.75,68.53,176.22
2028-03-11 06:00:00,Groceries,Debit Card,Regular,3,1912.12,0.29,5736.36,1663.5443999999998,4072.8156
2028-03-11 12:00:00,Electronics,UPI,Regular,2,1139.77,0.13,2279.54,296.3402,1983.1997999999999
2028-03-11 18:00:00,Clothing,UPI,Regular,1,1829.14,0.18,1829.14,329.2452,1499.8948
2028-03-12 00:00:00,Home & Kitchen,UPI,New,7,1721.6,0.14,12051.199999999999,1687.1680000000001,10364.032
2028-03-12 06:00:00,Groceries,Cash,Regular,4,381.64,0.1,1526.56,152.656,1373.904
2028-03-12 12:00:00,Beauty,UPI,New,2,400.08,0.02,800.16,16.0032,784.1568
2028-03-12 18:00:00,Home & Kitchen,Debit Card,Regular,7,1900.59,0.14,13304.13,1862.5782000000002,11441.5518
2028-03-13 00:00:00,Groceries,Credit Card,New,1,1817.11,0.25,1817.11,454.2775,1362.8325
2028-03-13 06:00:00,Electronics,Cash,New,3,976.18,0.01,2928.54,29.2854,2899.2545999999998
2028-03-13 12:00:00,Electronics,Credit Card,Regular,7,239.68,0.17,1677.76,285.2192,1392.5408
2028-03-13 18:00:00,Home & Kitchen,UPI,Regular,3,79.64,0.26,238.92000000000002,62.119200000000006,176.8008
2028-03-14 00:00:00,Home & Kitchen,UPI,New,2,755.98,0.07,1511.96,105.83720000000001,1406.1228
2028-03-14 06:00:00,Clothing,UPI,New,2,72.59,0.05,145.18,7.259,137.921
2028-03-14 12:00:00,Groceries,Debit Card,Regular,7,613.68,0.23,4295.759999999999,988.0247999999999,3307.735199999999
2028-03-14 18:00:00,Home & Kitchen,Debit Card,Regular,3,1077.78,0.08,3233.34,258.66720000000004,2974.6728000000003
2028-03-15 00:00:00,Clothing,Cash,Regular,1,347.47,0.06,347.47,20.848200000000002,326.6218
2028-03-15 06:00:00,Clothing,Credit Card,Regular,7,305.48,0.11,2138.36,235.2196,1903.1404000000002
2028-03-15 12:00:00,Home & Kitchen,UPI,Regular,4,2246.27,0.12,8985.08,1078.2096,7906.8704
2028-03-15 18:00:00,Electronics,UPI,Regular,5,1484.4,0.26,7422.0,1929.72,5492.28
2028-03-16 00:00:00,Groceries,UPI,New,2,2339.42,0.19,4678.84,888.9796,3789.8604
2028-03-16 06:00:00,Groceries,UPI,New,3,897.27,0.12,2691.81,323.0172,2368.7928
2028-03-16 12:00:00,Electronics,Debit Card,New,1,1709.01,0.16,1709.01,273.4416,1435.5684
2028-03-16 18:00:00,Home & Kitchen,Credit Card,New,2,551.49,0.29,1102.98,319.8642,783.1158
2028-03-17 00:00:00,Groceries,Credit Card,New,1,1564.93,0.03,1564.93,46.9479,1517.9821000000002
2028-03-17 06:00:00,Home & Kitchen,Cash,Regular,2,367.49,0.06,734.98,44.0988,690.8812
2028-03-17 12:00:00,Home & Kitchen,Debit Card,Regular,3,55.1,0.29,165.3,47.937,117.36300000000001
2028-03-17 18:00:00,Clothing,UPI,New,1,2332.25,0.29,2332.25,676.3525,1655.8975
2028-03-18 00:00:00,Electronics,Credit Card,Regular,3,1409.49,0.05,4228.47,211.42350000000002,4017.0465000000004
2028-03-18 06:00:00,Home & Kitchen,Credit Card,Regular,1,2321.0,0.04,2321.0,92.84,2228.16
2028-03-18 12:00:00,Beauty,Debit Card,New,2,867.89,0.13,1735.78,225.6514,1510.1286
2028-03-18 18:00:00,Electronics,Cash,New,5,853.08,0.01,4265.400000000001,42.654,4222.746
2028-03-19 00:00:00,Groceries,Cash,New,5,1031.6,0.2,5158.0,1031.6000000000001,4126.4
2028-03-19 06:00:00,Clothing,UPI,Regular,7,1779.8,0.02,12458.6,249.17200000000003,12209.428
2028-03-19 12:00:00,Groceries,Cash,New,4,1436.23,0.02,5744.92,114.89840000000001,5630.0216
2028-03-19 18:00:00,Groceries,Credit Card,New,4,2317.12,0.15,9268.48,1390.272,7878.208
2028-03-20 00:00:00,Electronics,Cash,Regular,7,112.33,0.29,786.31,228.02989999999997,558.2801
2028-03-20 06:00:00,Groceries,UPI,New,7,1785.08,0.13,12495.56,1624.4228,10871.1372
2028-03-20 12:00:00,Home & Kitchen,Credit Card,Regular,6,859.3,0.11,5155.799999999999,567.1379999999999,4588.661999999999
2028-03-20 18:00:00,Groceries,Cash,Regular,3,491.57,0.3,1474.71,442.413,1032.297
2028-03-21 00:00:00,Clothing,Cash,Regular,1,1300.47,0.16,1300.47,208.0752,1092.3948
2028-03-21 06:00:00,Clothing,Debit Card,Regular,4,1287.41,0.11,5149.64,566.4604,4583.1796
2028-03-21 12:00:00,Beauty,UPI,Regular,2,385.68,0.12,771.36,92.5632,678.7968000000001
2028-03-21 18:00:00,Clothing,Cash,Regular,7,544.65,0.06,3812.5499999999997,228.753,3583.7969999999996
2028-03-22 00:00:00,Groceries,Debit Card,Regular,5,1050.0,0.15,5250.0,787.5,4462.5
2028-03-22 06:00:00,Clothing,Credit Card,Regular,1,1051.59,0.13,1051.59,136.70669999999998,914.8833
2028-03-22 12:00:00,Electronics,Debit Card,New,6,828.02,0.08,4968.12,397.4496,4570.6704
2028-03-22 18:00:00,Clothing,Debit Card,Regular,5,413.94,0.05,2069.7,103.485,1966.215
2028-03-23 00:00:00,Home & Kitchen,Cash,Regular,7,60.72,0.09,425.03999999999996,38.2536,386.78639999999996
2028-03-23 06:00:00,Electronics,Cash,New,1,2427.08,0.15,2427.08,364.06199999999995,2063.018
2028-03-23 12:00:00,Beauty,Cash,Regular,7,2361.57,0.02,16530.99,330.61980000000005,16200.370200000001
2028-03-23 18:00:00,Home & Kitchen,Debit Card,Regular,4,1234.94,0.05,4939.76,246.98800000000003,4692.772
2028-03-24 00:00:00,Groceries,Credit Card,Regular,4,2487.88,0.28,9951.52,2786.4256000000005,7165.0944
2028-03-24 06:00:00,Groceries,UPI,New,3,1700.45,0.16,5101.35,816.2160000000001,4285.134
2028-03-24 12:00:00,Groceries,Debit Card,New,6,218.7,0.02,1312.1999999999998,26.243999999999996,1285.956
2028-03-24 18:00:00,Home & Kitchen,Cash,New,1,338.41,0.21,338.41,71.0661,267.3439
2028-03-25 00:00:00,Home & Kitchen,UPI,New,6,2294.47,0.02,13766.82,275.3364,13491.4836
2028-03-25 06:00:00,Home & Kitchen,Credit Card,Regular,2,1593.63,0.22,3187.26,701.1972000000001,2486.0628
2028-03-25 12:00:00,Electronics,UPI,Regular,6,2115.8,0.22,12694.800000000001,2792.856,9901.944000000001
2028-03-25 18:00:00,Electronics,Cash,Regular,7,2250.76,0.2,15755.320000000002,3151.0640000000003,12604.256000000001
2028-03-26 00:00:00,Groceries,Debit Card,Regular,7,1147.46,0.22,8032.22,1767.0884,6265.131600000001
2028-03-26 06:00:00,Clothing,Debit Card,New,4,168.89,0.03,675.56,20.266799999999996,655.2932
2028-03-26 12:00:00,Groceries,Cash,New,3,511.29,0.22,1533.8700000000001,337.45140000000004,1196.4186
2028-03-26 18:00:00,Beauty,Debit Card,Regular,7,213.1,0.04,1491.7,59.668000000000006,1432.0320000000002
2028-03-27 00:00:00,Electronics,Cash,New,4,512.41,0.1,2049.64,204.964,1844.676
2028-03-27 06:00:00,Home & Kitchen,Debit Card,Regular,5,1055.81,0.28,5279.049999999999,1478.134,3800.9159999999993
2028-03-27 12:00:00,Electronics,Debit Card,Regular,4,339.58,0.15,1358.32,203.748,1154.572
2028-03-27 18:00:00,Home & Kitchen,Debit Card,New,1,458.5,0.29,458.5,132.965,325.53499999999997
2028-03-28 00:00:00,Beauty,Credit Card,Regular,3,1142.26,0.03,3426.7799999999997,102.80339999999998,3323.9766
2028-03-28 06:00:00,Beauty,Credit Card,Regular,7,883.42,0.14,6183.94,865.7516,5318.188399999999
2028-03-28 12:00:00,Electronics,Cash,Regular,1,1195.76,0.02,1195.76,23.9152,1171.8448
2028-03-28 18:00:00,Home & Kitchen,Credit Card,Regular,2,1101.47,0.19,2202.94,418.5586,1784.3814
2028-03-29 00:00:00,Beauty,Cash,New,2,1628.97,0.02,3257.94,65.1588,3192.7812
2028-03-29 06:00:00,Groceries,UPI,New,4,2346.11,0.05,9384.44,469.22200000000004,8915.218
2028-03-29 12:00:00,Groceries,UPI,Regular,3,314.27,0.08,942.81,75.42479999999999,867.3851999999999
2028-03-29 18:00:00,Home & Kitchen,Credit Card,Regular,6,293.19,0.22,1759.1399999999999,387.01079999999996,1372.1291999999999
2028-03-30 00:00:00,Electronics,UPI,New,3,2139.37,0.05,6418.11,320.9055,6097.2045
2028-03-30 06:00:00,Beauty,UPI,New,3,1290.67,0.25,3872.01,968.0025,2904.0075
2028-03-30 12:00:00,Electronics,Debit Card,Regular,3,1927.69,0.04,5783.07,231.3228,5551.7472
2028-03-30 18:00:00,Groceries,Debit Card,Regular,4,577.78,0.01,2311.12,23.1112,2288.0088
2028-03-31 00:00:00,Beauty,Cash,New,1,2080.71,0.12,2080.71,249.6852,1831.0248000000001
2028-03-31 06:00:00,Electronics,UPI,Regular,4,2313.42,0.29,9253.68,2683.5672,6570.112800000001
2028-03-31 12:00:00,Clothing,Cash,Regular,6,1606.93,0.03,9641.58,289.24739999999997,9352.3326
2028-03-31 18:00:00,Home & Kitchen,Cash,Regular,1,309.4,0.03,309.4,9.281999999999998,300.118
2028-04-01 00:00:00,Home & Kitchen,UPI,Regular,6,2243.47,0.23,13460.82,3095.9886,10364.8314
2028-04-01 06:00:00,Clothing,Credit Card,Regular,5,1991.59,0.09,9957.949999999999,896.2154999999999,9061.734499999999
2028-04-01 12:00:00,Groceries,UPI,Regular,5,1889.65,0.22,9448.25,2078.6150000000002,7369.635
2028-04-01 18:00:00,Beauty,Debit Card,New,7,139.98,0.06,979.8599999999999,58.79159999999999,921.0683999999999
2028-04-02 00:00:00,Home & Kitchen,UPI,Regular,7,2007.46,0.14,14052.220000000001,1967.3108000000004,12084.9092
2028-04-02 06:00:00,Clothing,Credit Card,Regular,1,387.98,0.08,387.98,31.038400000000003,356.9416
2028-04-02 12:00:00,Clothing,Cash,Regular,4,594.85,0.14,2379.4,333.11600000000004,2046.284
2028-04-02 18:00:00,Groceries,Cash,New,6,1463.98,0.23,8783.880000000001,2020.2924000000003,6763.587600000001
2028-04-03 00:00:00,Groceries,Debit Card,Regular,6,699.2,0.23,4195.200000000001,964.8960000000002,3230.3040000000005
2028-04-03 06:00:00,Electronics,Debit Card,Regular,7,1670.3,0.15,11692.1,1753.815,9938.285
2028-04-03 12:00:00,Home & Kitchen,Debit Card,Regular,7,1539.77,0.28,10778.39,3017.9492,7760.440799999999
2028-04-03 18:00:00,Electronics,Cash,New,2,314.97,0.08,629.94,50.3952,579.5448
2028-04-04 00:00:00,Clothing,Debit Card,Regular,6,1657.24,0.07,9943.44,696.0408000000001,9247.3992
2028-04-04 06:00:00,Beauty,UPI,Regular,4,2313.69,0.18,9254.76,1665.8568,7588.903200000001
2028-04-04 12:00:00,Beauty,Cash,Regular,2,444.72,0.19,889.44,168.99360000000001,720.4464
2028-04-04 18:00:00,Groceries,Credit Card,New,4,1512.8,0.01,6051.2,60.512,5990.688
2028-04-05 00:00:00,Beauty,Cash,Regular,3,887.57,0.18,2662.71,479.2878,2183.4222
2028-04-05 06:00:00,Beauty,UPI,New,6,1176.05,0.11,7056.299999999999,776.1929999999999,6280.106999999999
2028-04-05 12:00:00,Beauty,UPI,New,3,753.15,0.22,2259.45,497.07899999999995,1762.3709999999999
2028-04-05 18:00:00,Clothing,Debit Card,New,5,917.62,0.24,4588.1,1101.144,3486.956
2028-04-06 00:00:00,Beauty,Cash,Regular,5,120.83,0.17,604.15,102.7055,501.44449999999995
2028-04-06 06:00:00,Beauty,Cash,New,1,2454.8,0.0,2454.8,0.0,2454.8
2028-04-06 12:00:00,Beauty,Cash,Regular,6,1580.76,0.19,9484.56,1802.0664,7682.4936
2028-04-06 18:00:00,Electronics,Credit Card,Regular,7,1276.73,0.22,8937.11,1966.1642000000002,6970.9458
2028-04-07 00:00:00,Clothing,Debit Card,New,2,990.1,0.07,1980.2,138.614,1841.586
2028-04-07 06:00:00,Groceries,UPI,Regular,3,1371.47,0.14,4114.41,576.0174000000001,3538.3925999999997
2028-04-07 12:00:00,Electronics,UPI,Regular,4,981.26,0.29,3925.04,1138.2615999999998,2786.7784
2028-04-07 18:00:00,Home & Kitchen,Debit Card,Regular,6,931.77,0.09,5590.62,503.1558,5087.4642
2028-04-08 00:00:00,Clothing,UPI,Regular,1,1186.67,0.07,1186.67,83.06690000000002,1103.6031
2028-04-08 06:00:00,Clothing,UPI,Regular,4,726.16,0.06,2904.64,174.27839999999998,2730.3615999999997
2028-04-08 12:00:00,Home & Kitchen,Debit Card,New,3,491.12,0.17,1473.3600000000001,250.47120000000004,1222.8888000000002
2028-04-08 18:00:00,Home & Kitchen,UPI,New,6,1413.68,0.28,8482.08,2374.9824000000003,6107.097599999999
2028-04-09 00:00:00,Home & Kitchen,Cash,New,7,2114.78,0.18,14803.460000000001,2664.6228,12138.837200000002
2028-04-09 06:00:00,Groceries,Credit Card,Regular,3,424.43,0.09,1273.29,114.59609999999999,1158.6939
2028-04-09 12:00:00,Beauty,Debit Card,New,6,130.2,0.19,781.1999999999999,148.428,632.7719999999999
2028-04-09 18:00:00,Clothing,Credit Card,Regular,6,654.69,0.19,3928.1400000000003,746.3466000000001,3181.7934000000005
2028-04-10 00:00:00,Beauty,UPI,Regular,3,2450.32,0.18,7350.960000000001,1323.1728,6027.787200000001
2028-04-10 06:00:00,Beauty,UPI,Regular,3,2080.46,0.05,6241.38,312.069,5929.311
2028-04-10 12:00:00,Home & Kitchen,Cash,Regular,4,1509.87,0.19,6039.48,1147.5012,4891.9788
2028-04-10 18:00:00,Groceries,Debit Card,Regular,1,2326.66,0.13,2326.66,302.4658,2024.1942
2028-04-11 00:00:00,Electronics,UPI,Regular,3,1140.93,0.01,3422.79,34.2279,3388.5621
2028-04-11 06:00:00,Groceries,Debit Card,Regular,5,2459.04,0.16,12295.2,1967.2320000000002,10327.968
2028-04-11 12:00:00,Beauty,Debit Card,Regular,1,775.94,0.3,775.94,232.782,543.158
2028-04-11 18:00:00,Groceries,Debit Card,Regular,5,638.75,0.1,3193.75,319.375,2874.375
2028-04-12 00:00:00,Home & Kitchen,Debit Card,New,4,1613.22,0.29,6452.88,1871.3352,4581.5448
2028-04-12 06:00:00,Electronics,Debit Card,New,3,976.48,0.03,2929.44,87.8832,2841.5568
2028-04-12 12:00:00,Home & Kitchen,Credit Card,Regular,1,1584.6,0.22,1584.6,348.61199999999997,1235.9879999999998
2028-04-12 18:00:00,Electronics,Cash,Regular,7,797.24,0.03,5580.68,167.4204,5413.2596
2028-04-13 00:00:00,Beauty,Debit Card,New,3,1563.9,0.08,4691.700000000001,375.33600000000007,4316.3640000000005
2028-04-13 06:00:00,Electronics,Credit Card,Regular,6,725.58,0.17,4353.4800000000005,740.0916000000001,3613.3884000000003
2028-04-13 12:00:00,Electronics,UPI,New,3,174.88,0.18,524.64,94.4352,430.2048
2028-04-13 18:00:00,Electronics,Debit Card,Regular,7,2284.73,0.23,15993.11,3678.4153,12314.6947
2028-04-14 00:00:00,Groceries,UPI,New,1,2213.85,0.18,2213.85,398.493,1815.357
2028-04-14 06:00:00,Groceries,Debit Card,Regular,3,2428.46,0.18,7285.38,1311.3684,5974.0116
2028-04-14 12:00:00,Beauty,Credit Card,Regular,3,1805.49,0.27,5416.47,1462.4469000000001,3954.0231000000003
2028-04-14 18:00:00,Electronics,Credit Card,New,2,1722.67,0.14,3445.34,482.34760000000006,2962.9924
2028-04-15 00:00:00,Clothing,Credit Card,Regular,2,1419.56,0.07,2839.12,198.7384,2640.3815999999997
2028-04-15 06:00:00,Beauty,Cash,Regular,1,358.56,0.05,358.56,17.928,340.632
2028-04-15 12:00:00,Electronics,UPI,Regular,1,513.63,0.12,513.63,61.6356,451.9944
2028-04-15 18:00:00,Electronics,Cash,New,6,759.2,0.21,4555.200000000001,956.5920000000001,3598.6080000000006
2028-04-16 00:00:00,Groceries,Debit Card,Regular,6,2230.88,0.01,13385.28,133.8528,13251.4272
2028-04-16 06:00:00,Beauty,UPI,Regular,3,473.78,0.04,1421.34,56.8536,1364.4864
2028-04-16 12:00:00,Electronics,Credit Card,Regular,5,2311.04,0.03,11555.2,346.656,11208.544
2028-04-16 18:00:00,Electronics,UPI,Regular,1,1330.83,0.18,1330.83,239.5494,1091.2806
2028-04-17 00:00:00,Beauty,Credit Card,New,7,1803.15,0.07,12622.050000000001,883.5435000000001,11738.506500000001
2028-04-17 06:00:00,Clothing,Cash,Regular,3,320.1,0.05,960.3000000000001,48.01500000000001,912.2850000000001
2028-04-17 12:00:00,Beauty,Cash,Regular,5,709.13,0.18,3545.65,638.217,2907.433
2028-04-17 18:00:00,Beauty,Credit Card,Regular,2,2398.37,0.23,4796.74,1103.2502,3693.4898
2028-04-18 00:00:00,Clothing,Credit Card,Regular,6,702.07,0.1,4212.42,421.242,3791.178
2028-04-18 06:00:00,Beauty,Debit Card,Regular,7,776.48,0.17,5435.360000000001,924.0112000000001,4511.348800000001
2028-04-18 12:00:00,Electronics,Cash,Regular,1,534.11,0.03,534.11,16.0233,518.0867000000001
2028-04-18 18:00:00,Beauty,Cash,Regular,3,366.23,0.28,1098.69,307.63320000000004,791.0568000000001
2028-04-19 00:00:00,Clothing,Debit Card,New,2,621.48,0.1,1242.96,124.296,1118.664
2028-04-19 06:00:00,Home & Kitchen,Cash,Regular,4,1623.7,0.3,6494.8,1948.44,4546.360000000001
2028-04-19 12:00:00,Beauty,Credit Card,New,2,1165.65,0.29,2331.3,676.077,1655.2230000000002
2028-04-19 18:00:00,Groceries,UPI,Regular,3,1406.7,0.23,4220.1,970.6230000000002,3249.4770000000003
2028-04-20 00:00:00,Electronics,UPI,Regular,6,349.79,0.01,2098.7400000000002,20.987400000000004,2077.7526000000003
2028-04-20 06:00:00,Electronics,Cash,Regular,5,2015.19,0.16,10075.95,1612.152,8463.798
2028-04-20 12:00:00,Groceries,Debit Card,Regular,7,1971.03,0.03,13797.21,413.9163,13383.293699999998
2028-04-20 18:00:00,Groceries,Credit Card,New,7,102.9,0.27,720.3000000000001,194.48100000000002,525.8190000000001
2028-04-21 00:00:00,Beauty,UPI,New,4,989.61,0.24,3958.44,950.0255999999999,3008.4144
2028-04-21 06:00:00,Groceries,Credit Card,New,7,218.49,0.29,1529.43,443.5347,1085.8953000000001
2028-04-21 12:00:00,Home & Kitchen,Cash,Regular,4,1990.66,0.18,7962.64,1433.2752,6529.3648
2028-04-21 18:00:00,Clothing,Cash,Regular,6,1856.31,0.16,11137.86,1782.0576,9355.8024
2028-04-22 00:00:00,Groceries,UPI,Regular,4,2259.87,0.16,9039.48,1446.3168,7593.163199999999
2028-04-22 06:00:00,Groceries,Cash,New,1,629.19,0.12,629.19,75.50280000000001,553.6872000000001
2028-04-22 12:00:00,Home & Kitchen,Debit Card,Regular,3,1167.92,0.14,3503.76,490.5264000000001,3013.2336
2028-04-22 18:00:00,Electronics,Cash,Regular,7,502.0,0.19,3514.0,667.66,2846.34
2028-04-23 00:00:00,Electronics,Cash,Regular,4,959.53,0.28,3838.12,1074.6736,2763.4464
2028-04-23 06:00:00,Beauty,Cash,Regular,2,1329.5,0.18,2659.0,478.62,2180.38
2028-04-23 12:00:00,Home & Kitchen,Credit Card,New,5,180.66,0.26,903.3,234.858,668.442
2028-04-23 18:00:00,Clothing,Credit Card,Regular,3,1801.43,0.26,5404.29,1405.1154000000001,3999.1746
2028-04-24 00:00:00,Clothing,UPI,Regular,6,1381.07,0.16,8286.42,1325.8272,6960.5928
2028-04-24 06:00:00,Home & Kitchen,UPI,Regular,7,2080.95,0.1,14566.649999999998,1456.665,13109.984999999997
2028-04-24 12:00:00,Clothing,UPI,New,2,715.86,0.19,1431.72,272.0268,1159.6932000000002
2028-04-24 18:00:00,Electronics,Cash,Regular,1,2263.14,0.13,2263.14,294.2082,1968.9317999999998
2028-04-25 00:00:00,Clothing,Credit Card,New,4,2496.8,0.02,9987.2,199.74400000000003,9787.456
2028-04-25 06:00:00,Clothing,Debit Card,Regular,2,2302.28,0.11,4604.56,506.50160000000005,4098.0584
2028-04-25 12:00:00,Home & Kitchen,Cash,New,3,1955.84,0.3,5867.5199999999995,1760.2559999999999,4107.263999999999
2028-04-25 18:00:00,Home & Kitchen,Cash,New,7,2040.3,0.01,14282.1,142.821,14139.279
2028-04-26 00:00:00,Clothing,Cash,Regular,2,1455.67,0.21,2911.34,611.3814,2299.9586
2028-04-26 06:00:00,Groceries,Debit Card,Regular,1,515.88,0.25,515.88,128.97,386.90999999999997
2028-04-26 12:00:00,Home & Kitchen,UPI,Regular,5,1708.75,0.19,8543.75,1623.3125,6920.4375
2028-04-26 18:00:00,Beauty,Debit Card,Regular,4,1796.24,0.17,7184.96,1221.4432000000002,5963.516799999999
2028-04-27 00:00:00,Beauty,UPI,New,3,2464.19,0.21,7392.57,1552.4397,5840.1303
2028-04-27 06:00:00,Electronics,Debit Card,Regular,7,1376.19,0.13,9633.33,1252.3329,8380.9971
2028-04-27 12:00:00,Clothing,Credit Card,Regular,4,714.85,0.03,2859.4,85.782,2773.618
2028-04-27 18:00:00,Groceries,Cash,Regular,4,1725.0,0.29,6900.0,2000.9999999999998,4899.0
2028-04-28 00:00:00,Electronics,Cash,Regular,6,2449.47,0.13,14696.82,1910.5866,12786.2334
2028-04-28 06:00:00,Clothing,Cash,New,4,484.17,0.2,1936.68,387.336,1549.344
2028-04-28 12:00:00,Home & Kitchen,UPI,Regular,2,848.69,0.16,1697.38,271.5808,1425.7992000000002
2028-04-28 18:00:00,Beauty,Debit Card,New,2,1377.61,0.02,2755.22,55.1044,2700.1155999999996
2028-04-29 00:00:00,Groceries,Credit Card,New,5,467.03,0.29,2335.1499999999996,677.1934999999999,1657.9564999999998
2028-04-29 06:00:00,Beauty,Debit Card,Regular,1,104.44,0.24,104.44,25.0656,79.3744
2028-04-29 12:00:00,Home & Kitchen,Cash,Regular,7,875.61,0.04,6129.27,245.1708,5884.099200000001
2028-04-29 18:00:00,Clothing,Credit Card,New,7,2170.16,0.29,15191.119999999999,4405.4248,10785.695199999998
2028-04-30 00:00:00,Home & Kitchen,Credit Card,Regular,3,156.5,0.22,469.5,103.29,366.21
2028-04-30 06:00:00,Home & Kitchen,Cash,Regular,2,1100.88,0.14,2201.76,308.24640000000005,1893.5136000000002
2028-04-30 12:00:00,Beauty,Debit Card,Regular,4,1917.39,0.18,7669.56,1380.5208,6289.0392
2028-04-30 18:00:00,Groceries,Cash,Regular,1,2385.3,0.03,2385.3,71.559,2313.741
2028-05-01 00:00:00,Home & Kitchen,Debit Card,New,3,2464.41,0.17,7393.23,1256.8491,6136.3809
2028-05-01 06:00:00,Beauty,Credit Card,Regular,7,1083.82,0.02,7586.74,151.7348,7435.0052
2028-05-01 12:00:00,Groceries,Credit Card,Regular,3,2378.44,0.16,7135.32,1141.6512,5993.6687999999995
2028-05-01 18:00:00,Clothing,Cash,New,3,136.78,0.17,410.34000000000003,69.75780000000002,340.5822
2028-05-02 00:00:00,Clothing,Credit Card,New,7,1877.5,0.26,13142.5,3417.05,9725.45
2028-05-02 06:00:00,Electronics,UPI,Regular,3,1624.73,0.22,4874.1900000000005,1072.3218000000002,3801.8682000000003
2028-05-02 12:00:00,Beauty,Credit Card,New,5,661.33,0.07,3306.65,231.46550000000002,3075.1845000000003
2028-05-02 18:00:00,Groceries,UPI,Regular,3,1292.93,0.27,3878.79,1047.2733,2831.5167
2028-05-03 00:00:00,Home & Kitchen,Credit Card,New,1,367.41,0.17,367.41,62.45970000000001,304.9503
2028-05-03 06:00:00,Clothing,Cash,Regular,2,2185.41,0.18,4370.82,786.7475999999999,3584.0724
2028-05-03 12:00:00,Groceries,Cash,Regular,1,926.85,0.05,926.85,46.3425,880.5075
2028-05-03 18:00:00,Beauty,UPI,New,4,1583.81,0.26,6335.24,1647.1624,4688.0776
2028-05-04 00:00:00,Electronics,Cash,Regular,6,439.0,0.28,2634.0,737.5200000000001,1896.48
2028-05-04 06:00:00,Clothing,Credit Card,New,5,555.1,0.23,2775.5,638.365,2137.135
2028-05-04 12:00:00,Groceries,Credit Card,Regular,5,2480.29,0.28,12401.45,3472.4060000000004,8929.044
2028-05-04 18:00:00,Groceries,Cash,New,4,1895.06,0.09,7580.24,682.2216,6898.0184
2028-05-05 00:00:00,Groceries,Credit Card,New,7,2406.83,0.26,16847.809999999998,4380.4306,12467.379399999998
2028-05-05 06:00:00,Beauty,Debit Card,Regular,1,774.84,0.15,774.84,116.226,658.614
2028-05-05 12:00:00,Beauty,Debit Card,New,1,453.18,0.05,453.18,22.659000000000002,430.521
2028-05-05 18:00:00,Beauty,Credit Card,Regular,4,1282.52,0.2,5130.08,1026.016,4104.064
2028-05-06 00:00:00,Home & Kitchen,Cash,New,7,1261.94,0.21,8833.58,1855.0518,6978.5282
2028-05-06 06:00:00,Groceries,UPI,Regular,6,478.62,0.09,2871.7200000000003,258.45480000000003,2613.2652000000003
2028-05-06 12:00:00,Clothing,Cash,New,3,1846.39,0.01,5539.17,55.3917,5483.7783
2028-05-06 18:00:00,Beauty,UPI,Regular,7,936.35,0.06,6554.45,393.267,6161.183
2028-05-07 00:00:00,Beauty,Cash,Regular,3,506.59,0.12,1519.77,182.3724,1337.3976
2028-05-07 06:00:00,Groceries,Credit Card,Regular,2,863.36,0.05,1726.72,86.33600000000001,1640.384
2028-05-07 12:00:00,Beauty,Debit Card,Regular,1,1430.96,0.06,1430.96,85.8576,1345.1024
2028-05-07 18:00:00,Home & Kitchen,Cash,New,1,1829.85,0.12,1829.85,219.582,1610.268
2028-05-08 00:00:00,Home & Kitchen,UPI,Regular,4,1230.63,0.29,4922.52,1427.5308,3494.9892000000004
2028-05-08 06:00:00,Beauty,Debit Card,New,4,1337.71,0.23,5350.84,1230.6932000000002,4120.1468
2028-05-08 12:00:00,Groceries,UPI,Regular,3,390.42,0.1,1171.26,117.126,1054.134
2028-05-08 18:00:00,Groceries,Credit Card,Regular,7,2290.99,0.29,16036.929999999998,4650.709699999999,11386.220299999999
2028-05-09 00:00:00,Groceries,Debit Card,Regular,1,2325.37,0.19,2325.37,441.8203,1883.5497
2028-05-09 06:00:00,Electronics,UPI,New,1,1724.4,0.14,1724.4,241.41600000000003,1482.9840000000002
2028-05-09 12:00:00,Beauty,Cash,New,5,93.2,0.14,466.0,65.24000000000001,400.76
2028-05-09 18:00:00,Groceries,Credit Card,Regular,2,1365.83,0.12,2731.66,327.7992,2403.8608
2028-05-10 00:00:00,Home & Kitchen,Credit Card,Regular,2,1591.59,0.07,3183.18,222.82260000000002,2960.3574
2028-05-10 06:00:00,Clothing,Credit Card,Regular,3,2486.9,0.12,7460.700000000001,895.2840000000001,6565.416000000001
2028-05-10 12:00:00,Clothing,Cash,New,6,2490.36,0.16,14942.16,2390.7456,12551.4144
2028-05-10 18:00:00,Groceries,Cash,Regular,7,2151.15,0.16,15058.050000000001,2409.288,12648.762
2028-05-11 00:00:00,Clothing,Debit Card,New,1,206.39,0.23,206.39,47.469699999999996,158.9203
2028-05-11 06:00:00,Clothing,Cash,Regular,5,2385.53,0.11,11927.650000000001,1312.0415000000003,10615.608500000002
2028-05-11 12:00:00,Electronics,Debit Card,New,7,1551.02,0.22,10857.14,2388.5708,8468.5692
2028-05-11 18:00:00,Home & Kitchen,Credit Card,New,1,2012.17,0.17,2012.17,342.06890000000004,1670.1011
2028-05-12 00:00:00,Home & Kitchen,Debit Card,Regular,4,1047.62,0.29,4190.48,1215.2391999999998,2975.2407999999996
2028-05-12 06:00:00,Electronics,UPI,Regular,7,833.19,0.12,5832.33,699.8796,5132.4504
2028-05-12 12:00:00,Electronics,Credit Card,Regular,3,1184.95,0.27,3554.8500000000004,959.8095000000002,2595.0405
2028-05-12 18:00:00,Clothing,Credit Card,Regular,7,409.84,0.25,2868.8799999999997,717.2199999999999,2151.66
2028-05-13 00:00:00,Beauty,Debit Card,New,6,924.81,0.19,5548.86,1054.2834,4494.576599999999
2028-05-13 06:00:00,Clothing,Credit Card,Regular,7,2151.16,0.2,15058.119999999999,3011.624,12046.496
2028-05-13 12:00:00,Electronics,Cash,New,7,142.98,0.03,1000.8599999999999,30.025799999999997,970.8341999999999
2028-05-13 18:00:00,Home & Kitchen,UPI,Regular,7,419.65,0.29,2937.5499999999997,851.8894999999999,2085.6605
2028-05-14 00:00:00,Clothing,Debit Card,Regular,2,356.53,0.03,713.06,21.391799999999996,691.6682
2028-05-14 06:00:00,Beauty,Debit Card,Regular,1,1037.54,0.17,1037.54,176.3818,861.1582
2028-05-14 12:00:00,Clothing,Credit Card,Regular,6,2492.62,0.1,14955.72,1495.5720000000001,13460.148
2028-05-14 18:00:00,Groceries,Cash,Regular,3,474.73,0.13,1424.19,185.1447,1239.0453
2028-05-15 00:00:00,Clothing,Credit Card,Regular,2,406.43,0.18,812.86,146.3148,666.5452
2028-05-15 06:00:00,Electronics,Credit Card,Regular,1,2291.89,0.27,2291.89,618.8103,1673.0796999999998
2028-05-15 12:00:00,Home & Kitchen,Debit Card,Regular,5,2211.02,0.14,11055.1,1547.7140000000002,9507.386
2028-05-15 18:00:00,Home & Kitchen,Credit Card,Regular,3,128.99,0.3,386.97,116.09100000000001,270.879
2028-05-16 00:00:00,Electronics,UPI,Regular,1,1891.68,0.18,1891.68,340.5024,1551.1776
2028-05-16 06:00:00,Groceries,Credit Card,Regular,2,1655.89,0.05,3311.78,165.58900000000003,3146.1910000000003
2028-05-16 12:00:00,Electronics,Credit Card,New,2,1930.96,0.06,3861.92,231.71519999999998,3630.2048
2028-05-16 18:00:00,Clothing,Debit Card,Regular,5,1261.53,0.21,6307.65,1324.6064999999999,4983.0435
2028-05-17 00:00:00,Electronics,Credit Card,New,3,2478.88,0.02,7436.64,148.7328,7287.907200000001
2028-05-17 06:00:00,Electronics,Cash,Regular,3,157.43,0.14,472.29,66.12060000000001,406.1694
2028-05-17 12:00:00,Groceries,Debit Card,New,6,624.21,0.04,3745.26,149.81040000000002,3595.4496000000004
2028-05-17 18:00:00,Clothing,Credit Card,Regular,1,1021.54,0.13,1021.54,132.8002,888.7398
2028-05-18 00:00:00,Beauty,UPI,New,6,1151.96,0.22,6911.76,1520.5872000000002,5391.1728
2028-05-18 06:00:00,Beauty,UPI,Regular,2,2307.35,0.14,4614.7,646.058,3968.642
2028-05-18 12:00:00,Home & Kitchen,Debit Card,New,2,1422.01,0.05,2844.02,142.201,2701.819
2028-05-18 18:00:00,Electronics,Debit Card,Regular,7,160.52,0.08,1123.64,89.89120000000001,1033.7488
2028-05-19 00:00:00,Home & Kitchen,Credit Card,Regular,5,1049.26,0.11,5246.3,577.0930000000001,4669.207
2028-05-19 06:00:00,Groceries,Cash,New,5,1070.4,0.02,5352.0,107.04,5244.96
2028-05-19 12:00:00,Beauty,Credit Card,Regular,3,2415.45,0.18,7246.349999999999,1304.3429999999998,5942.007
2028-05-19 18:00:00,Electronics,UPI,Regular,6,1518.03,0.18,9108.18,1639.4723999999999,7468.707600000001
2028-05-20 00:00:00,Groceries,Cash,Regular,2,1607.35,0.02,3214.7,64.294,3150.406
2028-05-20 06:00:00,Groceries,Cash,Regular,7,1797.47,0.12,12582.29,1509.8748,11072.415200000001
2028-05-20 12:00:00,Electronics,Cash,New,1,1936.6,0.12,1936.6,232.39199999999997,1704.2079999999999
2028-05-20 18:00:00,Groceries,Credit Card,Regular,7,1605.88,0.1,11241.16,1124.116,10117.044
2028-05-21 00:00:00,Electronics,UPI,New,4,631.13,0.17,2524.52,429.1684,2095.3516
2028-05-21 06:00:00,Electronics,Debit Card,Regular,1,2191.41,0.1,2191.41,219.141,1972.2689999999998
2028-05-21 12:00:00,Clothing,Credit Card,Regular,5,1843.69,0.12,9218.45,1106.214,8112.236000000001
2028-05-21 18:00:00,Home & Kitchen,Debit Card,New,1,1867.58,0.24,1867.58,448.21919999999994,1419.3608
2028-05-22 00:00:00,Groceries,Cash,New,2,2491.56,0.05,4983.12,249.156,4733.964
2028-05-22 06:00:00,Groceries,Cash,New,6,2016.19,0.19,12097.14,2298.4566,9798.6834
2028-05-22 12:00:00,Clothing,Credit Card,Regular,7,2081.42,0.15,14569.94,2185.491,12384.449
2028-05-22 18:00:00,Clothing,UPI,Regular,3,2380.94,0.09,7142.82,642.8538,6499.9662
2028-05-23 00:00:00,Clothing,Cash,Regular,6,420.28,0.22,2521.68,554.7696,1966.9103999999998
2028-05-23 06:00:00,Beauty,Debit Card,Regular,4,1269.43,0.17,5077.72,863.2124000000001,4214.5076
2028-05-23 12:00:00,Beauty,Debit Card,Regular,3,1472.39,0.14,4417.17,618.4038,3798.7662
2028-05-23 18:00:00,Beauty,Credit Card,New,4,856.73,0.2,3426.92,685.384,2741.536
2028-05-24 00:00:00,Electronics,Debit Card,New,4,2106.54,0.24,8426.16,2022.2784,6403.8816
2028-05-24 06:00:00,Groceries,UPI,Regular,2,1917.93,0.29,3835.86,1112.3994,2723.4606000000003
2028-05-24 12:00:00,Home & Kitchen,Cash,Regular,2,1816.16,0.19,3632.32,690.1408,2942.1792
2028-05-24 18:00:00,Electronics,Debit Card,New,5,2493.02,0.26,12465.1,3240.9260000000004,9224.173999999999
2028-05-25 00:00:00,Groceries,Debit Card,Regular,5,685.48,0.0,3427.4,0.0,3427.4
2028-05-25 06:00:00,Groceries,Cash,Regular,4,1851.87,0.16,7407.48,1185.1968,6222.2832
2028-05-25 12:00:00,Clothing,Credit Card,Regular,6,1400.94,0.06,8405.64,504.3383999999999,7901.3016
2028-05-25 18:00:00,Clothing,Debit Card,Regular,5,816.82,0.03,4084.1000000000004,122.52300000000001,3961.577
2028-05-26 00:00:00,Electronics,Credit Card,New,2,443.44,0.16,886.88,141.9008,744.9792
2028-05-26 06:00:00,Clothing,Credit Card,Regular,5,2244.92,0.22,11224.6,2469.4120000000003,8755.188
2028-05-26 12:00:00,Groceries,Debit Card,Regular,4,1508.87,0.12,6035.48,724.2575999999999,5311.2224
2028-05-26 18:00:00,Clothing,UPI,Regular,7,2071.09,0.2,14497.630000000001,2899.5260000000003,11598.104000000001
2028-05-27 00:00:00,Beauty,Credit Card,New,3,1386.1,0.15,4158.299999999999,623.7449999999999,3534.5549999999994
2028-05-27 06:00:00,Clothing,Debit Card,New,6,588.94,0.13,3533.6400000000003,459.37320000000005,3074.2668000000003
2028-05-27 12:00:00,Groceries,Credit Card,Regular,6,876.99,0.09,5261.9400000000005,473.57460000000003,4788.365400000001
2028-05-27 18:00:00,Electronics,Cash,Regular,1,984.77,0.11,984.77,108.32469999999999,876.4453
2028-05-28 00:00:00,Home & Kitchen,UPI,Regular,5,2433.69,0.1,12168.45,1216.845,10951.605000000001
2028-05-28 06:00:00,Clothing,UPI,Regular,6,63.8,0.19,382.79999999999995,72.73199999999999,310.068
2028-05-28 12:00:00,Groceries,Cash,New,7,2464.88,0.03,17254.16,517.6247999999999,16736.5352
2028-05-28 18:00:00,Home & Kitchen,Cash,Regular,7,2452.13,0.03,17164.91,514.9472999999999,16649.9627
2028-05-29 00:00:00,Home & Kitchen,Credit Card,Regular,2,2490.57,0.2,4981.14,996.2280000000001,3984.9120000000003
2028-05-29 06:00:00,Beauty,Cash,New,3,1217.64,0.16,3652.92,584.4672,3068.4528
2028-05-29 12:00:00,Home & Kitchen,UPI,Regular,2,2411.33,0.13,4822.66,626.9458,4195.7142
2028-05-29 18:00:00,Groceries,Cash,New,5,1019.22,0.05,5096.1,254.80500000000004,4841.295
2028-05-30 00:00:00,Groceries,Debit Card,Regular,4,114.42,0.12,457.68,54.9216,402.7584
2028-05-30 06:00:00,Clothing,Debit Card,Regular,7,599.65,0.24,4197.55,1007.412,3190.138
2028-05-30 12:00:00,Clothing,Credit Card,New,7,2365.98,0.27,16561.86,4471.702200000001,12090.1578
2028-05-30 18:00:00,Clothing,UPI,Regular,1,83.72,0.21,83.72,17.5812,66.1388
2028-05-31 00:00:00,Home & Kitchen,Debit Card,New,1,1387.69,0.02,1387.69,27.753800000000002,1359.9362
2028-05-31 06:00:00,Home & Kitchen,Cash,Regular,7,235.22,0.2,1646.54,329.308,1317.232
2028-05-31 12:00:00,Beauty,Debit Card,Regular,3,751.67,0.07,2255.0099999999998,157.8507,2097.1593
2028-05-31 18:00:00,Clothing,Debit Card,New,6,265.83,0.09,1594.98,143.5482,1451.4318
2028-06-01 00:00:00,Electronics,Credit Card,Regular,6,2155.85,0.06,12935.099999999999,776.1059999999999,12158.993999999999
2028-06-01 06:00:00,Beauty,Cash,New,7,1498.12,0.23,10486.84,2411.9732000000004,8074.8668
2028-06-01 12:00:00,Electronics,Cash,Regular,6,2260.16,0.19,13560.96,2576.5824,10984.3776
2028-06-01 18:00:00,Home & Kitchen,Cash,Regular,1,1736.47,0.18,1736.47,312.5646,1423.9054
2028-06-02 00:00:00,Beauty,Credit Card,Regular,4,2429.02,0.2,9716.08,1943.2160000000001,7772.864
2028-06-02 06:00:00,Beauty,Cash,Regular,6,1299.2,0.07,7795.200000000001,545.6640000000001,7249.536000000001
2028-06-02 12:00:00,Groceries,Cash,Regular,2,1614.84,0.13,3229.68,419.8584,2809.8215999999998
2028-06-02 18:00:00,Home & Kitchen,Debit Card,Regular,7,1461.96,0.19,10233.720000000001,1944.4068000000002,8289.3132
2028-06-03 00:00:00,Home & Kitchen,Debit Card,Regular,6,1236.44,0.19,7418.64,1409.5416,6009.098400000001
2028-06-03 06:00:00,Beauty,Cash,Regular,4,2122.6,0.24,8490.4,2037.696,6452.704
2028-06-03 12:00:00,Home & Kitchen,UPI,New,7,1629.09,0.09,11403.63,1026.3266999999998,10377.3033
2028-06-03 18:00:00,Beauty,UPI,Regular,3,2013.22,0.23,6039.66,1389.1218000000001,4650.5382
